Pack,Subject,LM_No,Learning_Module,Book_Q_No,Question,Option_A,Option_B,Option_C,Correct_Option,Correct_Answer_Text,Book_Explanation,Added_Explanation,Flags
Equity & Ethics,Equity Investments,1,Market Organization and Structure,1,Which of the following financial intermediaries is most likely to provide liquidity service to its clients?,Brokers,Dealers,Exchanges,B,Dealers,"Correct. The service that dealers provide is liquidity. Liquidity is the ability to buy or sell with low transaction costs when investors want to trade. By allowing their clients to trade when they want to trade, dealers provide liquidity to them.",,
Equity & Ethics,Equity Investments,1,Market Organization and Structure,2,"An investor writes a put option on FTSE 100 Index futures. Which of the following best describes the investor's position with respect to the put contract and her exposure to the underlying index future, respectively?","Long, short","Short, long","Short, short",B,"Short, long","Correct. The investor has written a put contract, which means she is short the option. She, therefore, must satisfy the obligation to purchase the asset if requested to do so by the put owner. The investor has a long exposure to the risk of the underlying index future because she benefits when its quoted price increases—that is, when the put declines in value (or suffers a loss when its quoted price decreases as the put increases in value).",,
Equity & Ethics,Equity Investments,1,Market Organization and Structure,3,"If securities are purchased on margin with a maximum leverage ratio of 1.75, the minimum margin requirement is closest to:",43%.,57%.,75%.,B,57%.,"Correct because the maximum leverage ratio associated with a position financed by the minimum margin requirement is one divided by the minimum margin requirement. Or, MLR = 1 / MMR and MMR = 1 / MLR. In this case: the minimum margin requirement (MMR) = 1 / 1.75 = 57%.",,
Equity & Ethics,Equity Investments,1,Market Organization and Structure,4,"When a company raises common equity capital in the public market, the company most likely:",moves money from the present to the future.,agrees to make scheduled distributions in the future.,is required to meet regulatory reporting requirements.,C,is required to meet regulatory reporting requirements.,"Correct because when a company sells common stock to raise capital, regulatory reporting requirements and accounting standards attempt to ensure the production of meaningful financial disclosures.",,
Equity & Ethics,Equity Investments,1,Market Organization and Structure,5,"A trader reports the following information about an equity investment which was sold after 1 year:
| Number of shares purchased | 2,000 |
| Leverage ratio | 3 |
| Purchase price per share | $12.00 |
| Sale price per share | $9.50 |
| Call money rate per year | 3% |
The trader's equity value as a result of the trade is closest to:",$460.00,"$2,520.00","$3,000.00",B,"$2,520.00","Correct because the remaining equity can be calculated as:
Proceeds on sale – payoff amount borrowed – payoff loan interest
Amount paid to purchase shares = $12 × 2,000 = $24,000
Equity investment = $24,000 / 3 = $8,000
Amount borrowed = $24,000 - $8,000 = $16,000
Interest on loan = $16,000 × 3% = $480
Therefore, remaining equity = 2,000 × $9.5 – $16,000 – 3% × $16,000 = $19,000 – $16,000 – $480 = $2,520.",,
Equity & Ethics,Equity Investments,1,Market Organization and Structure,6,Order matching rules in order-driven trading systems are used to:,match buy orders to sell orders.,determine the prices at which the orders submitted by dealers are matched.,determine the prices at which the orders submitted by customers are matched.,A,match buy orders to sell orders.,Correct because the order matching rules match buy orders to sell orders.,,
Equity & Ethics,Equity Investments,1,Market Organization and Structure,7,A sell order that instructs the broker to obtain the best price immediately available without specifying a minimum price is a:,stop order.,limit order.,market order.,C,market order.,Correct because a market order instructs the broker or exchange to obtain the best price immediately available when filling the order.,,
Equity & Ethics,Equity Investments,1,Market Organization and Structure,8,Which of the following is an objective of market regulation?,Controlling agency problems only,Ensuring that long-term liabilities are funded only,Both controlling agency problems and ensuring that long-term liabilities are funded,C,Both controlling agency problems and ensuring that long-term liabilities are funded,"Correct because the objectives of market regulation include both controlling agency problems and ensuring that long-term liabilities are funded. In total, the objectives of market regulation are:
1. control fraud.
2. control agency problems.
3. promote fairness.
4. set mutually beneficial standards.
5. prevent undercapitalized financial firms from exploiting their investors by making excessively risky investments; and
6. ensure that long-term liabilities are funded.",,
Equity & Ethics,Equity Investments,1,Market Organization and Structure,9,"If a European investor believes the US equity market will decline in the next three months, the transaction most likely to allow the investor to profit from this view is the purchase of a:",put option.,call option.,currency swap.,A,put option.,"Correct because option holders generally will exercise call options if the strike price is below the market price of the underlying instrument, in which case, they will be able to buy at a lower price than the market price. Similarly, they will exercise put options if the strike price is above the underlying instrument price so that they will sell at a higher price than the market price. Therefore, if the investor purchases a put option and the US market declines, they will profit by buying at the lower market price and selling at the higher strike price.",,
Equity & Ethics,Equity Investments,1,Market Organization and Structure,10,When issuers sell securities to investors:,they trade in the primary market.,they trade in the secondary market.,funds flow between the primary and the secondary market.,A,they trade in the primary market.,"Correct because when issuers sell securities to investors, practitioners say that they trade in the primary market.",,
Equity & Ethics,Equity Investments,1,Market Organization and Structure,11,"If the price of a stock bought on 30% margin increases by 40%, the return on equity to the buyer is closest to:",52%.,75%.,133%.,C,133%.,"Correct because the return on equity to a margin position is calculated by multiplying the unleveraged return by the financial leverage ratio. The financial leverage ratio is equal to 1/margin. In this case, financial leverage is 1/0.30 = 3.3333, so the return on equity = 40% × 3.3333 = 133.33%, which is closest to 133%.",,
Equity & Ethics,Equity Investments,1,Market Organization and Structure,12,In which markets are government bills most likely traded?,Money markets,Capital markets,Alternative investment markets,A,Money markets,"Correct because money markets trade debt instruments maturing in one year or less. The most common such instruments are repurchase agreements, negotiable certificates of deposit, and government bills.",,
Equity & Ethics,Equity Investments,1,Market Organization and Structure,13,Financial intermediaries that help their clients arrange seasoned securities offerings are best known as:,investment banks.,commercial banks.,multi-lateral trading facilities.,A,investment banks.,"Correct because investment banks provide advice to their mostly corporate clients and help them arrange transactions such as initial and seasoned securities offerings. Additionally, a seasoned security is a security that an issuer has already issued. If the issuer wants to sell additional units of a previously issued security, it makes a seasoned offering (sometimes called a secondary offering).",,
Equity & Ethics,Equity Investments,1,Market Organization and Structure,14,"In the secondary market, funds flow from:",traders to traders.,issuers to investors.,investors to issuers.,A,traders to traders.,"Correct because when investors sell securities to others, they trade in the secondary market. In the secondary market, funds flow between traders.",,
Equity & Ethics,Equity Investments,1,Market Organization and Structure,15,Short sellers are most likely exposed to:,unlimited gains and limited losses.,limited gains and unlimited losses.,unlimited gains and unlimited losses.,B,limited gains and unlimited losses.,"Correct because short sellers create short positions in securities by borrowing securities from security lenders who are long holders. The short sellers then sell the borrowed securities to other traders. The potential gains on a short position are limited to no more than 100 percent, whereas the potential losses are unbounded.",,
Equity & Ethics,Equity Investments,1,Market Organization and Structure,16,An instruction that indicates when an order may be filled is most likely a(n):,validity instruction.,clearing instruction.,execution instruction.,A,validity instruction.,Correct because validity instructions indicate when the order may be filled.,,
Equity & Ethics,Equity Investments,1,Market Organization and Structure,17,Broker 1 has a minimum margin requirement of 62.5% and Broker 2 has a maximum leverage ratio of 1.6. The maximum financial leverage possible with Broker 1 is:,less than the maximum financial leverage with Broker 2.,equal to the maximum financial leverage with Broker 2.,greater than the maximum financial leverage with Broker 2.,B,equal to the maximum financial leverage with Broker 2.,Correct because the maximum financial leverage is the same at both firms given Broker 1's margin requirement and Broker 2's maximum leverage ratio. Leverage Ratio = 100% / margin requirement: Broker 1 leverage ratio = 100% / 62.5% = 1.6 = Broker 2's leverage ratio.,,
Equity & Ethics,Equity Investments,1,Market Organization and Structure,18,Which of the following is most likely used to raise funds for a capital project?,Equity issuance only,A stock dividend only,Both equity issuance and a stock dividend,A,Equity issuance only,"Correct because companies often raise money for projects by selling (issuing) ownership interests (e.g., corporate common stock or partnership interests). Although these equity instruments legally represent ownership in companies rather than loans to the companies, selling equity to raise capital is simply another mechanism for moving money from the future to the present.",,
Equity & Ethics,Equity Investments,1,Market Organization and Structure,19,Clearing instructions for an order most likely indicate:,how to fill the order.,when the order may be filled.,how to arrange the settlement of the trade.,C,how to arrange the settlement of the trade.,Correct because clearing instructions indicate how to arrange the final settlement of the trade.,,
Equity & Ethics,Equity Investments,1,Market Organization and Structure,20,"A trader gathers the following limit order information about a stock:
| Bid Size (Number of Shares) | Share Price ($) | Offer Size (Number of Shares) |
| 10 | 75.70 | --- |
| 20 | 75.80 | --- |
| --- | 75.90 | 5 |
| --- | 76.00 | 10 |
| --- | 76.10 | 15 |
If the trader submits a fill or kill buy order for 20 shares at a limit price of $76.00, the trader's average price per share for this trade will be closest to:",$75.80.,$75.97.,$76.00.,B,$75.97.,"Correct because a limit order conveys almost the same instruction: Obtain the best price immediately available, but in no event accept a price higher than a specified limit price ($76.00) when buying. Furthermore, immediate or cancel orders (IOC) are good only upon receipt by the broker or exchange. If they cannot be filled in part or in whole, they cancel immediately. In some markets these orders are also known as fill or kill orders. That is, 15 units of the stock would trade or execute immediately at: 5 units at $75.90 and 10 units at $76.00. The average trade price per unit = ((5 × $75.90) + (10 × $76.00)) / 15 ≈ $75.97.",,Book anomaly: explanation conflates Fill or Kill (FOK) with Immediate or Cancel (IOC); strictly an order for 20 shares FOK cannot be filled and would cancel
Equity & Ethics,Equity Investments,1,Market Organization and Structure,21,"A trader buys a stock on margin with the following conditions:
| Purchase price per share | $50 |
| Equity per share | $25 |
| Maintenance margin requirement | 25% |
If the share price declines, the highest price at which the trader will receive a margin call is closest to:",$12.50.,$33.33.,$37.50.,B,$33.33.,"Correct because the original equity of $25 indicates a margin loan of $25 ($50 – $25). At a stock price of $33.33, equity will equal $33.33 less the $25 margin loan, or $8.33, which is 25% of the equity per share. $8.33 / $33.33 ≈ 25%. To reach this answer through calculation, determine where the equity per share equals the 25% margin requirement:
Equity/Share = (P – L)/P = maintenance margin;
Where P = Share price and L = Loan amount;
0.25 = (P – $25)/P; P ≈ $33.33.",,
Equity & Ethics,Equity Investments,1,Market Organization and Structure,22,"An investor buys a security on margin posting 50% of the initial price as equity. All else being equal, if the price declines 25%, the investor's new leverage ratio is closest to:",2,3,4,B,3,"Correct because the leverage ratio is defined as the ratio of the value of the position to the value of the equity investment in it. The leverage ratio indicates how many times larger a position is than the equity that supports it.
The starting leverage = value /equity = 1 / 0.5 = 2
The change in market value is given as 25% decline, implying a new market value of 75%.
With leverage of 2, new equity reduces by 2 × 25% = 50%, 50% × 50% = remaining equity of 25%.
New leverage = new value / new equity = 0.75 / 0.25 = 3.
Expressed alternatively: New leverage = (1 – 0.25) / (0.5 – 0.25) = 3.",,
Equity & Ethics,Equity Investments,1,Market Organization and Structure,23,"When an investment bank guarantees the sale of an entire issue at a negotiated offering price, this best describes a(n):",rights offering.,best effort offering.,underwritten offering.,C,underwritten offering.,Correct because in an underwritten offering—the most common type of offering—the investment bank guarantees the sale of the issue at an offering price that it negotiates with the issuer.,,
Equity & Ethics,Equity Investments,1,Market Organization and Structure,24,"In a well-functioning financial system, changes in asset prices primarily reflect changes in:",execution costs.,the demand for liquidity.,fundamental asset values.,C,fundamental asset values.,Correct because well functioning financial systems are characterized by prices that reflect fundamental values so that prices vary primarily in response to changes in fundamental value and not to demands for liquidity made by uninformed traders (informationally efficient markets).,,
Equity & Ethics,Equity Investments,1,Market Organization and Structure,25,"If the ability of clients to identify competent agents increases, the need for regulation most likely:",decreases.,remains the same.,increases.,A,decreases.,Correct because regulation would not be necessary if customers could identify competent agents and effectively measure their performance. Therefore an increase in client ability to identify competent agents would reduce the need for regulation.,,
Equity & Ethics,Equity Investments,1,Market Organization and Structure,26,"If the cost to fill trades increases, the market's informational efficiency most likely:",decreases.,remains the same.,increases.,A,decreases.,"Correct because how accurately prices reflect fundamental information depends on the costs of obtaining fundamental information and on the liquidity available to well-informed traders. If filling orders is very costly, informed trading may not be profitable. In that case, information-motivated traders will not commit resources to collect and analyze data and they will not trade. Without their research and their associated trading, prices would be less informative.",,
Equity & Ethics,Equity Investments,1,Market Organization and Structure,27,"If 1,000 shares of stock purchased at $30 per share on 75% margin are later sold at $26 per share, the return on equity is closest to:
Correct answer:",–17.8%.,–13.3%.,–10.0%.,A,–17.8%.,"Correct because it has correctly applied margin requirement and calculated the effect of leverage on the return calculation, accordingly:
Cost of purchase = Shares purchased × Purchase price = 1,000 × $30 = $30,000
Initial investment = Equity invested = Cost of purchase × Margin requirement = $30,000 × 75% = $22,500
Proceeds from sale = Shares sold × Sales price = 1,000 × $26 = $26,000
Loss on the position = Proceeds from Sale – Cost of purchase = $26,000 – $30,000 = –$4,000
Return on investment = Loss on the position / Initial investment = –$4,000 / $22,500 = 0.1777... ≈ 17.78%
Alternatively, it can also be calculated as Return on investment = Loss on the position / Cost of purchase / Margin requirement = (–$4,000 / $30,000) / 75% = –0.1777... ≈ –17.78%",,Question stem in book inadvertently includes 'Correct answer:' before Option A
Equity & Ethics,Equity Investments,1,Market Organization and Structure,28,The market structure that uses trade pricing rules to match buyers and sellers is most likely a(n):,brokered market.,order-driven market.,quote-driven market.,B,order-driven market.,"Correct because order-driven trading systems match buyers to sellers using rules that rank the buy orders and the sell orders based on price, and often along with other secondary criteria.",,
Equity & Ethics,Equity Investments,1,Market Organization and Structure,29,Which of the following financial intermediaries most likely buy and sell similar instruments at different prices in different markets?,Dealers,Brokers,Arbitrageurs,C,Arbitrageurs,Correct because arbitrageurs buy and sell identical or essentially similar instruments at different prices in different markets.,,
Equity & Ethics,Equity Investments,1,Market Organization and Structure,30,"An investor purchases a nondividend-paying stock using 35% margin. If the stock price rises by 7%, the total return on this leveraged position is closest to:",9.5%.,10.8%.,20.0%.,C,20.0%.,"Correct because the leverage ratio is 1 / 35% = 2.86, and the leveraged position return is calculated as the leverage ratio × percentage increase (decrease) in equity = 2.86 × 7% = 20%.",,
Equity & Ethics,Equity Investments,1,Market Organization and Structure,31,"An investor purchases stock on margin by posting 25% as equity. If the purchase price was $40 and the sale price was $30, the total return on the leveraged position is closest to:",–100%.,–33%.,–25%.,A,–100%.,"Correct because the maximum leverage ratio associated with a position financed by the minimum margin requirement is one divided by the minimum margin requirement. With a requirement of 25%, the maximum leverage ratio = 100% position / 25% equity = 4.0. The leverage ratio indicates how much more risky a leveraged position is relative to an unleveraged position. The investor's return on the equity investment will be equal to the maximum leverage ratio × change in the stock price. Change in stock price= ($30 – $40) / $40 = –0.25 = –25%. Return on investment = 4 × –25% = 100% loss. Alternatively, initial equity = $40 × 0.25 = $10 per share. With a price decline of $10 ($40 – $30), there is a 100% loss of equity.",,
Equity & Ethics,Equity Investments,1,Market Organization and Structure,32,The maximum initial leverage ratio associated with a position financed by margin is one divided by:,the minimum margin requirement.,one plus the minimum margin requirement.,one minus the minimum margin requirement.,A,the minimum margin requirement.,Correct because the maximum leverage ratio associated with a position financed by the minimum margin requirement is one divided by the minimum margin requirement.,,
Equity & Ethics,Equity Investments,2,Security Market Indexes,33,Management of a price-weighted index most likely entails:,rebalancing only.,reconstitution only.,both rebalancing and reconstitution.,B,reconstitution only.,Correct because price-weighted indexes are not rebalanced because the weight of each constituent security is determined by its price. Reconstitution is the process of changing the constituent securities in an index.,,
Equity & Ethics,Equity Investments,2,Security Market Indexes,34,Which of the following statements best describes hedge fund indexes?,Index constituents are regulated entities,Potential survivorship bias is reduced by voluntary performance reporting,There may be little overlap in index constituents between different indexes offered by different index providers,C,There may be little overlap in index constituents between different indexes offered by different index providers,"Correct because frequently, a hedge fund reports its performance to only one database. The result is little overlap of funds covered by the different indices. With little overlap between their constituents, different global hedge funds indices may reflect very different performance for the hedge fund industry over the same period of time.",,
Equity & Ethics,Equity Investments,2,Security Market Indexes,35,"An analyst gathers the following information about a market-capitalization-weighted index and one of its four constituent stocks:
| Total Market Capitalization (in $ Billions) |
| Stock | 20 |
| Index | 57 |
If the stock price is $30 per share and the index value is 100, the stock's weight in the index is closest to:",25%.,30%.,35%.,C,35%.,"Correct because the stock's weight in a market-capitalization-weighted index = market capitalization of stock / market capitalization of index = $20 billion / $57 billion = 35.08%, which is closest to 35%.",,
Equity & Ethics,Equity Investments,2,Security Market Indexes,36,Security market indices most likely serve as proxies for:,nonsystematic risk.,asset classes in asset allocation models.,the fair value of assets in asset-based valuation models.,B,asset classes in asset allocation models.,Correct because indices play a critical role as proxies for asset classes in asset allocation models.,,
Equity & Ethics,Equity Investments,2,Security Market Indexes,37,A multi-market index is most appropriately used as a benchmark:,for a single country ETF.,for a small-capitalization growth stock manager.,to calculate beta for the portfolio of a global stock manager.,C,to calculate beta for the portfolio of a global stock manager.,"Correct because indexes also serve as market proxies when measuring risk-adjusted performance. The beta of an actively managed portfolio allows investors to form a passive alternative with the same level of systematic risk. In this case, multi-market indexes usually comprise indexes from different countries would serve as benchmarks to calculate beta for the portfolios of global stock managers.",,
Equity & Ethics,Equity Investments,2,Security Market Indexes,38,A world equity index is most likely considered a:,style index.,sector index.,multi-market index.,C,multi-market index.,"Correct because multi-market indexes usually comprise indexes from different countries and regions and are designed to represent multiple security markets. Multi-market indexes may represent multiple national markets, geographic regions, economic development groups, and, in some cases, the entire world. World indexes are of importance to investors who take a global approach to equity investing without any particular bias toward a particular country or region.",,
Equity & Ethics,Equity Investments,2,Security Market Indexes,39,"An analyst gathers the following information about a security index:
| Period | Return (%) |
| 1 | 12 |
| 2 | -8 |
| 3 | 2 |
If the index's value is 100 at the beginning of Period 1, the index's value at the end of Period 3 is closest to:",103,105,106,B,105,"Correct because it is the value of the index at the end of Period 3 = Beginning value × (1+Period 1 return) × (1 + Period 2 return) × (1 + Period 3 return) = 100 × (100 + 12%) × (100 – 8%) × (100 + 2%) ≈ 105.10, which is closest to 105.",,
Equity & Ethics,Equity Investments,2,Security Market Indexes,40,"The beginning value for an index is 1540 and the ending value is 1575. If the income for the period is 55, the total return of the index is closest to:",1.3%.,2.2%.,5.8%.,C,5.8%.,"Correct because the total return of an index is the price appreciation, or change in the value of the price return index, plus income (dividends and/or interest) over the period, expressed as a percentage of the beginning value of the price return index. Total return = (ending index value – beginning index value + income) / beginning index value = (1575 – 1540 + 55) / 1540 = 90 / 1540 = 5.8%.",,
Equity & Ethics,Equity Investments,2,Security Market Indexes,41,Fixed-income indexes most likely:,are more easily replicated than equity indexes.,require the provider to estimate the prices of some constituent securities.,are created from a smaller universe of possible constituent securities than the universe of equity securities.,B,require the provider to estimate the prices of some constituent securities.,"Correct because compared to equity indexes, fixed-income index providers must contact dealers to obtain current prices on constituent securities to update the index or they must estimate the prices of constituent securities using the prices of traded fixed-income securities with similar characteristics.",,
Equity & Ethics,Equity Investments,2,Security Market Indexes,42,"As time passes after inception, the value of the price version of an index is:",less than the value of the total return version.,equal to the value of the total return version.,greater than the value of the total return version.,A,less than the value of the total return version.,"Correct because at inception, the values of the price and total return versions of an index are equal. As time passes, however, the value of the total return index will exceed the value of the price return index.",,
Equity & Ethics,Equity Investments,2,Security Market Indexes,43,A disadvantage of an equal-weighted index is that:,maintaining equal weights requires frequent reconstitution of the index.,securities that represent a relatively large fraction of the target market value are underrepresented.,securities that represent a relatively small fraction of the target market value are underrepresented.,B,securities that represent a relatively large fraction of the target market value are underrepresented.,"Correct because this is considered a disadvantage of an equal weighted index. Equal weighting has a number of disadvantages. Securities that constitute the largest fraction of the target market value are underrepresented, and securities that constitute a small fraction of the target market value are overrepresented.",,
Equity & Ethics,Equity Investments,2,Security Market Indexes,44,An increase in shares held by controlling shareholders most likely impacts the constituent weightings of a(n):,price-weighted index.,equal-weighted index.,float-adjusted market-capitalization-weighted index.,C,float-adjusted market-capitalization-weighted index.,"Correct because float-adjusted market-capitalization-weighted indexes reflect the shares available for public trading (excluding the ones held by controlling shareholders) by multiplying the market price per share by the number of shares available to the investing public (i.e., the float-adjusted market capitalization), which means constituent weights are impacted.",,
Equity & Ethics,Equity Investments,2,Security Market Indexes,45,Equity style indexes most likely represent groups of securities classified by:,geography and sector.,value and/or growth and market capitalization.,asset class and gross domestic product (GDP) weight.,B,value and/or growth and market capitalization.,"Correct because style indices represent groups of securities classified according to market capitalization, value, growth, or a combination of these characteristics. They are intended to reflect the investing styles of certain investors, such as the growth investor, value investor, and small-cap investor.",,
Equity & Ethics,Equity Investments,2,Security Market Indexes,46,"An analyst gathers the following information about an equal-weighted index composed of three stocks:
| Stock | Beginning-of-Period Price | End-of-Period Price |
| 1 | $10 | $8 |
| 2 | $20 | $24 |
| 3 | $30 | $30 |
If there is a 2% return from dividends for each of the three stocks, the total return of the index is:",0%.,2%.,6%.,B,2%.,"Correct because total return measures price appreciation plus interest, dividends, and other distributions. Thus, the total return of an index is the price appreciation, or change in the value of the price return index, plus income (dividends and/or interest) over the period, expressed as a percentage of the beginning value of the price return index. Price return for Stock 1 = ($8 – $10) / $10 = –0.20 = –20%. Total return = price return + dividends = –20% + 2% = –18%. Price return for Stock 2 = ($24 – $20) / $20 = 0.20 = 20%. Total return = 20% + 2% = 22%. Price return for Stock 3 = ($30 – $30) / $30 = 0.00 = 0%. Total return = 0% + 2% = 2%. The total return of the index = (–18% + 22% + 2%) / 3 = 6% / 3 = 2%.",,
Equity & Ethics,Equity Investments,2,Security Market Indexes,47,"Over time, which of the following indexes most likely has portfolio weights that shift away from securities that have increased in relative value and toward securities that have fallen in relative value? A:",price-weighted index,fundamentally weighted index,market-capitalization-weighted index,B,fundamentally weighted index,Correct because fundamentally weighted indexes generally will have a contrarian 'effect' in that the portfolio weights will shift away from securities that have increased in relative value and toward securities that have fallen in relative value whenever the portfolio is rebalanced.,,
Equity & Ethics,Equity Investments,2,Security Market Indexes,48,Which of the following indexes is composed of futures contracts?,Commodity index,Hedge fund index,Broad equity market index,A,Commodity index,Correct because commodity indexes consist of futures contracts on one or more commodities.,,
Equity & Ethics,Equity Investments,2,Security Market Indexes,49,"An analyst gathers the following information about an index and one security in the index:
| Metric | Security | Index |
| Price | €38.00 | --- |
| Shares outstanding | 540 million | --- |
| Sum of the prices of all constituent securities | --- | €808.50 |
| Sum of the market caps of all constituent securities | --- | €420 billion |
| Number of constituent securities | --- | 18 |
Which of the following index-weighting methods most likely gives this security the greatest weight in the index?",Price weighting,Equal weighting,Market capitalization weighting,B,Equal weighting,"Correct because equal weighting results in the largest weight:
Equal weight = 1 / number of constituent securities = 1 / 18 ≈ 5.6%.
Price weight = price of security / sum of all prices of constituent securities = 38 / 808.50 ≈ 4.7%.
Market cap weight = price × shares outstanding / sum of all market caps of constituent securities = €38 × 540m / €420b = €20.52b / €420b ≈ 4.9%.
Alternatively, B is correct because the security's price is less than the average price of the securities in the index and the security's market cap is less than the average market cap of the securities in the index:
Index's average price = sum of all prices of constituent securities / number of constituent securities = €808.50 / 18 ≈ €44.92 > security's price of €38.00.
Index's average market cap = sum of all market caps of constituent securities / number of constituent securities = €420b / 18 ≈ €23.3b > security's market cap of €20.52b (€38.00 × 540mm). The mathematical fact that both these averages are greater than the price and market cap of the individual security means equal weight must be the correct answer.",,
Equity & Ethics,Equity Investments,2,Security Market Indexes,50,Reconstitution of a security index is best described as the process of changing the:,constituent securities in the index.,weights of the constituent securities in the index.,date on which the index provider reviews the constituent securities.,A,constituent securities in the index.,Correct because reconstitution is the process of changing the constituent securities in an index.,,
Equity & Ethics,Equity Investments,2,Security Market Indexes,51,A total return index reflects:,only the prices of constituent securities.,only the reinvestment of all income received since index inception.,both the prices of constituent securities and the reinvestment of all income received since index inception.,C,both the prices of constituent securities and the reinvestment of all income received since index inception.,"Correct, because a total return index, in contrast, reflects not only the prices of the constituent securities but also the reinvestment of all income received since inception.",,
Equity & Ethics,Equity Investments,3,Market Efficiency,52,"With respect to behavioral finance, which of the following is least likely a behavioral bias used to explain pricing anomalies?",Risk aversion,Loss aversion,Overconfidence,A,Risk aversion,"Correct because behavioral finance allows for the possibility that the dislike for risk is not symmetrical, in contrast to the more general models where researchers assume that investors do not like risk (risk aversion), whether the risk is that returns are higher than expected or lower than expected.",,
Equity & Ethics,Equity Investments,3,Market Efficiency,53,"In a highly efficient market, a passive investment strategy most likely has:",higher transaction costs than an active strategy.,lower information-seeking costs than an active strategy.,higher risk-adjusted returns before all expenses than an active strategy.,B,lower information-seeking costs than an active strategy.,"Correct because in a highly efficient market, a passive investment strategy (i.e., buying and holding a broad market portfolio) that does not seek superior risk-adjusted returns is preferred to an active investment strategy because of lower costs (for example, transaction and information-seeking costs).",,
Equity & Ethics,Equity Investments,3,Market Efficiency,54,The observation that a large-capitalization company's stock price is inflated after the company releases unexpected good news at year end is most likely related to the:,value effect.,overreaction effect.,turn-of-the-year effect.,B,overreaction effect.,"Correct because the overreaction effect or anomaly is described as the propensity for investors to overreact to the release of unexpected public information. Therefore, stock prices will be inflated (depressed) for those companies releasing good (bad) information. In other words, inflated (depressed) here means the change of value that is overshooting (undershooting) the fair (intrinsic) value after incorporating the new information, rather than the price action that goes up (down) itself.",,
Equity & Ethics,Equity Investments,3,Market Efficiency,55,A feature of an efficient market is that:,the market reflects all past and present information.,asset prices react to information that is fully anticipated.,"an investor can earn consistent, superior, risk-adjusted returns.",A,the market reflects all past and present information.,Correct because an efficient market is thus a market in which asset prices reflect all past and present information.,,
Equity & Ethics,Equity Investments,3,Market Efficiency,56,"A market where security prices fully reflect all publicly known and available information, but not private information, is:",weak-form efficient.,semi-strong-form efficient.,strong-form efficient.,B,semi-strong-form efficient.,"Correct because in a semi-strong-form efficient market, prices reflect all publicly known and available information.",,
Equity & Ethics,Equity Investments,3,Market Efficiency,57,"In a weak-form efficient market, which of the following information is reflected in security prices?",Historical prices only,Historical prices and historical trading volumes only,"Historical prices, historical trading volumes, and current earnings",B,Historical prices and historical trading volumes only,"Correct because in the weak-form efficient market hypothesis, security prices fully reflect all past market data, which refers to all historical price and trading volume information.",,
Equity & Ethics,Equity Investments,3,Market Efficiency,58,"With respect to behavioral biases, when investors tend to be slow to react to new information and continue to maintain their prior views, this is best described as:",conservatism.,herding behavior.,representativeness.,A,conservatism.,Correct because conservative investors tend to be slow to react to new information and continue to maintain their prior views or forecasts.,,
Equity & Ethics,Equity Investments,3,Market Efficiency,59,The size effect anomaly results when it is observed that on a risk-adjusted basis small cap companies tend to:,underperform equities of large-cap companies.,perform in line with equities of large-cap companies.,outperform equities of large-cap companies.,C,outperform equities of large-cap companies.,Correct because the size effect results from the observation that equities of small-cap companies tend to outperform equities of large-cap companies on a risk-adjusted basis.,,
Equity & Ethics,Equity Investments,3,Market Efficiency,60,Behavioral finance:,suggests that behavioral biases only affect novice investors.,provides a possible explanation for a number of pricing anomalies.,relies on the assumption that people consider all available information in decision-making.,B,provides a possible explanation for a number of pricing anomalies.,"Correct because the focus of much of the work in this area is on the behavioral biases that affect investment decisions. The behavior of individuals, in particular their behavioral biases, has been offered as a possible explanation for a number of pricing anomalies.",,
Equity & Ethics,Equity Investments,3,Market Efficiency,61,Trading by arbitrageurs most likely:,reduces liquidity.,increases pricing discrepancies.,contributes to market efficiency.,C,contributes to market efficiency.,Correct because arbitrageurs are traders who engage in such trades to benefit from pricing discrepancies (inefficiencies) in markets. Such trading activity contributes to market efficiency. The presence of these arbitrageurs helps pricing discrepancies disappear quickly.,,
Equity & Ethics,Equity Investments,3,Market Efficiency,62,Decreased market efficiency is most likely associated with an increase in:,transaction costs.,financial disclosure.,the number of market participants.,A,transaction costs.,"Correct because an increase in transaction costs will increase the price discrepancy between market price and efficient price. Higher transaction costs make it more expensive for traders to exploit market inefficiencies, thereby decreasing market efficiency. Inefficiencies may also be unexploitable if the amount of the transaction cost offsets the amount of the price discrepancy. A price discrepancy must be sufficiently large to leave the investor with a profit (adjusted for risk) after taking account of the transaction costs and information-acquisition costs to reach the conclusion that the discrepancy may represent a market inefficiency.",,
Equity & Ethics,Equity Investments,3,Market Efficiency,63,"In contrast to the market value of an equity security, intrinsic value is most likely:",not known with certainty.,constant throughout the life of the security.,determined by the intersection of supply and demand.,A,not known with certainty.,"Correct because market value is the price at which an asset can currently be bought or sold. Intrinsic value (sometimes called fundamental value) is, broadly speaking, the value that would be placed on it by investors if they had a complete understanding of the asset's investment characteristics. Intrinsic value can be estimated but is not known for certain.",,
Equity & Ethics,Equity Investments,3,Market Efficiency,64,The January effect is an example of:,loss aversion.,an earnings surprise.,a market pricing anomaly.,C,a market pricing anomaly.,"Correct because the January effect, has been observed in most equity markets around the world. This anomaly is also known as the ""turn-of-the-year"" effect. The January effect is a time series anomaly and is an observed pricing anomaly.",,
Equity & Ethics,Equity Investments,3,Market Efficiency,65,"According to the efficient market hypothesis, if market prices reflect private information, the market is most likely:",strong-form efficient.,weak-form efficient only.,"semi-strong-form efficient, but not strong-form efficient.",A,strong-form efficient.,"Correct because in the case of a strong-form efficient market, insiders would not be able to earn abnormal returns from trading on the basis of private information. Market prices reflect private information under strong form market efficiency.",,
Equity & Ethics,Equity Investments,3,Market Efficiency,66,Which of the following market anomalies is best described as a time-series anomaly?,Size effect,Momentum,Initial Public Offerings,B,Momentum,Correct because the momentum anomaly is best described as a time-series anomaly. Momentum anomalies relate to short-term share price patterns where past price movements continued through time to move in the same direction.,,
Equity & Ethics,Equity Investments,3,Market Efficiency,67,Fundamental analysis most likely:,uses stock price patterns to trade.,is an input for passive portfolio management.,helps participants understand the value implications of information.,C,helps participants understand the value implications of information.,Correct because fundamental analysis is necessary in a well-functioning market because this analysis helps the market participants understand the value implications of information.,,
Equity & Ethics,Equity Investments,3,Market Efficiency,68,"Over the long run, if a market is semi-strong-form efficient, which of the following investment strategies should result in the highest return to investors? A(n):",passive investment strategy,active trading strategy seeking to exploit price patterns,active trading strategy seeking to exploit public information,A,passive investment strategy,"Correct because if securities markets are weak-form and semi-strong-form efficient, the implication is that active trading, whether attempting to exploit price patterns or public information, is not likely to generate abnormal returns. In other words, portfolio managers cannot beat the market on a consistent basis, so therefore, passive portfolio management should outperform active portfolio management.",,
Equity & Ethics,Equity Investments,3,Market Efficiency,69,In which of the following forms of market efficiency are investors able to consistently outperform the market using fundamental analysis?,Weak-form market efficiency,Semi-strong-form market efficiency,Strong-form market efficiency,A,Weak-form market efficiency,"Correct because in the weak form of market efficiency, market prices reflect all past market data; however, it does not incorporate all public information. Therefore, investors may use fundamental analysis to outperform the market.",,
Equity & Ethics,Equity Investments,4,Overview of Equity Securities,70,The voting method that allows shareholders to cast all their votes for a single candidate is best described as:,proxy voting.,statutory voting.,cumulative voting.,C,cumulative voting.,"Correct because cumulative voting allows shareholders to direct their total voting rights to specific candidates, as opposed to statutory voting having to allocate their voting rights evenly among all candidates.",,
Equity & Ethics,Equity Investments,4,Overview of Equity Securities,71,Management is more likely to focus on short-term results instead of long-term earnings growth if a company raises equity through:,venture capital.,a leveraged buyout.,an initial public offering.,C,an initial public offering.,"Correct because in operating a publicly traded company, management often feels pressured to focus on short-term results (e.g., meeting quarterly sales and earnings targets from analysts biased toward near-term price performance) instead of operating the company to obtain long-term sustainable revenue and earnings growth.",,
Equity & Ethics,Equity Investments,4,Overview of Equity Securities,72,Common shares that are tradeable on different stock exchanges in different currencies are best described as:,global registered shares.,global depository receipts.,a basket of listed depository receipts.,A,global registered shares.,Correct because a global registered share (GRS) is a common share that is traded on different stock exchanges around the world in different currencies.,,
Equity & Ethics,Equity Investments,4,Overview of Equity Securities,73,The book value of a company's equity is:,the present value of its future cash flows.,the difference between its total assets and total liabilities.,its share price multiplied by the number of outstanding shares.,B,the difference between its total assets and total liabilities.,Correct because the book value of a company's equity is the difference between its total assets and total liabilities.,,
Equity & Ethics,Equity Investments,4,Overview of Equity Securities,74,"All else being equal, which of the following preference shares pays the lowest dividend?",Putable,Callable,Non-callable,A,Putable,"Correct because from an investor's point of view, putable common or preference shares are less risky than their callable or non-callable counterparts because they give the investor the option to sell the shares to the issuer at a pre-determined price. As a result, putable shares generally pay a lower dividend than non-putable shares.",,
Equity & Ethics,Equity Investments,4,Overview of Equity Securities,75,Which of the following is least likely to directly affect a company's book value?,Changes in the company's net income,Purchases by the company of its own shares,Investor estimates of the company's future cash flows,C,Investor estimates of the company's future cash flows,Incorrect because changes in a company's net income directly affect the book value of the company.,"[ADDED BY CLAUDE, not in book] Book value of equity reflects historical accounting values recorded on the balance sheet (assets minus liabilities). Investor estimates of future cash flows determine market value and intrinsic value, but do not directly alter the financial accounting records that dictate book value.","Explanation written for wrong option (explains why A is incorrect instead of why C is correct, labeled 'Incorrect because')"
Equity & Ethics,Equity Investments,4,Overview of Equity Securities,76,A company's ROE most likely decreases if shareholders' equity increases at:,a lower rate than net income.,the same rate as net income.,a higher rate than net income.,C,a higher rate than net income.,Correct because ROE can increase if net income increases at a faster rate than shareholders' equity or if net income decreases at a slower rate than shareholders' equity.,,
Equity & Ethics,Equity Investments,4,Overview of Equity Securities,77,Global depository receipts are most likely:,issued outside the US.,listed on US exchanges.,denominated in the currency of the issuing company.,A,issued outside the US.,Correct because a global depository receipt (GDR) is issued outside of the company's home country and outside of the United States.,,
Equity & Ethics,Equity Investments,4,Overview of Equity Securities,78,"If investors believe a company has a large number of positive net present value investment opportunities, the company's book value will most likely be:",less than the market value.,equal to the market value.,greater than the market value.,A,less than the market value.,"Correct because the market value of the company's equity reflects investor's collective assessment and expectations about the company's future cash flows generated by its positive net present value investment opportunities. If investors believe that the company has a large number of these future cash flow-generating investment opportunities, the market value of the company's equity will exceed its book value.",,
Equity & Ethics,Equity Investments,4,Overview of Equity Securities,79,Investors' minimum required rate of return on a company's stock is most directly measured by the:,CAPM.,company's ROE.,company's WACC.,A,CAPM.,Correct because two models commonly used to estimate a company's cost of equity (or investors' minimum required rate of return) are the dividend discount model (DDM) and the capital asset pricing model (CAPM).,,
Equity & Ethics,Equity Investments,4,Overview of Equity Securities,80,Which of the following methods of raising capital most likely provides mezzanine financing to early-stage companies?,Venture capital,Initial public offering (IPO),Private investment in public equity (PIPE),A,Venture capital,"Correct because venture capital investments provide 'seed' or start-up capital, early-stage financing, or mezzanine financing to companies that are in the early stages of development and require additional capital for expansion.",,
Equity & Ethics,Equity Investments,4,Overview of Equity Securities,81,Which of the following types of preference shares entitles shareholders to receive an additional dividend if the company's profits exceed a pre-specified level?,Cumulative,Convertible,Participating,C,Participating,Correct because participating preference shares entitle the shareholders to receive the standard preferred dividend plus the opportunity to receive an additional dividend if the company's profits exceed a pre- specified level.,,
Equity & Ethics,Equity Investments,4,Overview of Equity Securities,82,Management actions most directly affect a company's:,book value.,market value.,intrinsic value.,A,book value.,Correct because management actions can directly affect the book value of the company (by increasing net income or by selling or purchasing its own shares).,,
Equity & Ethics,Equity Investments,4,Overview of Equity Securities,83,The discounted value of a company's future projected cash flows is best described as its:,book value.,market value.,intrinsic value.,C,intrinsic value.,Correct because the company's intrinsic value is the present value of its future projected cash flows.,,
Equity & Ethics,Equity Investments,4,Overview of Equity Securities,84,Which of the following shareholder groups benefits the most by using cumulative voting?,Preference shareholders,Shareholders with a large number of shares,Shareholders with a small number of shares,C,Shareholders with a small number of shares,"Correct because cumulative voting allows shareholders to direct their total voting rights to specific candidates, as opposed to having to allocate their voting rights evenly among all candidates. The key benefit to cumulative voting is that it allows shareholders with a small number of shares to apply all of their votes to one candidate, thus providing the opportunity for a higher level of representation on the board than would be allowed under statutory voting.",,
Equity & Ethics,Equity Investments,4,Overview of Equity Securities,85,"In a management buyout transaction, a public company is most likely privatized through the:",issue of new shares to management.,issue of new shares by management.,purchase of publicly listed shares by management.,C,purchase of publicly listed shares by management.,"Correct because a leveraged buyout (LBO) occurs when a group of investors (such as the company's management or a private equity partnership) uses a large amount of debt to purchase all of the outstanding common shares of a publicly traded company. In cases where the group of investors acquiring the company is primarily comprised of the company's existing management, the transaction is referred to as a management buyout (MBO). After the shares are purchased, they cease to trade on an exchange and the investor group takes full control of the company. In other words, the company is taken ""private"" or has been privatized.",,
Equity & Ethics,Equity Investments,4,Overview of Equity Securities,86,"If a company raises equity capital in order to continue as a going concern rather than fund revenue-generating activities, the capital is most likely used to:",acquire other companies.,purchase long-lived assets.,ensure that debt covenants are met.,C,ensure that debt covenants are met.,"Correct because a company may be forced to raise capital to ensure that it continues to operate as a going concern. In these cases, capital is raised to fulfill regulatory requirements, improve capital adequacy ratios, or to ensure that debt covenants are met.",,
Equity & Ethics,Equity Investments,4,Overview of Equity Securities,87,Preference shares that provide the investor with an opportunity to share in the profits of the company are best described as:,cumulative.,convertible.,non-cumulative.,B,convertible.,Correct because convertible preference shares allow investors the opportunity to share in the profits of the company.,,
Equity & Ethics,Equity Investments,4,Overview of Equity Securities,88,"Common shares most likely rank above preference shares with respect to:
Correct answer:",voting rights.,the payment of dividends.,the distribution of the company's net assets upon liquidation.,A,voting rights.,Correct because preference shareholders generally do not share in the operating performance of the company and do not have any voting rights.,,Question stem in book inadvertently includes 'Correct answer:' before Option A
Equity & Ethics,Equity Investments,4,Overview of Equity Securities,89,"All else being equal, convertible preference shares most likely:",are more volatile than the underlying common shares.,pay lower dividends than the underlying common shares.,allow investors to share in the underlying company's profits after conversion.,C,allow investors to share in the underlying company's profits after conversion.,Correct because convertible preference shares allow investors the opportunity to share in the profits of the company.,,
Equity & Ethics,Equity Investments,5,Company Analysis: Past and Present,90,Downside and upside risk factors are most likely included in:,an initial company research report only.,a subsequent company research report only.,both initial and subsequent company research reports.,C,both initial and subsequent company research reports.,"Correct because downside and upside risk factors are part of the company research report element ""Risks"" which is not only part of the initial company research report elements but also listed amongst the five elements for the subsequent company research report: 1. Front Matter, 2. Recommendation, 3. Analysis of New Information, 4. Valuation and 5. Risks.",,
Equity & Ethics,Equity Investments,5,Company Analysis: Past and Present,91,A natural resources company having access to cheap energy most likely will be able to sell its output:,at market price.,above market price.,at a price unilaterally set by management.,A,at market price.,"Correct because in the most competitive markets, where firms are selling nearly identical products, firms are price takers—that is, price is dictated by the forces of supply and demand—and all firms generally sell at the same price, i.e. the prevailing market price. Other attributes of highly competitive markets include little to no product differentiation, low barriers to firm entry, available substitutes, a lack of customer loyalty, and low switching costs for customers. Many markets fit this description, including retail, oil and gas and other natural resources.",,
Equity & Ethics,Equity Investments,5,Company Analysis: Past and Present,92,Which of the following is best described as a source of capital?,Debt issuances,Share repurchases,Positive net working capital,A,Debt issuances,"Correct because issuing debt will raise money for a company and so is a source of capital, not a use.",,
Equity & Ethics,Equity Investments,5,Company Analysis: Past and Present,93,"Within Porter's five forces framework, the power of buyers within an industry is most likely influenced by the:",industry concentration.,availability of lower priced alternative brands.,number of customers for the industry's products.,C,number of customers for the industry's products.,"Correct because the smaller the number of buyers, the more likely buyer power will increase: Bargaining Power of Customers. Affected by: size and concentration of customers, costs of switching to other suppliers, customers' ability to produce the product or service themselves. Are customers able to force price reductions or better payment terms? This can affect the intensity of competition by exerting influence on suppliers regarding prices (and possibly other factors such as product quality). For example, auto parts companies generally sell to a small number of auto manufacturers, which allows those customers, the auto manufacturers, to be tough negotiators when it comes to setting prices.",,
Equity & Ethics,Equity Investments,5,Company Analysis: Past and Present,94,The Global Industry Classification Standard's broadest level of classification is a(n):,sector.,industry.,industry group.,A,sector.,Incorrect because a sector is the broadest level of classification. Each industry belongs to an industry group; and each group belongs to a sector.,"[ADDED BY CLAUDE, not in book] The Global Industry Classification Standard (GICS) organizes companies into four hierarchical levels: Sector (broadest, level 1), Industry Group (level 2), Industry (level 3), and Sub-Industry (most specific, level 4). Therefore, sector is the broadest level of classification.",Book explanation labeled 'Incorrect because' despite option A being the correct answer
Equity & Ethics,Equity Investments,5,Company Analysis: Past and Present,95,External factors affecting an industry's growth most likely include:,cost structures.,economies of scale.,technological influences.,C,technological influences.,"Correct because external factors affecting an industry's growth include macroeconomic, technological, demographic, governmental, and social influences.",,
Equity & Ethics,Equity Investments,5,Company Analysis: Past and Present,96,Commercial industry classification systems are most likely updated:,less frequently than government classification systems.,as frequently as government classification systems.,more frequently than government classification systems.,C,more frequently than government classification systems.,"Correct because most government and commercial classification systems are reviewed and, if necessary, updated from time to time. Generally, commercial classification systems are adjusted more frequently than government classification systems, which may be updated only every five years or so.",,
Equity & Ethics,Equity Investments,5,Company Analysis: Past and Present,97,Porter's five determinants of the intensity of competition in an industry do not include the:,power of buyers.,threat of substitutes.,position of a company in its life-cycle stage.,C,position of a company in its life-cycle stage.,"Correct because the position of a company in its life-cycle stage is not part of Porter's five forces. The five forces are: threat of entry, power of suppliers, power of buyers, threat of substitutes, and rivalry among existing competitors.",,
Equity & Ethics,Equity Investments,5,Company Analysis: Past and Present,98,Which of the following best describes an industry-level force in a thorough industry analysis?,Threat of new entrants,Demographic influences,Technological influences,A,Threat of new entrants,"Correct because industry-level forces driving industry competition include: threat of new entrants, substitution threats, customer and supplier bargaining forces, the competitive forces in the industry (rivalry), life-cycle issues, and business-cycle considerations.",,
Equity & Ethics,Equity Investments,5,Company Analysis: Past and Present,99,Which of the following industries or sectors is most likely classified as cyclical?,Utilities,Industrials,Health care,B,Industrials,"Correct because examples of cyclical industries and broader sectors are autos, housing, basic materials, industrials, and technology.",,
Equity & Ethics,Equity Investments,5,Company Analysis: Past and Present,100,Industry classification systems are developed and used by:,commercial entities only.,governmental agencies only.,both commercial entities and governmental agencies.,C,both commercial entities and governmental agencies.,Correct because industry classification systems are developed and used by both commercial entities and various governmental agencies.,,
Equity & Ethics,Equity Investments,5,Company Analysis: Past and Present,101,Which of the following is considered an external influence on industry growth?,Social trends,Barriers to entry,Industry concentration,A,Social trends,"Correct because external factors affecting an industry's growth include macroeconomic, technological, demographic, governmental, and social influences.",,
Equity & Ethics,Equity Investments,5,Company Analysis: Past and Present,102,Industries whose revenues and profits are least affected by fluctuations in the overall economy are most likely:,growth industries.,cyclical industries.,defensive industries.,C,defensive industries.,"Correct because defensive industries and companies are those whose revenues and profits are least affected by fluctuations in overall economic activity. These industries/companies tend to produce staple consumer goods (e.g., bread), to provide basic services (grocery stores, drug stores, fast food outlets).",,
Equity & Ethics,Equity Investments,5,Company Analysis: Past and Present,103,Which of the following is most likely a demographic influence on industry growth?,Lifestyle,Distribution of age,Spending behavior,B,Distribution of age,"Correct because changes in distribution of age happen due to demographic influence. Changes in population size, in the distributions of age and gender, and in other demographic characteristics may have significant effects on economic growth and on the amounts and types of goods and services consumed.",,
Equity & Ethics,Equity Investments,5,Company Analysis: Past and Present,104,"Which of the following statements about forecasting selling, general and administrative (SG&A) expenses is most accurate?",General corporate costs are mostly variable costs,Selling and distribution expenses can be modeled as a percentage of sales,Overall SG&A expenses have a more direct relationship with revenues than cost of goods sold,B,Selling and distribution expenses can be modeled as a percentage of sales,Correct because selling and distribution expenses often have a large variable component and can be modeled as a percentage of sales.,,
Equity & Ethics,Equity Investments,5,Company Analysis: Past and Present,105,Which of the following statements about scenario analysis is most accurate?,Scenario analysis provides a point estimate forecast,Forecast scenarios can be compared to forecasts implied by current valuations,Generic risk factors in scenario analysis are assumed to affect all companies in the same way,B,Forecast scenarios can be compared to forecasts implied by current valuations,"Correct because investors compare these scenarios with other analysts' (e.g., sell-side analysts') forecasts for a company, as well as forecasts implied by current valuations, to make investment decisions.",,
Equity & Ethics,Equity Investments,5,Company Analysis: Past and Present,106,Which financial statement forecasting approach is best suited for companies in highly cyclical industries?,Historical results,Management guidance,Analyst's discretionary forecasts,C,Analyst's discretionary forecasts,"Correct because analyst's discretionary forecasts include those based on surveys, quantitative models, probability distributions, analogies to historical precedents that differ from comparable companies or industry averages, and other unobservable inputs. This approach is most common for companies in cyclical industries, companies that have no or few comparables, those that do not provide management guidance, and/or those undergoing a fundamental change like a shift in the competitive or regulatory environment.",,
Equity & Ethics,Equity Investments,5,Company Analysis: Past and Present,107,Which of the following forecast objects for a bank's revenue is best classified as a top-down driver?,Net interest income,Growth in market share,Growth in the number of branches,B,Growth in market share,"Correct because forecast objects for revenues are typically either top-down or bottom-up drivers. Common top-down forecast objects include 'growth relative to GDP growth' and 'market growth and market share.' The analyst first forecasts a growth rate for a company's product market, and then considers the company's current market share and how that share is likely to change over time.",,
Equity & Ethics,Equity Investments,5,Company Analysis: Past and Present,108,Depreciation expense is best used in forecasting:,growth capital expenditure only.,maintenance capital expenditure only.,both growth capital expenditure and maintenance capital expenditure.,B,maintenance capital expenditure only.,"Correct because depreciation expense can serve as the basis for maintenance capital expenditures, as it is management's estimate of the cost of fixed assets expensed on the income statement in a manner that tracks its use.",,
Equity & Ethics,Equity Investments,6,Equity Valuation: Concepts and Basic Tools,109,Asset-based valuation most likely uses estimates of the company's:,assets only.,assets and liabilities only.,"assets, liabilities, and projected cash flow.",B,assets and liabilities only.,Correct because an asset-based valuation of a company uses estimates of the market or fair value of the company's assets and liabilities.,,
Equity & Ethics,Equity Investments,6,Equity Valuation: Concepts and Basic Tools,110,A stock dividend:,is relevant for valuation of a company.,involves a reduction in the number of shares outstanding.,does not affect the shareholders' proportional ownership in the company.,C,does not affect the shareholders' proportional ownership in the company.,"Correct because a stock dividend divides the ""pie"" (the market value of shareholders' equity) into smaller pieces without affecting the value of the pie or any shareholder's proportional ownership in the company.",,
Equity & Ethics,Equity Investments,6,Equity Valuation: Concepts and Basic Tools,111,"All else being equal, a reverse stock split results in:",a decrease in the number of shares and an increase in the share price.,an increase in the number of shares and a decrease in the share price.,an increase in the number of shares and an increase in the share price.,A,a decrease in the number of shares and an increase in the share price.,Correct because a reverse stock split involves a reduction in the number of shares outstanding with a corresponding increase in share price.,,
Equity & Ethics,Equity Investments,6,Equity Valuation: Concepts and Basic Tools,112,"In dividend payment chronology, the ex-dividend date most likely comes after the:",record date.,payment date.,declaration date.,C,declaration date.,"Correct because first is the declaration date, the day that the company issues a statement declaring a specific dividend. Next comes the ex-dividend date (or ex- date), the first date that a share trades without (i.e., ""ex"") the dividend.",,
Equity & Ethics,Equity Investments,6,Equity Valuation: Concepts and Basic Tools,113,"All else being equal, which of the following are equivalent to stock dividends in terms of the economic effect on the company and shareholders?",Stock splits,Cash dividends,Share repurchases,A,Stock splits,"Correct because a stock dividend divides the ""pie"" (the market value of shareholders' equity) into smaller pieces without affecting the value of the pie or any shareholder's proportional ownership in the company. Thus, stock dividends are not relevant for valuation. Stock splits and reverse stock splits are similar to stock dividends in that they have no economic effect on the company or shareholders.",,
Equity & Ethics,Equity Investments,6,Equity Valuation: Concepts and Basic Tools,114,A firm reports negative earnings for the year just ended. The price multiple of the firm's stock that is least likely to be meaningful is:,price to cash flow.,trailing price to earnings.,leading price to earnings.,B,trailing price to earnings.,Correct. Negative earnings in the last year result in a negative ratio of trailing price to earnings and are not meaningful. Practitioners may use the ratio of (1) current price to cash flow or (2) leading price to earnings by replacing last year's loss with forecasted earnings.,,
Equity & Ethics,Equity Investments,6,Equity Valuation: Concepts and Basic Tools,115,"A $25 par value non-callable, non-convertible preferred share pays an annual dividend rate of 5%. If the required rate of return is 4%, the preferred share's intrinsic value is closest to:",$25.25.,$26.00.,$31.25.,C,$31.25.,"Correct because the estimated intrinsic value (V0) is: , where D0 = dividend, and r = the required rate of return. The D0 = par value × annual dividend rate = $25 × 0.05 = $1.25. V0 = $1.25 / 0.04 = $31.25.",,
Equity & Ethics,Equity Investments,6,Equity Valuation: Concepts and Basic Tools,116,"An analyst gathers the following information about a company's shares:
| Dividend payable per share | $0.50 |
| Ex-date | 20 August |
| Closing share price on 19 August | $29.00 |
All else being equal, at the beginning of trading on 20 August, the company's shares will most likely trade at:",$28.50.,$29.00.,$29.50.,A,$28.50.,"Correct because the ex-dividend date (or ex-date) is the first date that a share trades without (i.e., 'ex') the dividend. Because buyers of a company's shares on the ex-dividend date are no longer eligible to receive the upcoming dividend, all else being equal, on that day the company's share price immediately decreases by the amount of the foregone dividend. If the share traded at $29.00 on 19 August (the day before ex-date) and the upcoming dividend is $0.50, then all else being equal, the shares would trade at $28.50 ($29.00 - $0.50) on the ex-date.",,
Equity & Ethics,Equity Investments,6,Equity Valuation: Concepts and Basic Tools,117,"An analyst gathers the following information about a company and its common stock:
| Forward P/E | 8 |
| Required rate of return | 12% |
| Dividend growth rate | 4% |
Using the Gordon growth model, the company's dividend payout ratio is closest to:",8%.,33%.,64%.,C,64%.,"Correct because according to the Gordon growth model equations and therefore where E1 forecast for next year's earnings, p = dividend payout ratio, D1 = forward dividend, r = require rate of return, and g = dividend growth rate, the dividend payout ratio p = 8.0 × (0.12 – 0.04) = 0.64 = 64%.",,
Equity & Ethics,Equity Investments,6,Equity Valuation: Concepts and Basic Tools,118,"An analyst gathers the following information about a company and the economy:
| Current share price | €36 |
| Forward P/E ratio | 22 |
| Nominal risk-free rate | 2.5% |
| Risk premium | 6.0% |
| Expected retention rate | 60% |
The best estimate of the company's dividend growth rate is:",5.8%.,6.7%.,7.4%.,B,6.7%.,"Correct because justified forward P/E = p / (r – g), where p = payout ratio = (1 – retention rate) and r = required rate of return = nominal risk-free rate + risk premium.
22 = (1 – 0.60) / ((0.025 + 0.06) – g).
22 = 0.40 / (0.085 – g) and g = 0.0668 ≈ 6.7%.",,
Equity & Ethics,Equity Investments,6,Equity Valuation: Concepts and Basic Tools,119,"All else being equal, an increase in which of the following most likely increases a company's enterprise value?",Book value of debt,Market value of investments,Market value of preferred stock,C,Market value of preferred stock,"Correct because enterprise value is most frequently determined as market capitalization plus market value of preferred stock plus market value of debt minus cash and investments (cash equivalents and short-term investments). Therefore, enterprise value increases with an increase in the market value of preferred stock.",,
Equity & Ethics,Equity Investments,6,Equity Valuation: Concepts and Basic Tools,120,Enterprise value is most likely associated with:,multiplier models.,present value models.,asset-based valuation models.,A,multiplier models.,"Correct because multiplier models are based chiefly on share price multiples or enterprise value multiples. Enterprise value (EV) multiples have the form (Enterprise value)/(Value of a fundamental variable). Two possible choices for the denominator are earnings before interest, taxes, depreciation, and amortization (EBITDA) and total revenue.",,
Equity & Ethics,Equity Investments,6,Equity Valuation: Concepts and Basic Tools,121,"An analyst gathers the following information about an industry and three comparable companies within the industry:
| Metric | Company 1 | Company 2 | Company 3 | Industry Average |
| Price/sales | 8.9 | 3.2 | 5.7 | 6.2 |
| Price/book | 5.7 | 2.6 | 2.3 | 4.7 |
Based only on this information, the most overvalued company is:",Company 1.,Company 2.,Company 3.,A,Company 1.,"Correct because Company 1's P/S and P/B are both the highest compared to those of its two peers and the industry average. All else being equal, high P/S and P/B multiples point to relatively expensive valuations. Therefore, in the absence of conflict between the indications given by P/S and P/B (as both measures are the highest for the same company), the company most likely to be overvalued is Company 1.",,
Equity & Ethics,Equity Investments,6,Equity Valuation: Concepts and Basic Tools,122,"An analyst gathers the following book value information about a company and its common shares:
| Inventories | €20 million |
| Net fixed assets | €80 million |
| Total assets | €150 million |
| Total liabilities | €90 million |
| Shares outstanding | 4 million |
The analyst estimates the market value of net fixed assets to be 125% of book value and the market value of inventories to be 90% of book value. If the stock is currently trading at €19.50 per share, the asset-based value per share is most likely:",less than the market price.,equal to the market price.,greater than the market price.,B,equal to the market price.,Correct because the asset-based per share value is: market value of assets less market value liabilities = (Total assets + increase in net fixed assets – decrease in inventories – total liabilities) / shares outstanding = [(150 + ((80 × 1.25) – 80) + ((20 × 0.90) – 20) – 90)] / 4 = (150 + 20 – 2 – 90) / 4 = 19.50. This is the same as the market price.,,
Equity & Ethics,Equity Investments,6,Equity Valuation: Concepts and Basic Tools,123,"All else being equal, which of the following has the same effect on shareholders' wealth as a cash dividend?",A stock split,A stock dividend,A share repurchase,C,A share repurchase,"Correct because a share repurchase is viewed as equivalent to the payment of cash dividends of equal value in terms of the effect on shareholders' wealth, all other things being equal.",,
Equity & Ethics,Equity Investments,6,Equity Valuation: Concepts and Basic Tools,124,Asset-based valuation models are most appropriate for companies with a high proportion of:,illiquid assets.,current assets.,intangible assets.,B,current assets.,Correct because asset-based valuations work well for companies that do have a high proportion of current assets and current liabilities.,,
Equity & Ethics,Equity Investments,6,Equity Valuation: Concepts and Basic Tools,125,The dividend discount model assumes that dividends are paid:,quarterly.,half yearly.,at the end of each year.,C,at the end of each year.,"Correct because according to the dividend discount model, each year's dividend Dt is the expected dividend in year t, assumed to be paid at the end of the year.",,
Equity & Ethics,Equity Investments,6,Equity Valuation: Concepts and Basic Tools,126,"When using a multiplier model, the fundamental variable is stated on:",a trailing basis only.,a forward basis only.,either a trailing basis or a forward basis.,C,either a trailing basis or a forward basis.,"Correct because the fundamental variable may be stated on a forward basis (e.g., forecasted EPS for the next year) or a trailing basis (e.g., EPS for the past year), as long as the usage is consistent across companies being examined.",,
Equity & Ethics,Equity Investments,6,Equity Valuation: Concepts and Basic Tools,127,A free-cash-flow-to-equity model is a(n):,multiplier model.,present value model.,asset-based valuation model.,B,present value model.,Correct because present value models include free-cash-flow-to-equity models.,,
Equity & Ethics,Equity Investments,6,Equity Valuation: Concepts and Basic Tools,128,"An analyst gathers the following information about common shares:
| Metric | Company | Peer Group |
| Dividend payout ratio | 40% | 50% |
| Estimated future dividend growth rate | 5% | 4% |
If the investor's required rate of return is 9%, the company's justified forward P/E is:",less than the peer group's justified forward P/E.,the same as the peer group's justified forward P/E.,greater than the peer group's justified forward P/E.,B,the same as the peer group's justified forward P/E.,Correct because the company's justified forward P/E is the same as the peer group's justified forward P/E. The company's justified forward P/E = p / (r – g) = 0.40 / (0.09 – 0.05) = 10.0. The peer group's justified forward P/E = 0.50 / (0.09 – 0.04) = 10.0.,,
Equity & Ethics,Equity Investments,6,Equity Valuation: Concepts and Basic Tools,129,"An analyst gathers the following information about a company and its historical price multiples:
| Metric | Current | Historical |
| EPS | $3.00 | --- |
| Cash flow per share | $4.00 | --- |
| Book value per share | $40.00 | --- |
| P/B | --- | 0.6 |
| P/E | --- | 12.0 |
| P/CF | --- | 8.0 |
Based only on this information, if the share price is $30, the company's shares are most likely overvalued based on:",P/B.,P/E.,P/CF.,A,P/B.,"Correct because the P/B value for the company is $30 / $40 = 0.75, which is above the benchmark ratio of 0.6, indicating the shares are overvalued based on P/B (i.e. the ratio is higher than the benchmark). Both the P/E and P/CF ratios for the company are below their respective benchmarks, and therefore are not overvalued on that basis.",,
Equity & Ethics,Equity Investments,6,Equity Valuation: Concepts and Basic Tools,130,"A non-callable, non-convertible perpetual preferred share pays a level dividend of $1.20 with a current market price of $20. If an investor has a required rate of return of 6%, the preferred shares are most likely:",undervalued.,fairly valued.,overvalued.,B,fairly valued.,"Correct because the market price is equal to the calculated value based on the stated rate of return. Since the preferred share pays a perpetual level dividend, its value is V0 = D0/r = $1.20/0.06 = $20. If the estimated value equals the market price, the analyst infers the security is fairly valued.",,
Equity & Ethics,Equity Investments,6,Equity Valuation: Concepts and Basic Tools,131,"An analyst gathers the following information about a company:
| Estimated forward P/E ratio | 8 |
| Retention rate | 45% |
If the investor's required rate of return is 10%, the company's ROE is closest to:",6.9%.,8.0%.,9.7%.,A,6.9%.,"Correct because P0/E1 = p/(r – g), where g = b × ROE
Restating the equation we arrive at: P0/E1 = p/(r – (b × ROE)) where:
p = dividend payout ratio = (1 – retention rate) = (1 – b)
r = required rate of return on the stock
g = dividend growth rate = retention rate × ROE
Therefore, P0/E1 = p/(r – (b × ROE)) is rearranged as: P0/E1 = (1 – b)/(r – (b × ROE))
Rearranging this equation we arrive at: ROE = (((1 – b)/(P0/E1)) – r)/–b
ROE = (((1 – 45%)/8) – 10%)/–45% ≈ 6.9%.",,
Equity & Ethics,Equity Investments,6,Equity Valuation: Concepts and Basic Tools,132,"An analyst gathers the following data for three companies in the same industry (in millions):
| Company | Enterprise Value (EV) | Earnings Before Interest, Taxes, Depreciation, & Amortization (EBITDA) |
| 1 | $100 | $8 |
| 2 | $150 | $10 |
| 3 | $200 | $15 |
Based on enterprise value multiples, which of the three companies is likely the most undervalued?",Company 1,Company 2,Company 3,A,Company 1,"Correct because EV is often viewed as the cost of a takeover and EBITDA is a proxy for operating cash flow. Companies with relatively low EV/EBITDA multiples are likely to be undervalued.
Company 1 has the lowest EV/EBITDA multiple among the three.
Company 1: EV/EBITDA = 100,000,000 / 8,000,000 = 12.5;
Company 2: EV/EBITDA = 150,000,000 / 10,000,000 = 15.0;
Company 3: EV/EBITDA = 200,000,000 / 15,000,000 = 13.3.",,
Equity & Ethics,Equity Investments,6,Equity Valuation: Concepts and Basic Tools,133,A company's perpetual preferred stock has a $100 par value and a $1.50 quarterly dividend. The required rate of return is 5%. The intrinsic value of the preferred stock is most likely:,less than the par value.,equal to the par value.,greater than the par value.,C,greater than the par value.,"Correct because the dividend yield is 6% ((4 × 1.50) / 100) which is higher than the required return (5%), so the preferred shares will be valued above par. Alternatively, the intrinsic value (V0) = D0 / r, where D0 is the preferred stock's constant annual dividend and r is the required rate of return. V0 = (4 × 1.50) / 0.05 = $120 which is higher than the par value.",,
Equity & Ethics,Equity Investments,6,Equity Valuation: Concepts and Basic Tools,134,"An analyst valuing a stock makes the following assumptions:
• the required return does not change,
• the dividend growth rate does not change,
• the dividend growth rate is less than the required return.
The most appropriate model to value this stock is the:",Gordon growth model.,two-stage dividend discount model.,three-stage dividend discount model.,A,Gordon growth model.,Correct because the assumptions of the Gordon model are as follows: Dividends are the correct metric to use for valuation purposes; The dividend growth rate is forever: It is perpetual and never changes; The required rate of return is also constant over time; The dividend growth rate is strictly less than the required rate of return.,,
Equity & Ethics,Equity Investments,6,Equity Valuation: Concepts and Basic Tools,135,"An analyst gathers the following information about a company and its non-callable, non-convertible, perpetual preferred stock:
| Estimated EPS growth rate | 6.00% |
| Par value per share | €25.00 |
| Dividend per share (annual) | €1.55 |
If the analyst estimates the intrinsic value to be €26.00 per share, the required rate of return is closest to:",5.96%.,6.20%.,6.32%.,A,5.96%.,"Correct because the intrinsic value of a non-callable, non-convertible, perpetual preferred share is: V0 = D0 / r. Solving for r = D0 / V0 = €1.55 / €26.00 ≈ 5.96%.",,
Equity & Ethics,Equity Investments,6,Equity Valuation: Concepts and Basic Tools,136,"An analyst gathers the following information about a common stock:
| Current dividend (D0) | €1.10 |
| Dividend growth rate: Years 1 and 2 | 15% |
| Dividend growth rate: Year 3 and beyond | 3% |
| Required rate of return on equity | 7% |
The stock's intrinsic value is closest to:",€33.90.,€34.22.,€35.17.,C,€35.17.,"Correct because the stock's value based on the multistage dividend discount model is as follows:
V0 = D0 × (1 + gS) / (1 + r) + D0 × (1 + gS)^2 / (1 + r)^2 + P2 / (1 + r)^2
V0 = D0 × (1 + gS) / (1 + r) + D0 × (1 + gS)^2 / (1 + r)^2 + (D0 × (1 + gS)^2 × (1 + gL)) / (r – gL)) / (1 + r)^2
V0 = (1.10 × 1.15) / 1.07 + (1.10 × 1.15^2) / 1.07^2 + ((1.10 × 1.15^2 × 1.03) / (0.07 – 0.03)) / 1.07^2
V0 = €35.17.
Where: V0 = intrinsic value of stock
Dt = dividend at time t
r = required rate of return
gS = dividend growth rate for year 1 and year 2
gL = dividend growth rate for year 3 and beyond.",,
Equity & Ethics,Equity Investments,6,Equity Valuation: Concepts and Basic Tools,137,"An analyst gathers the following per share estimates for a company's stock:
| Year 1 dividend (D1) | $4.00 |
| Year 2 dividend (D2) | $4.40 |
| Stock price at end of Year 2 | $50.00 |
Using the dividend discount model, if the required rate of return is 10% and the stock's current market price is $50.00, the stock is most likely:",undervalued.,fairly valued.,overvalued.,C,overvalued.,"Correct because using the dividend discount model, the stock's intrinsic value (V0) is given by:
intrinsic value =
where:
V0 = value of a share of stock today, at t = 0;
Dt = expected dividend in year t, assumed to be paid at the end of the year;
r = required rate of return on the stock
n = number of holding periods; in this case n = 2
Therefore, V0 = $4.00/(1+10%) + $4.40/(1+10%)^2 + $50.00/(1+10%)^2 = $3.64 + $3.64 + $41.32 = $48.60. Therefore the stock's intrinsic value is less than the current market price for the stock ($50.00) and as such the stock is considered overvalued. If the estimated value is less than the market price, the analyst infers the security is overvalued.",,
Equity & Ethics,Equity Investments,6,Equity Valuation: Concepts and Basic Tools,138,The free-cash-flow-to-equity model:,excludes net borrowings.,can be used to value non-dividend paying stocks.,requires an estimate of future dividend payments.,B,can be used to value non-dividend paying stocks.,Correct because analysts may also use FCFE valuation models for a non-dividend-paying stock.,,
Equity & Ethics,Equity Investments,6,Equity Valuation: Concepts and Basic Tools,139,At which of the following days does a buyer of a company's shares first become no longer eligible to receive a dividend?,Day before the ex-dividend date,Ex-dividend date,Day after the ex-dividend date,B,Ex-dividend date,"Correct because buyers of a company's shares on the ex-dividend date are no longer eligible to receive the upcoming dividend, all else being equal, on that day the company's share price immediately decreases by the amount of the foregone dividend.",,
Equity & Ethics,Equity Investments,6,Equity Valuation: Concepts and Basic Tools,140,An advantage of using price multiples in valuation is most likely that multiples:,allow easy cross-sectional comparisons.,are not affected by differences in accounting rules.,for cyclical companies are relatively stable over the economic cycle.,A,allow easy cross-sectional comparisons.,"Correct because the major advantage of using price multiples is that they allow for relative comparisons, both cross-sectional (versus the market or another comparable) and in time series. The approach can be especially beneficial for analysts who are assigned to a particular industry or sector and need to identify the expected best performing stocks within that sector. Price multiples are popular with investors because the multiples can be calculated easily and many multiples are readily available from financial websites and newspapers.",,
Equity & Ethics,Ethical and Professional Standards,1,Ethics and Trust in the Investment Profession,1,A profession is most likely described as a group of people that:,has a common level of basic knowledge about a particular subject.,monitors its members based on an agreed-on code of ethics.,puts the interests of its members first.,B,monitors its members based on an agreed-on code of ethics.,"Correct. A profession is practiced by members who share and agree to adhere to a common code of ethics, and a profession is based on a specialized knowledge and skills and service to others.",,
Equity & Ethics,Ethical and Professional Standards,1,Ethics and Trust in the Investment Profession,2,Most societies would least likely consider ethical principles to include:,justice.,duplicity.,diligence.,B,duplicity.,"Correct. Most societies acknowledge the ethical principles of honesty, fairness or justice, diligence, and respect for the rights of others. Duplicity or deception would be in violation of most ethical principles.",,
Equity & Ethics,Ethical and Professional Standards,2,Code of Ethics and Standards of Professional Conduct,3,Oversight of the Professional Conduct Program is the responsibility of the:,Professional Conduct staff.,Disciplinary Review Committee.,CFA Institute Board of Governors.,C,CFA Institute Board of Governors.,"Correct because the CFA Institute Board of Governors maintains oversight and responsibility for the Professional Conduct Program (PCP), which, in conjunction with the Disciplinary Review Committee (DRC), is responsible for enforcement of the Code and Standards.",,
Equity & Ethics,Ethical and Professional Standards,2,Code of Ethics and Standards of Professional Conduct,4,Which of the following is one of the seven CFA Institute Standards of Professional Conduct?,Duties to Employers,Performance Integrity,Disclosure of Transactions,A,Duties to Employers,Correct because Duties to Employers is Standard IV.,,
Equity & Ethics,Ethical and Professional Standards,2,Code of Ethics and Standards of Professional Conduct,5,The CFA Institute Code of Ethics (the Code) and Standards of Professional Conduct (the Standards) require members to:,encourage others to practice in a professional and ethical manner only.,promote the integrity and viability of the global capital markets for the ultimate benefit of the investment profession only.,both encourage others to practice in a professional and ethical manner and promote the integrity and viability of the global capital markets for the ultimate benefit of the investment profession.,A,encourage others to practice in a professional and ethical manner only.,Correct because the Code of Ethics and Standards of Professional Conduct states that members of CFA Institute (including CFA charterholders) and candidates for the CFA designation (Members and Candidates) must practice and encourage others to practice in a professional and ethical manner that will reflect credit on themselves and the profession.,,
Equity & Ethics,Ethical and Professional Standards,3,Guidance for Standards I–VII,6,"Robin Herring, CFA, is a government bond research analyst at an independent credit rating agency. A competitor credit rating agency just downgraded the bonds of a government Herring follows. Herring notes that all of the information in the competitor's report was covered in his analysis published last week. In the past, Herring has been slow to downgrade bonds, so he starts to doubt his own analysis after seeing the competitor's report. Herring decides to reissue his credit rating of this government bond and match the competitor's downgrade. In his revised report, Herring states that new information has been made available to justify the downgrade. Herring posts the revision on the credit rating agency's website and provides it by email to all clients who received the original. Herring's rating change least likely violated which of the following Standards?",Fair dealing,Diligence and reasonable basis,Communication with clients and prospective clients,A,Fair dealing,"Correct because the analyst has dealt fairly with all clients by sending them an email and posting his rating change on the credit rating agency's website when making material changes to his prior investment recommendation; therefore, he has not violated the Standard relating to fair dealing. Clients should be treated fairly when material changes in a member's or candidate's prior investment recommendations are disseminated, which has been done.",,
Equity & Ethics,Ethical and Professional Standards,3,Guidance for Standards I–VII,7,"Thomas Huang, CFA, is an investment advisor for Newline Partners (NP). NP has an agreement with brokerage firm Ridge Capital (RC). Huang refers clients to RC in exchange for compensation. RC pays a cash fee to NP for referrals. Before entering into formal agreements for services, Huang makes the following disclosure to NP's clients: ""Please note that Newline Partners receives an annual cash percentage fee from Ridge Capital for the referral of clients."" Huang omits disclosure of the estimated dollar value of the referrals. Has Huang violated the Standards?",No,"Yes, by accepting a cash fee for referral of clients","Yes, by not disclosing the estimated dollar value of the fee",C,"Yes, by not disclosing the estimated dollar value of the fee","Correct because according to Standard VI(C), Referral Fees, members must disclose both the nature of the consideration and the estimated dollar value. Appropriate disclosure means that members and candidates must advise the client or prospective client, before entry into any formal agreement for services, of any benefit given or received for the recommendation of any services provided by the member or candidate. In addition, the member or candidate must disclose the nature of the consideration or benefit—for example, flat fee or percentage basis, one-time or continuing benefit, based on performance, benefit in the form of provision of research or other noncash benefit—together with the estimated dollar value. Consideration includes all fees, whether paid in cash, in soft dollars, or in kind.",,
Equity & Ethics,Ethical and Professional Standards,3,Guidance for Standards I–VII,8,"Marianne Lynn is registered for the CFA Level I exam. A few weeks after registration, she realizes that she is unable to prepare for the exam due to work commitments, so she informs CFA Institute that she declines to sit for the exam. Afterwards, shortly before the exam date, she posts on social media that she is a CFA candidate. Separately, Thomas Petrov, CFA, posts his investment views anonymously on social media and tags his post using ""#CFAcharter."" Who has violated the Standards?",Lynn only,Petrov only,Both Lynn and Petrov,C,Both Lynn and Petrov,"Correct because according to Standard VII(B), Reference to CFA Institute, the CFA Designation, and the CFA Program, Petrov violates Standard VII(B) because where individuals may anonymously express their opinions, pseudonyms or online profile names created to hide a member's identity should not be tagged with the CFA designation. Lynn violates Standard VII(B) because if an individual is registered for the CFA Program but declines to sit for an exam or otherwise does not meet the definition of a candidate as described in the CFA Institute Bylaws, then that individual is no longer considered an active candidate.",,
Equity & Ethics,Ethical and Professional Standards,3,Guidance for Standards I–VII,9,"Jan Loots, CFA, quit his job as a portfolio manager at an investment firm with which he had a non-solicitation agreement he signed several years ago. Loots received permission to take his investment performance history with him and also took a copy of the firm's software-trading platform. Subsequently, Loots sent out messages on social media sites announcing he was looking for clients for his new investment management firm. Access to Loots' social media sites is restricted to friends, family, and former clients. Loots least likely violated the CFA Institute Standards of Professional Conduct concerning his:",trading software.,non-solicitation agreement.,investment performance history.,C,investment performance history.,"Correct because the portfolio manager received permission to use his investment performance history from his prior employer. The member violated his non-solicitation agreement by indicating his availability to new clients on several social media sites accessible by clients of his former employer. This is a violation of Standard IV(A)–Loyalty because he did not act for the benefit of his former employer. In this case, the member may cause harm to his former employer if his weekend messages result in clients moving to his new business from his former employer. The member also violated this standard by taking his employer's property, trading software.",,
Equity & Ethics,Ethical and Professional Standards,3,Guidance for Standards I–VII,10,"Lisa Hajak, CFA, specialized in research on real estate companies at Cornerstone Country Bank for the past twenty years. Hajak recently started her own investment research firm, Hajak Investment Advisory. One of her former clients at Cornerstone asks Hajak to update a research report she wrote on a real estate company when she was at Cornerstone. Hajak updates the report, which she had copied to her personal computer without the bank's knowledge, and replaces references to the bank with her new firm, Hajak Investment Advisory. Hajak also incorporates the conclusions of a real estate study conducted by the Realtors Association that appeared in the Wall Street Journal. She references the Journal as her source in her report. She provides the revised report free of charge along with a cover letter for the bank's client to become a client of her firm. Concerning the reissued research report, Hajak least likely violated the CFA Institute Standards of Professional Conduct because she:",solicited the bank's client.,did not obtain consent to use the bank report.,did not cite the actual source of the real estate study.,A,solicited the bank's client.,"Correct as soliciting the bank's client did not violate Standard IV(A)–Loyalty because the manager is no longer an employee of the bank and there is no indication she obtained the client information from bank sources. The member, however, has violated Standard V(C)–Record Retention, because when she left the bank she took the property of the bank without express permission to do so. In addition, the analyst violated Standard I(C)–Misrepresentation by creating research materials without attribution, which is demonstrated when the manager adds to the new report a real estate study she saw in the Wall Street Journal, referencing the Journal only. In all instances, a member or candidate must cite the actual source of the information. If she does not obtain the report and review the information, the manager runs the risk of relying on second-hand information that may misstate facts. Best practice would be either to obtain the complete study from its original author and cite only that author or to use the information provided by the intermediary and cite both sources.",,
Equity & Ethics,Ethical and Professional Standards,3,Guidance for Standards I–VII,11,"Amanda Covington, CFA, works for McJan Investment Management. McJan employees must receive prior clearance of their personal investments in accordance with McJan's compliance procedures. To obtain prior clearance, McJan employees must provide a written request identifying the security, the quantity of the security to be purchased, and the name of the broker through which the transaction will be made. Pre-cleared transactions are approved only for that trading day. As indicated below, Covington received prior clearance.
| Security | Quantity | Broker | Prior Clearance |
| A | 100 | Easy Trade | Yes |
| B | 150 | Easy Trade | Yes |
Two days after she received prior clearance, the price of Stock B had decreased, so Covington decided to purchase 250 shares of Stock B only. In her decision to purchase 250 shares of Stock B only, did Covington violate any CFA Institute Standards of Professional Conduct?",No,"Yes, relating to diligence and reasonable basis","Yes, relating to her employer's compliance procedures",C,"Yes, relating to her employer's compliance procedures","Correct because prior clearance processes guard against potential and actual conflicts of interest; members are required to abide by their employer's compliance procedures, Standard VI(B).",,
Equity & Ethics,Ethical and Professional Standards,3,Guidance for Standards I–VII,12,"Wang Dazong, CFA, is a sole proprietor investment advisor. Dazong believes in putting his money at risk along with his clients and trades the same securities as his clients. In order to ensure fair treatment of all accounts, he rotates trade allocations so that each account has an equal likelihood of receiving a fill on their orders. This allocation procedure also applies to Dazong's own account. According to the CFA Institute Code of Ethics and Standards of Professional Conduct, the allocation procedure used by Dazong:",complies with the Standards,requires revision to ensure client trades take precedence,should be disclosed and written approval received from clients,B,requires revision to ensure client trades take precedence,"Correct because Standard VI(B)–requires client transactions to be given precedence over transactions made on behalf of the member's or candidate's firm or personal transactions. Because the advisor trades alongside his clients and allocates trades on a rotating basis, there are times when the advisor's trades will receive priority over his clients in violation of the Code and Standards. A member or candidate having the same investment positions or being co-invested with clients does not always create a conflict. Some clients in certain investment situations require members or candidates to have aligned interests. Personal investment positions or transactions of members or candidates or their firms should never, however, adversely affect client investments.",,
Equity & Ethics,Ethical and Professional Standards,3,Guidance for Standards I–VII,13,Which of the following member actions most likely violates the Standard relating to market manipulation?,Selling one security and buying another to minimize tax liability,Writing misleading posts on social media about the development of a new product,Dividing a large block order into a series of smaller orders to achieve better execution,B,Writing misleading posts on social media about the development of a new product,"Correct because Standard II(B), Market Manipulation, requires members to uphold market integrity by prohibiting market manipulation. Market manipulation includes practices that distort security prices or trading volume with the intent to deceive people or entities that rely on information in the market. This is an example of information-base manipulation as misleading fake information affects other market participants.",,
Equity & Ethics,Ethical and Professional Standards,3,Guidance for Standards I–VII,14,"Linda Barr, CFA, a portfolio manager, receives an unsolicited stock order from a client. She discusses the order with her firm's analysts to determine how it will impact that client's portfolio. The analysts determine the stock to be highly undervalued and suitable for many of Barr's clients. Barr calls clients for whom the stock is suitable to recommend the stock. She then executes a single block trade for the original client as well as other clients for whom the stock is suitable. Barr most likely violated the Standards:",only by executing the single block trade.,only by discussing unsolicited client orders with her analysts.,both by executing the single block trade and by discussing unsolicited client orders with her analysts.,A,only by executing the single block trade.,"Correct because Standard III (E), Preservation of Confidentiality, requires that members and candidates preserve the confidentiality of information communicated to them by their clients, prospective clients, and former clients. Further, if a client or former client expressly authorizes the member or candidate to disclose information, however, the member or candidate may follow the terms of the authorization and provide the information. The unsolicited stock order from the client is confidential. So, Barr must obtain the original client's authorization before recommending the stock to other clients. Therefore, Barr has violated Standard III (E) by executing without the original's client authorization, a single block trade for the original client as well as other clients for whom the stock is suitable.",,
Equity & Ethics,Ethical and Professional Standards,3,Guidance for Standards I–VII,15,Which of the following is a recommended procedure for compliance with the Standard relating to knowledge of the law? Members should encourage their firms to:,distribute summaries of applicable security laws to clients at least annually.,provide written protocols for reporting suspected legal or regulatory violations.,seek the advice of a regulatory agency when in doubt about which action to take regarding potential violations.,B,provide written protocols for reporting suspected legal or regulatory violations.,"Correct because recommended procedures for compliance with Standard I (A), Knowledge of the Law, state: Establish procedures for reporting violations: Firms might provide written protocols for reporting suspected violations of laws, regulations, or company policies.",,
Equity & Ethics,Ethical and Professional Standards,3,Guidance for Standards I–VII,16,Applying standardized criteria for the selection of external managers is a requirement of the Standard relating to:,suitability.,independence and objectivity.,diligence and reasonable basis.,C,diligence and reasonable basis.,"Correct because Standard V (A), Diligence and Reasonable Basis, states members and candidates who are directly involved with the use of external advisers need to ensure that their firms have standardized criteria for reviewing these selected external advisers and managers. Such criteria would include, but would not be limited to, the following:
• reviewing the adviser's established code of ethics,
• understanding the adviser's compliance and internal control procedures,
• assessing the quality of the published return information, and
• reviewing the adviser's investment process and adherence to its stated strategy.
Understanding the managers' compliance procedures is a criteria for selecting external managers.",,
Equity & Ethics,Ethical and Professional Standards,3,Guidance for Standards I–VII,17,A member most likely violates the Standard relating to knowledge of the law if she fails to:,dissociate from unethical conduct.,report illegal activity to the appropriate regulatory organization.,have detailed knowledge of all the laws potentially governing her professional activities.,A,dissociate from unethical conduct.,"Correct because under Standard I(A), Knowledge of the Law, members and candidates have a responsibility to step away and dissociate from the unethical activity. Inaction combined with continuing association with those involved in illegal or unethical conduct may be construed as participation or assistance in the illegal or unethical conduct.",,
Equity & Ethics,Ethical and Professional Standards,3,Guidance for Standards I–VII,18,"Which of the following member actions most likely violates the Standard relating to material nonpublic information?
• Action 1: An analyst buys call options on a stock after learning from the company's CEO that the company will report earnings exceeding analyst expectations
• Action 2: An analyst buys an oil company stock after speaking to a well-known industry expert who believes oil prices will rise due to geopolitical risk",Action 1 only,Action 2 only,both Action 1 and Action 2,A,Action 1 only,"Correct because Standard II(A), Material Nonpublic Information, states that Members and Candidates who possess material nonpublic information that could affect the value of an investment must not act or cause others to act on the information. Also, Members and candidates must not use material nonpublic information to influence their investment actions related to derivatives. Therefore, a member analyst buying call option on a company stock after learning from its CEO that the company will report earnings exceeding analyst expectation is a violation of Standard II(A). In contrast, a member analyst buying an oil company stock after speaking to a well-known industry expert who believes oil prices will rise due to geopolitical risk is not a violation of Standard II(A). This is because a well-known industry expert's view is unlikely to be nonpublic information. Therefore, only Action 1 violates Standard II(A).",,
Equity & Ethics,Ethical and Professional Standards,3,Guidance for Standards I–VII,19,"Iris Hadid, CFA, works as an investment banking analyst. She builds a financial model to value Ski Mountain Lodge (SML). Hadid's friend, Peter Jackson, CFA, works for a different advisory firm. Hadid shares with Jackson details about her analysis to receive his feedback on her valuation of SML. Based on this information, Jackson buys call options on SML. Who has violated the Standards?",Hadid only,Jackson only,Both Hadid and Jackson,C,Both Hadid and Jackson,"Correct because Standard II(A), Material Nonpublic Information, states that Members and Candidates who possess material nonpublic information that could affect the value of an investment must not act or cause others to act on the information. Also, Members and candidates must not use material nonpublic information to influence their investment actions related to derivatives. Hadid caused Jackson to act by telling Jackson about her work on SML. Jackson acts on the information and buys call options on SML. Therefore, both Hadid and Jackson violate Standard II(A).",,
Equity & Ethics,Ethical and Professional Standards,3,Guidance for Standards I–VII,20,"Amy Joy, CFA, works at Parklane Investments Ltd. (PIL). When presenting to PIL's prospective clients, Joy uses a brief investment performance summary and makes available detailed supporting information only upon request. Has Joy violated the Standards?
Correct answer:",No,"Yes, the Standard relating to fair dealing","Yes, the Standard relating to performance presentation",A,No,"Correct because according to Standard III(D), Performance Presentation, if the presentation is brief, the member or candidate must make available to clients and prospects, on request, the detailed information supporting that communication. By making available detailed supporting information on request, Joy does not violate Standard III(D). In addition, Joy does not violate Standard III(B), Fair Dealing, which states that members and Candidates must deal fairly and objectively with all clients when providing investment analysis, making investment recommendations, taking investment action, or engaging in other professional activities.",,Question stem in book inadvertently includes 'Correct answer:' before Option A
Equity & Ethics,Ethical and Professional Standards,3,Guidance for Standards I–VII,21,"Sue Yong, CFA, is an analyst at a large investment firm. After thorough research, she issues a ""buy"" rating on a company and submits her report to her firm's investment committee for review. The committee disagrees with Yong's assumptions in the report. As a result, the report is changed to a ""neutral"" rating. The final report is issued and Yong agrees to leave her name on the report. Has Yong violated the Standards?",No,"Yes, the Standard relating to loyalty, prudence, and care","Yes, the Standard relating to diligence and reasonable basis",A,No,"Correct because according to Standard V (A), Diligence and Reasonable basis, Members and Candidates must:
1. Exercise diligence, independence, and thoroughness in analyzing investments, making investment recommendations, and taking investment actions.
2. Have a reasonable and adequate basis, supported by appropriate research and investigation, for any investment analysis, recommendation, or action.
Additionally, the results of research are not always clear, and different people may have different opinions based on the same factual evidence. In this case, the committee may have valid reasons for issuing a report that differs from the analyst's original research. The firm can issue a report that is different from the original report of an analyst as long as there is a reasonable and adequate basis for its conclusions.
Generally, analysts must write research reports that reflect their own opinion and can ask the firm not to put their name on reports that ultimately differ from that opinion. When the work is a group effort, however, not all members of the team may agree with all aspects of the report. Ultimately, members and candidates can ask to have their names removed from the report, but if they are satisfied that the process has produced results or conclusions that have a reasonable and adequate basis, members and candidates do not have to dissociate from the report even when they do not agree with its contents.
Yong was thorough in her research and There is no evidence to assume that she did not have a reasonable and adequate basis for her recommendation. Additionally there is no violation of the standard relating to loyalty, prudence and care.",,
Equity & Ethics,Ethical and Professional Standards,3,Guidance for Standards I–VII,22,"Rita Melmo, CFA, is an analyst at Greensky Investment (GI). On weekends, she works as a paid employee of a local charity where she negotiates purchase agreements. Melmo does not disclose the charity employment to GI. Melmo is asked to purchase a new truck for the charity and she negotiates a purchase agreement with a local truck dealership. In the purchase agreement, the charity is charged $500 more than the truck's normal sale price. In return, Melmo receives retail vouchers worth $500 from the dealership for her private use. Melmo has most likely violated the Standards:",only by failing to disclose the charity employment to GI.,only by negotiating a purchase agreement in which the charity is charged more than the truck's normal sale price.,both by failing to disclose the charity employment to GI and by negotiating a purchase agreement in which the charity is charged more than the truck's normal sale price.,B,only by negotiating a purchase agreement in which the charity is charged more than the truck's normal sale price.,"Correct because according to Standard I (D), Misconduct, Members and Candidates must not engage in any professional conduct involving dishonesty, fraud, or deceit or commit any act that reflects adversely on their professional reputation, integrity, or competence. Overcharging the charity by any amount is fraud and reflects adversely on Melmo as an investment professional and potentially on her employer and and the investment profession.",,
Equity & Ethics,Ethical and Professional Standards,3,Guidance for Standards I–VII,23,A member believes a colleague is participating in unethical activities at work. The member does not disassociate himself from the activities of his colleague. The member has most likely violated:,only the Standard relating to knowledge of the law.,only the Standard relating to avoid or disclose conflicts.,both the Standard relating to knowledge of the law and the Standard relating to avoid or disclose conflicts.,A,only the Standard relating to knowledge of the law.,"Correct because according to Standard I(A) Knowledge of the Law, if a member or candidate has reasonable grounds to believe that imminent or ongoing client or employer activities are illegal or unethical, the member or candidate must disassociate, or separate, from the activity. Inaction combined with continuing association with those involved in illegal or unethical conduct may be constructed as participation or assistance in the illegal or unethical conduct.",,
Equity & Ethics,Ethical and Professional Standards,3,Guidance for Standards I–VII,24,"According to the Standard relating to independence and objectivity, which of the following is accurate?
• Statement 1: A member should encourage her firm to remove a covered company from a restricted list if the firm is unwilling to permit dissemination of an adverse opinion about the company
• Statement 2: A member is prohibited from accepting benefits from corporate issuers in the form of allocation of shares in oversubscribed IPOs suitable for firm's clients",Statement 1 only,Statement 2 only,Both Statement 1 and Statement 2,B,Statement 2 only,"Correct because according to Standard I (B), Independence and Objectivity, one type of benefit is the allocation of shares in oversubscribed IPOs to investment managers for their personal accounts. This practice affords managers the opportunity to make quick profits that may not be available to their clients. Such a practice is prohibited under Standard I (B). Therefore, a member is prohibited from accepting benefits from corporate issuers in the form of allocation of shares in oversubscribed IPOs that are suitable for firm's clients. So, Statement 2 is accurate.",,
Equity & Ethics,Ethical and Professional Standards,3,Guidance for Standards I–VII,25,"Anita Delgado is a candidate in the CFA Program. After taking the Level II examination, Delgado posts on a social networking website that she found the exam to be very difficult and that in her opinion, the CFA Program and CFA Institute were losing credibility with the public. Has Delgado most likely violated the Standards?",No,"Yes, by posting information about the exam on a public website","Yes, by compromising the reputation or integrity of CFA Institute",A,No,"Correct because Delgado did not violate Standard VII (A), Responsibilities as a CFA Institute Member of CFA Candidate. Candidates are prohibited from disclosing confidential material gained during the exam process but are free to discuss the examination in a general manner, such as the fact that she found the exam difficult. Regarding her opinion about the CFA Institute, a member must not engage in any conduct that compromises the reputation or integrity of CFA Institute. However, Standard VII (A) does not cover expressing opinions regarding the CFA Program or CFA Institute. Therefore, Delgado's voicing her opinion is not a conduct that compromises the reputation or integrity of CFA Institute.",,
Equity & Ethics,Ethical and Professional Standards,3,Guidance for Standards I–VII,26,According to the Standard relating to independence and objectivity:,a gift from a client could be considered supplementary compensation.,compensation arrangements should link analyst remuneration to investment banking assignments.,portfolio managers may report sell-side analysts to covered companies if analysts' changes in recommendation adversely affect client portfolios.,A,a gift from a client could be considered supplementary compensation.,"Correct because receiving a gift, benefit, or consideration from a client can be distinguished from gifts given by entities seeking to influence a member or candidate to the detriment of other clients. In a client relationship, the client has already entered some type of compensation arrangement with the member, candidate, or his or her firm. A gift from a client could be considered supplementary compensation.",,
Equity & Ethics,Ethical and Professional Standards,3,Guidance for Standards I–VII,27,Which of the following is a recommended procedure for compliance with the Standard relating to independence and objectivity? Members should encourage their firms to:,prohibit any employee participation in equity-related IPOs.,remove a corporate client company from the research universe and put it on a restricted list if the firm is unwilling to disseminate adverse opinions about the company.,"provide every client with the procedures and policies for reporting potentially unethical behaviour, violations of regulations, or other activities that may harm the firm's reputation.",B,remove a corporate client company from the research universe and put it on a restricted list if the firm is unwilling to disseminate adverse opinions about the company.,"Correct because according to the recommended procedures for compliance with Standard I (B), Independence and Objectivity, Create a restricted list: If the firm is unwilling to permit dissemination of adverse opinions about a corporate client, members and candidates should encourage the firm to remove the controversial company from the research universe and put it on a restricted list so that the firm disseminates only factual information about the company.",,
Equity & Ethics,Ethical and Professional Standards,3,Guidance for Standards I–VII,28,"To comply with the Standards, if applicable law requires members to maintain confidentiality of client information, confidentiality must be maintained unless:",the client has died.,the client's information involves illegal activities.,the client permits the disclosure of the information.,C,the client permits the disclosure of the information.,"Correct because Standard III (E), Preservation of Confidentiality, states that members must keep information about current, former, and prospective clients confidential unless: the client or prospective client permits disclosure of the information.",,
Equity & Ethics,Ethical and Professional Standards,3,Guidance for Standards I–VII,29,Which of the following most likely violates the Standard relating to preservation of confidentiality?,Recommending a former client as a potential donor for a local charity,Disclosing details of client activity to the CFA Institute Professional Conduct Program,Providing confidential information about a prospective client when permitted by the prospective client,A,Recommending a former client as a potential donor for a local charity,"Correct because Standard III (E), Preservation of Confidentiality, requires Members and Candidates must keep information about current, former, and prospective clients confidential. Also, this standard protects the confidentiality of client information even if the person or entity is no longer a client of the member or candidate.",,
Equity & Ethics,Ethical and Professional Standards,3,Guidance for Standards I–VII,30,Which of the following is a recommended procedure for compliance with the Standard relating to priority of transactions? Investment personnel should:,examine all personal trades for possible conflicts immediately after execution of the trades.,direct their brokers to supply their firms with duplicate confirmations of all their personal securities transactions.,make a one-time disclosure of holdings in which they have a beneficial interest to their firm upon commencement of the employment relationship.,B,direct their brokers to supply their firms with duplicate confirmations of all their personal securities transactions.,"Correct because the recommended procedures for compliance with Standard VI (B), Priority of Transactions, recommend that investment personnel should be required to direct their brokers to supply to firms duplicate copies or confirmations of all their personal securities transactions and copies of periodic statements for all securities accounts.",,
Equity & Ethics,Ethical and Professional Standards,3,Guidance for Standards I–VII,31,"Which of the following individuals can refer to themselves as a candidate in the CFA Program?
• Individual 1: Has passed Level II and expects to register for Level III in a couple of months
• Individual 2: Has failed Level I and expects to retake the exam in its next administration
• Individual 3: Is awaiting results of the Level III exam",Individual 1,Individual 2,Individual 3,C,Individual 3,"Correct because according to Standard VII(B), Reference to CFA Institute, the CFA Designation, and the CFA Program, a person is a candidate in the CFA Program if the registered person has sat for a specified examination but exam results have not yet been received.",,
Equity & Ethics,Ethical and Professional Standards,3,Guidance for Standards I–VII,32,"Which of the following is a recommended procedure for compliance with the Standard relating to priority of transactions?
• Procedure 1: Members should disclose personal transactions relating to shares in their firm's research universe to clients upon request
• Procedure 2: Members should establish blackout periods prior to trades for clients
• Procedure 3: Members should treat fee-paying family accounts in which they have beneficial ownership in the same manner as they would treat their personal accounts",Procedure 1,Procedure 2,Procedure 3,B,Procedure 2,"Correct because according to Standard VI(B), Priority of Transactions, investment personnel involved in the investment decision-making process should establish blackout periods prior to trades for clients so that managers cannot take advantage of their knowledge of client activity by ""front-running"" client trades (trading for one's personal account before trading for client accounts).",,
Equity & Ethics,Ethical and Professional Standards,3,Guidance for Standards I–VII,33,"According to the Standard related to independence and objectivity, a member must:",refuse all business-related gifts.,adhere to strict standards of conduct that govern how issuer-paid research is conducted.,"pay for transportation, hotel and meal expenses when attending meetings at an issuer's headquarters.",B,adhere to strict standards of conduct that govern how issuer-paid research is conducted.,"Correct because this is a requirement of Standard I(B), Independence and Objectivity. Issuer-paid research conducted by independent analysts, however, is fraught with potential conflicts. Members must adhere to strict standards of conduct that govern how the research is to be conducted and what disclosures must be made in the report. Analysts must engage in thorough, independent, and unbiased analysis and must fully disclose potential conflicts of interest, including the nature of their compensation.",,
Equity & Ethics,Ethical and Professional Standards,3,Guidance for Standards I–VII,34,Which statement regarding market manipulation is consistent with the Standards? Members must refrain from:,inducing trading by disseminating verifiable information.,engaging in practices which exploit perceived market inefficiencies.,securing a dominant position in a financial instrument to exploit the price of the underlying asset.,C,securing a dominant position in a financial instrument to exploit the price of the underlying asset.,"Correct because Standard II(B), Market Manipulation, prohibits such activity. Transaction-based manipulation includes, but is not limited to securing a controlling, dominant position in a financial instrument to exploit the price of the underlying asset.",,
Equity & Ethics,Ethical and Professional Standards,3,Guidance for Standards I–VII,35,"According to the Standard related to communication with clients and prospective clients, members must:",only distinguish between fact and opinion in the presentation of investment analyses.,only promptly disclose material and nonmaterial changes in the investment processes they use to select securities.,both distinguish between fact and opinion in the presentation of investment analyses and promptly disclose material and nonmaterial changes in the investment processes they use to select securities.,A,only distinguish between fact and opinion in the presentation of investment analyses.,"Correct because according to Standard V(B), Communication with Clients and Prospective Clients, members must distinguish between fact and opinion in the presentation of investment analyses and recommendations.",,
Equity & Ethics,Ethical and Professional Standards,3,Guidance for Standards I–VII,36,"According to the recommended procedures for compliance with the Standard relating to priority of transactions, members should:",discourage clients from trading during blackout periods.,supply copies of their personal securities transactions to clients upon request.,preclear their participation in IPOs even if there is no conflict of interest between their participation in an IPO and the client's interests.,C,preclear their participation in IPOs even if there is no conflict of interest between their participation in an IPO and the client's interests.,"Correct because according to the recommended procedures for compliance with Standard VI(B), Priority of Transactions, members and candidates should preclear their participation in IPOs, even in situations without any conflict of interest between a member's or candidate's participation in an IPO and the client's interest.",,
Equity & Ethics,Ethical and Professional Standards,3,Guidance for Standards I–VII,37,"Sharon Chan, CFA, is an analyst at an investment firm. Chan issues a ""buy"" rating on a company in which her brother holds shares. Chan does not disclose her brother's holdings in her report as she has no beneficial ownership in her brother's account. Has Chan violated the Standards?",No,"Yes, the Standard relating to avoid or disclose conflicts","Yes, the Standard relating to communication with clients and prospective clients",A,No,"Correct because according to Standard VI(A), Avoid or Disclose Conflicts, Members and Candidates must make full and fair disclosure of all matters that could reasonably be expected to impair their independence and objectivity or interfere with respective duties to their clients, prospective clients, and employer. In addition, sell-side members and candidates should disclose any materially beneficial ownership interest in a security or other investment that the member or candidate is recommending. Chan has no beneficial ownership in her brother's account, so she is not required to disclose it. Therefore, Chan has not violated the Standard VI(A).
In addition, Standard V(B), Communication with Clients and Prospective Clients, states that members and candidates should communicate in a recommendation the factors that were instrumental in making the investment recommendation. A critical part of this requirement is to distinguish clearly between opinions and facts. In preparing a research report, the member or candidate must present the basic characteristics of the securities being analyzed, which will allow the reader to evaluate the report and incorporate information the reader deems relevant to his or her investment decision-making process. Standard V(B) is addressing the investment process communication with clients. Chan has not violated the Standard V(B).",,
Equity & Ethics,Ethical and Professional Standards,3,Guidance for Standards I–VII,38,"Michael Mak, CFA, is a portfolio manager at an investment firm. After comprehensive research, Mak buys Advance One Tech's (AOT) stock for all his clients for whom the investment is suitable. He then buys AOT shares for his brother's fee-paying account, in which Mak has beneficial ownership. AOT's stock price declines significantly after a month, resulting in substantial losses for all his clients. Are Mak's actions consistent with the Standards?",Yes,"No, Mak's actions are not consistent with the Standard relating to priority of transactions","No, Mak's actions are not consistent with the Standard relating to diligence and reasonable basis",B,"No, Mak's actions are not consistent with the Standard relating to priority of transactions","Correct because according to Standard VI(B), Priority of Transactions, family accounts that are client accounts should be treated like any other firm account and should neither be given special treatment nor be disadvantaged because of the family relationship. If a member or candidate has a beneficial ownership in the account, however, the member or candidate may be subject to preclearance or reporting requirements of the employer or applicable law. Mak should treat his brother's fee paying account like any other firm account and should not be disadvantaged. Therefore, Mak's actions are not consistent with the Standard relating to priority of transactions.",,
Equity & Ethics,Ethical and Professional Standards,3,Guidance for Standards I–VII,39,"Kelvin Lee, CFA, is a portfolio manager at an investment firm. His social media profile reads: ""Kelvin Lee passed all three CFA examinations in three consecutive years. As a CFA charterholder, Lee achieves better investment performance results."" Has Lee violated the Standards?",No,"Yes, by stating that he passed all three CFA Program examinations in three consecutive years","Yes, by stating that he achieves better investment performance results as a CFA charterholder",C,"Yes, by stating that he achieves better investment performance results as a CFA charterholder","Correct because according to Standard VII(B), Reference to CFA Institute, the CFA Designation, and the CFA Program, those who have earned the right to use the Chartered Financial Analyst designation are encouraged to do so but only in a manner that does not misrepresent or exaggerate the meaning or implications of the designation. In addition, if the candidate then goes on to claim or imply superior ability by obtaining the designation in only three years, however, he or she is in violation of Standard VII(B). Lee states that as a CFA charterholder, he achieves better investment performance results. Therefore, he has violated the Standard VII(B).",,
Equity & Ethics,Ethical and Professional Standards,3,Guidance for Standards I–VII,40,"A member manages two fee-paying family accounts at her firm. The member has the power to vote on the shares held in Account 1 and the discretion to sell shares held in Account 2. According to the Standards, is the member considered a beneficial owner of the shares held in her family accounts?",No,"Yes, for Account 1 only","Yes, for both Account 1 and Account 2",C,"Yes, for both Account 1 and Account 2","Correct because for the purposes of Standard VI(A), Avoid or Disclose Conflicts, members and candidates beneficially own securities or other investments if they have a direct or indirect pecuniary interest in the securities, have the power to vote or direct the voting of the shares of the securities or investments, or have the power to dispose or direct the disposition of the security or investment. Therefore, the member is considered a beneficial owner for shares held in both Account 1 and Account 2.",,
Equity & Ethics,Ethical and Professional Standards,3,Guidance for Standards I–VII,41,"According to the Standard relating to diligence and reasonable basis, a member is required to:","exercise diligence, independence, and thoroughness in analyzing investments.",become an expert in the technical aspects of the models used for investment recommendations.,dissociate and remove her name from a company group report if the report does not reflect her opinion.,A,"exercise diligence, independence, and thoroughness in analyzing investments.","Correct because according to Standard V(A) Investment Analysis, Recommendations, and Actions - Diligence and Reasonable Basis, Members and Candidates must: Exercise diligence, independence, and thoroughness in analyzing investments, making investment recommendations, and taking investment actions.",,
Equity & Ethics,Ethical and Professional Standards,3,Guidance for Standards I–VII,42,"According to the Standard relating to avoid or disclose conflicts, a member should:",reject a board position in a company on which the member's firm is planning to initiate a research report.,ensure that her firm discloses to clients any rebates received from the service fee some classes of mutual funds charge to investors.,place a company on a restricted list and issue factual information about the company if the member's firm holds options on the company's shares.,B,ensure that her firm discloses to clients any rebates received from the service fee some classes of mutual funds charge to investors.,"Correct because according to Standard VI(A), Avoid or Disclose Conflicts, equally important is the disclosure of arrangements in which the firm benefits directly from investment recommendations. An obvious conflict of interest is the rebate of a portion of the service fee some classes of mutual funds charge to investors. Members and candidates should ensure that their firms disclose such relationships so clients can fully understand the costs of their investments and the benefits received by their investment manager's employer.",,
Equity & Ethics,Ethical and Professional Standards,3,Guidance for Standards I–VII,43,"According to the Standards, a member who is asked to produce an issuer-paid research report is required to:",avoid cash compensation.,disclose the nature of their compensation in the report.,decline to write the report if the member's firm provides investment banking services to the issuer.,B,disclose the nature of their compensation in the report.,"Correct because according to Standard I (B), Independence and Objectivity, members are required to disclose their compensation. Members and candidates must adhere to strict standards of conduct that govern how the research is to be conducted and what disclosures must be made in the report. Analysts must engage in thorough, independent, and unbiased analysis and must fully disclose potential conflicts of interest, including the nature of their compensation.",,
Equity & Ethics,Ethical and Professional Standards,3,Guidance for Standards I–VII,44,"Shirin Regali, CFA, is a well-respected, sell-side analyst covering the biotech sector. While researching the market prospects for a drug being trialed by BioHeal InC., Regali interviews industry experts who are not affiliated with the trials or BioHeal. These experts express confidence that the drug will pass the trials and be a market success. After thorough analysis and based on these experts' insights, Regali issues a ""buy"" recommendation for BioHeal and distributes it to her clients and not to the public. Has Regali most likely violated the Standard relating to material nonpublic information?",No,"Yes, by distributing the recommendation to her clients and not to the public","Yes, by issuing a ""buy"" recommendation for BioHeal based on insights from industry experts",A,No,"Correct because according to Standard II (A), Material Nonpublic Information, a financial analyst gathers and interprets large quantities of information from many sources. The analyst may use significant conclusions derived from the analysis of public and nonmaterial nonpublic information as the basis for investment recommendations and decisions even if those conclusions would have been material inside information had they been communicated directly to the analyst by a company. Under the ""mosaic theory,"" financial analysts are free to act on this collection, or mosaic, of information without risking violation. Therefore, Naden is permitted to use published financial data and nonmaterial, nonpublic information gathered from industry experts and competitor to arrive at his investment recommendation. Further, Standard II (A) states, when a particularly well-known or respected analyst issues a report or makes changes to his or her recommendation, that information alone may have an effect on the market and thus may be considered material. Theoretically, under Standard II(A), such a report would have to be made public at the time it was distributed to clients. The analyst is not a company insider, however, and does not have access to inside information. In addition, simply because the public in general would find the conclusions material does not require that the analyst make his or her work public. So, Naden is not required to make her recommendation available to her clients and the public at the same time. Therefore, Naden has not violated Standard II (A) either by using the information gathered from industry experts and competitors in her report or by failing to make her recommendation available to her clients and the public at the same time.",,Book explanation refers to analyst as 'Naden' instead of 'Regali' (name mismatch in book text)
Equity & Ethics,Ethical and Professional Standards,3,Guidance for Standards I–VII,45,"Meera Doka, CFA, manages an equity fund for clients. One day, the fund experiences a large loss due to an event unforeseen by all market participants. Prior to the event, Doka failed to disclose the risk of this event occurring to her clients. One month later, Doka decides to outsource 5% of the fund's assets to an external manager. She does not inform her clients of this change because the external manager follows an investment process that is very similar to her fund's process. Are Doka's actions consistent with the Standard relating to communication with clients and prospective clients?",Yes,"No, because she failed to disclose the risk that resulted in the large loss","No, because she failed to inform her clients about outsourcing 5% of the fund's assets",C,"No, because she failed to inform her clients about outsourcing 5% of the fund's assets","Correct because it is not consistent with Standard V (B), Communications with Clients and Prospective Clients, to fail to inform clients about the use of an outside manager. A firm's investment policy may include the use of outside advisers to manage various portions of clients' assets under management. Members and candidates should inform the clients about the specialization or diversification expertise provided by the external adviser(s). This information allows clients to understand the full mix of products and strategies being applied that may affect their investment objectives.",,
Equity & Ethics,Ethical and Professional Standards,3,Guidance for Standards I–VII,46,A member employed by an investment firm carries out research at the request of a client. The records of that research are the property of the:,client.,member.,investment firm.,C,investment firm.,"Correct because, according to Standard V (C), Record Retention, records created as part of a member's or candidate's professional activity on behalf of his or her employer are the property of the firm.",,
Equity & Ethics,Ethical and Professional Standards,3,Guidance for Standards I–VII,47,"Which of the following is a recommended procedure for complying with the Standard relating to preservation of confidentiality?
• Procedure 1: Disclose to authorized fellow employees only information that will improve service to the client
• Procedure 2: Encourage the adoption of standard confidentiality procedures utilized by leading firms in the industry",Procedure 1 only,Procedure 2 only,Both Procedure 1 and Procedure 2,A,Procedure 1 only,"Correct because according to the recommended procedures for compliance with Standard II (E), Preservation of Confidentiality, avoid disclosing any information received from a client except to authorized fellow employees who are also working for the client. Is the information background material that, if disclosed, will enable the member or candidate to improve service to the client?",,
Equity & Ethics,Ethical and Professional Standards,3,Guidance for Standards I–VII,48,"Hannah Hostettler, CFA, is a portfolio manager at a wealth management firm. Hostettler has an arrangement with a lawyer, whereby she refers clients who need legal advice to the lawyer, who in turn refers clients to Hostettler. Because no referral fees are involved, Hostettler does not disclose this arrangement to her existing or prospective clients. Has Hostettler most likely violated the Standards?",No,"Yes, only by failing to disclose the arrangement to existing clients","Yes, both by failing to disclose the arrangement to existing clients and to prospective clients",C,"Yes, both by failing to disclose the arrangement to existing clients and to prospective clients","Correct because according to Standard VI (C), Referral Fees, members must disclose to clients and potential clients any referral arrangements and must disclose all consideration. Consideration includes all fees, whether paid in cash, in soft dollars, or in-kind. Thus, Hostettler would need to disclose the full bi-lateral referral arrangement to both clients and prospective clients.",,
Equity & Ethics,Ethical and Professional Standards,3,Guidance for Standards I–VII,49,"To use a quantitative model in her investment research, a member is required by the Standards to:",have developed or co-developed the model.,become an expert in every technical aspect of the model developed by others.,understand the assumptions and limitations inherent in the model developed by others.,C,understand the assumptions and limitations inherent in the model developed by others.,"Correct because according to Standard V (A), Diligence and Reasonable Basis, Members and candidates need to have an understanding of the parameters used in models and quantitative research that are incorporated into their investment recommendations. Although they are not required to become experts in every technical aspect of the models, they must understand the assumptions and limitations inherent in any model and how the results were used in the decision-making process. Therefore, to use quantitative models in her investment research, a member is required to understand the assumptions and limitations inherent in the model developed by others.",,
Equity & Ethics,Ethical and Professional Standards,3,Guidance for Standards I–VII,50,"Emma Berkstein, CFA, uses third-party data to prepare a report on a company. Berkstein does not check the validity of this data herself, but instead relies on her senior colleagues to conduct due diligence. Another analyst at the same firm, Jimmy Brooks, CFA, prepares an industry report with a group of colleagues. After thorough research, the group agrees to issue a report with a positive outlook for the industry. Brooks disagrees with this conclusion, but leaves his name in the report. Has the Standard relating to diligence and reasonable basis most likely been violated?",No,"Yes, by Brooks","Yes, by Berkstein",A,No,"Correct because according to Standard V (A), Diligence and Reasonable Basis, A member or candidate may rely on others in his or her firm to determine whether secondary or third-party research is sound and use the information in good faith unless the member or candidate has reason to question its validity or the processes and procedures used by those responsible for the research. Berkstein relied on her senior colleague's due diligence, and there is nothing in the case to suggest she has reason to question it, hence no violation. Nor did Brooks violate the Standard by leaving his name on the group report: The conclusions or recommendations of the group report represent the consensus of the group and are not necessarily the views of the member or candidate, even though the name of the member or candidate is included on the report. In some instances, a member or candidate will not agree with the view of the group. If, however, the member or candidate believes that the consensus opinion has a reasonable and adequate basis and is independent and objective, the member or candidate need not decline to be identified with the report. If the member or candidate is confident in the process, the member or candidate does not need to dissociate from the report even if it does not reflect his or her opinion.",,
Equity & Ethics,Ethical and Professional Standards,3,Guidance for Standards I–VII,51,"According to the guidance for the Standards, which of the following statements are accurate?
• Statement 1: Employees must place employer interests ahead of personal interests in all matters
• Statement 2: Senior management of a member's firm should create financial compensation structures that do not drive unethical behavior",Statement 1 only.,Statement 2 only.,Both Statement 1 and Statement 2.,B,Statement 2 only.,"Correct because according to Standard IV (A), Loyalty, the employer is responsible for a positive working environment, which includes an ethical workplace. Senior management has the additional responsibility to devise compensation structures and incentive arrangements that do not encourage unethical behavior. Therefore, Statement 2 is accurate.",,
Equity & Ethics,Ethical and Professional Standards,3,Guidance for Standards I–VII,52,"According to the Standards, which of the following is most likely considered material nonpublic information?",The recent execution of a large buy order from a hedge fund,Significant legal challenges revealed at an internal meeting of the company's management,Recent increases in a company's board remuneration discussed at the annual general meeting,B,Significant legal challenges revealed at an internal meeting of the company's management,"Correct because according to Standard II(A) Material Nonpublic Information, material information may include, but is not limited to, information on the following: significant legal disputes.",,
Equity & Ethics,Ethical and Professional Standards,3,Guidance for Standards I–VII,53,"Susana Garcia, CFA, is a widely respected analyst covering the transportation sector. She completes a new recommendation for a company. The next morning, she emails the recommendation to her firm's largest client. After lunch, she emails the recommendation to all other firm clients. One hour later, she calls the largest client to discuss the recommendation in detail. Garcia has violated the Standard relating to fair dealing:",only by calling the largest client to discuss the recommendation in detail.,only by emailing the recommendation to the largest client prior to sending it to all other clients.,both by calling the largest client to discuss the recommendation in detail and by emailing the recommendation to the largest client prior to sending it to all other clients.,B,only by emailing the recommendation to the largest client prior to sending it to all other clients.,"Correct because Garcia has violated Standard III (B), Fair Dealing, by disseminating the sell recommendation to her largest client before the recommendation is sent to all clients. Each member or candidate is obligated to ensure that information is disseminated in such a manner that all clients have a fair opportunity to act on every recommendation. Garcia has not violated Standard III (B) by calling her largest client, since she widely disseminated the recommendation and provided the information to all her clients prior to discussing it with her largest client. Members and candidates should establish procedures for the timing of dissemination of investment recommendations so that all clients are treated fairly—that is, are informed at approximately the same time. Once this distribution has occurred, the member or candidate may follow up separately with individual clients, but members and candidates should not give favored clients advance information when such advance notification may disadvantage other clients.",,
Equity & Ethics,Ethical and Professional Standards,3,Guidance for Standards I–VII,54,"According to the Standard relating to loyalty, members must:",place their employer's interest above their personal interests in all matters.,notify their employer before engaging in an independent practice while still employed.,never act against their employer's interests when complying with their duties to clients.,B,notify their employer before engaging in an independent practice while still employed.,"Correct because although Standard IV (A), Loyalty, does not preclude members or candidates from entering into an independent business while still employed, members and candidates who plan to engage in independent practice for compensation must notify their employer and describe the types of services they will render to prospective independent clients, the expected duration of the services, and the compensation for the services. Members and candidates should not render services until they receive consent from their employer to all of the terms of the arrangement.",,
Equity & Ethics,Ethical and Professional Standards,3,Guidance for Standards I–VII,55,"According to the Standard relating to loyalty, in the absence of a noncompete agreement and without employer consent, a member is permitted to:",email himself a list of his clients when leaving his employer.,enter into an independent competitive business while still employed.,contact clients from his previous employer using public information to solicit business at his new firm.,C,contact clients from his previous employer using public information to solicit business at his new firm.,"Correct because according to Standard IV(A), Loyalty, the standard does not prohibit former employees from contacting clients of their previous firm as long as the contact information does not come from the records of the former employer or violate an applicable 'noncompete agreement'. Members and candidates are free to use public information after departing to contact former clients without violating Standard IV(A) as long as there is no specific agreement not to do so.",,
Equity & Ethics,Ethical and Professional Standards,3,Guidance for Standards I–VII,56,"Andrew Milton, CFA, is an advisor working with individual clients. Milton is careful to recommend investments for his clients that are consistent with their overall objectives and risk tolerance. His firm gives its advisors a bonus for recommending the firm's proprietary products. If all other variables are equal in an investment choice, Milton uses the proprietary products. Milton does not inform the clients of this bonus. Has Milton most likely violated the Standards?",No,"Yes, the Standard relating to suitability","Yes, the Standard relating to avoid or disclose conflicts",C,"Yes, the Standard relating to avoid or disclose conflicts","Correct because according to Standard VI (A), Avoid or Disclose Conflicts, Members and Candidates must avoid or make full and fair disclosure of all matters that could reasonably be expected to impair their independence and objectivity or interfere with respective duties to their clients, prospective clients, and employer. Members and candidates must maintain their objectivity when rendering investment advice or taking investment action. Requiring members and candidates to disclose all matters that reasonably could be expected to impair the member's or candidate's objectivity when a conflict exists mitigates the conflict and allows clients and prospective clients to judge motives and possible biases for themselves. Therefore, for Milton, the bonus represented a conflict of interest, which he needs to disclose to clients.",,
Equity & Ethics,Ethical and Professional Standards,3,Guidance for Standards I–VII,57,"According to the recommended procedure for compliance with the Standard relating to fair dealing, a member who works in a large firm should:",offer different levels of service to clients selectively based on the clients' investment needs.,disclose to clients and prospective clients how she selects accounts to participate in an order.,inform all firm staff of the content of upcoming investment recommendations to assure that all clients' investment needs are met.,B,disclose to clients and prospective clients how she selects accounts to participate in an order.,"Correct because according to Standard III (B), Fair Dealing, Members and candidates should disclose to clients and prospective clients how they select accounts to participate in an order.",,
Equity & Ethics,Ethical and Professional Standards,3,Guidance for Standards I–VII,58,"According to the recommended procedures for compliance with the Standard relating to diligence and reasonable basis, members should encourage their firms to:",evaluate the adequacy of external advisors by customizing the evaluation criteria for each advisor.,establish maximum levels of scenario testing of all computer-based models used in evaluating financial instruments.,appoint a supervisory analyst to determine whether research reports have a reasonable and adequate basis prior to external circulation.,C,appoint a supervisory analyst to determine whether research reports have a reasonable and adequate basis prior to external circulation.,"Correct because according to the recommended procedures for compliance with Standard V (A), Diligence and Reasonable Basis, members and candidates should encourage their firms to establish a policy requiring that research reports, credit ratings, and investment recommendations have a basis that can be substantiated as reasonable and adequate. An individual employee (a supervisory analyst) or a group of employees (a review committee) should be appointed to review and approve such items prior to external circulation to determine whether the criteria established in the policy have been met. Therefore, appointing a supervisory analyst to determine whether research reports have a reasonable and adequate basis, before circulating the reports externally, is a recommended procedure for compliance with Standard V (A).",,
Equity & Ethics,Ethical and Professional Standards,3,Guidance for Standards I–VII,59,"Dennis Kim, CFA, works at Century Growth Partners (CGP) where he manages an investment account for his client Amelia Frost. Frost tells Kim to invest one percent of her portfolio in biotech stocks. Kim believes such an investment is inconsistent with Frost's investment policy statement. CGP has no policy regarding execution of unsolicited trading requests. Kim discusses his concerns with Frost, but she does not change her instruction. Without amending Frost's investment policy statement, Kim executes the trade afterward. Has Kim violated the Standards?",No,"Yes, because Kim executes an unsuitable trade for Frost","Yes, because Kim does not change Frost's investment policy statement before executing the trade",A,No,"Correct because (1) Kim discusses his concerns with Frost before executing the trade, (2) Frost acknowledges this discussion and accepts the conditions of unsuitability, (3) Kim's firm does not require approval for unsuitable trades since it has no policy on the subject, and (4) the request does not have a material impact on Frost's portfolio since it represents only one percent of its value, hence no modification of the IPS is required. According to Standard III(C), Suitability, in cases of unsolicited trade requests that a member or candidate knows are unsuitable for a client, the member or candidate should refrain from making the trade until he or she discusses the concerns with the client. Following the discussion, the member or candidate may follow his or her firm's policies regarding the necessary client approval for executing unsuitable trades. At a minimum, the client should acknowledge the discussion and accept the conditions that make the recommendation unsuitable. Should the unsolicited request be expected to have a material impact on the portfolio, the member or candidate should use this opportunity to update the investment policy statement.",,
Equity & Ethics,Ethical and Professional Standards,3,Guidance for Standards I–VII,60,"Tom Dixon, CFA, provides a brief summary of his investment performance to his clients. He indicates that further information is available upon request. He tells his clients they can expect a return of 5% in the next three years based on his strong track record. Has Dixon most likely violated the Standards?",No,"Yes, by indicating that further information is available upon request","Yes, by telling his clients they can expect a return of 5% in the next three years",C,"Yes, by telling his clients they can expect a return of 5% in the next three years","Correct because according to Standard III(D), Performance Presentation, members and candidates should not state or imply that clients will obtain or benefit from a rate of return that was generated in the past. Also, If the presentation is brief, the member or candidate must make available to clients and prospects, on request, the detailed information supporting that communication.",,
Equity & Ethics,Ethical and Professional Standards,3,Guidance for Standards I–VII,61,"Which of the following are among the recommended procedures for compliance with the Standard relating to independence and objectivity?
• Procedure 1: Impose limits on investment personnel acquiring securities in private placements
• Procedure 2: Prohibit employees from receiving reimbursement from corporate issuers for air transportation when attending meetings at the issuers' headquarters
• Procedure 3: Remove a company from the restricted list if the firm is unwilling to permit dissemination of adverse opinions about the company",Procedure 1 and Procedure 2,Procedure 1 and Procedure 3,Procedure 2 and Procedure 3,A,Procedure 1 and Procedure 2,"Correct because according to Standard I(B), Independence and Objectivity, members and Candidates must use reasonable care and judgment to achieve and maintain independence and objectivity in their professional activities.
As for Procedure 1, restrict investments: Members and candidates should encourage their investment firms to develop formal policies related to employee purchases of equity or equity-related IPOs. Firms should require prior approval for employee participation in IPOs, with prompt disclosure of investment actions taken following the offering. Strict limits should be imposed on investment personnel acquiring securities in private placements.
As for Procedure 2, restrict special cost arrangements: When attending meetings at an issuer's headquarters, members and candidates should pay for commercial transportation and hotel charges. No corporate issuer should reimburse members or candidates for air transportation.",,
Equity & Ethics,Ethical and Professional Standards,3,Guidance for Standards I–VII,62,"Brigid O'Rourke, CFA, serves as a CFA Institute volunteer and grades Level III CFA exams. After grading, O'Rourke shares her experience with work colleagues, none of whom are CFA candidates. She says, ""The Level III exam is very tough."" She also states, ""I was surprised how few candidates could remember the Black–Scholes equation."" Has O'Rourke most likely violated the Standards?",No,"Yes, only by saying ""I was surprised how few candidates could remember the Black–Scholes equation""","Yes, both by saying ""I was surprised how few candidates could remember the Black–Scholes equation"" and by stating ""The Level III exam is very tough""",B,"Yes, only by saying ""I was surprised how few candidates could remember the Black–Scholes equation""","Correct because Standard VII (A), Conduct as Participants in CFA Institute Programs, prohibits members from disclosing and/or soliciting confidential material gained prior to or during the exam and grading processes with those outside the CFA exam development process. Examples of information that cannot be shared by members involved in developing, administering, or grading the exams include but are not limited to questions appearing on the exam or under consideration. Therefore, Rourke has violated Standard VII (A) by stating ""I was surprised how few candidates could remember the Black–Scholes equation.""",,
Equity & Ethics,Ethical and Professional Standards,3,Guidance for Standards I–VII,63,"Which of the following statements are consistent with the Standard relating to conduct as participants in CFA Institute programs?
• Statement I: Questions that appear on the CFA examinations cannot be disclosed by candidates even after they are notified of their exam results
• Statement II: Broad topic areas and formulas not tested on the exam cannot be publicly discussed by the candidates after the exam",Statement I only,Statement II only,Both Statement I and Statement II,C,Both Statement I and Statement II,"Correct because according to Standard VII(A), Conduct as Participants in CFA Institute Programs, all aspects of the exam, including questions, broad topical areas, and formulas, tested or not tested, are considered confidential until such time as CFA Institute elects to release them publicly. This confidentiality requirement allows CFA Institute to maintain the integrity and rigor of exams for future candidates. Therefore, both Statements I and II are consistent with Standard VII(A).",,
Equity & Ethics,Ethical and Professional Standards,3,Guidance for Standards I–VII,64,"Max Cohen, CFA, is offered a gift by one of his premium-fee-paying clients. Prior to accepting the gift, he obtains written consent from his supervisor and the client offering the gift. He does not disclose the gift to his regular-fee-paying clients. Has Cohen violated the Standards?",No,"Yes, the Standard relating to independence and objectivity","Yes, the Standard relating to additional compensation arrangements",A,No,"Correct because according to Standard I(B), Independence and Objectivity, members and candidates must use reasonable care and judgment to achieve and maintain independence and objectivity in their professional activities. When possible, prior to accepting ""bonuses"" or gifts from clients, members and candidates should disclose to their employers such benefits offered by clients. Also, according to Standard IV(B), Additional Compensation Arrangements, Members and Candidates must not accept gifts, benefits, compensation, or consideration that competes with or might reasonably be expected to create a conflict of interest with their employer's interest unless they obtain written consent from all parties involved. Standard IV(B) does not require Cohen to disclose the gift to all of his other clients. Thus, Cohen has not violated either Standard I(B) or Standard IV(B).",,
Equity & Ethics,Ethical and Professional Standards,3,Guidance for Standards I–VII,65,"A member resides in Adovia, a country with securities laws and regulations that are less strict than the Code and Standards. She does business in Batavia, a country with securities laws and regulations that are less strict than those of AdoviA. Which of the following statements is accurate? The member must most likely adhere to:",the Code and Standards.,the laws and regulations of AdoviA.,the laws and regulations of Batavia.,A,the Code and Standards.,"Correct because if applicable law is stricter than the requirements of the Code and Standards, members and candidates must adhere to the applicable law; otherwise, they must adhere to the Code and Standards. Since the laws and regulations of Adovia and Batavia are less strict than the Code and Standards, the member must adhere to the Code and Standards.",,
Equity & Ethics,Ethical and Professional Standards,3,Guidance for Standards I–VII,66,"Agnes Boucault belongs to an online forum of candidates studying for the Level II exam. Boucault writes on the forum: ""Hello, I am a Level II candidate in the CFA Program. A friend who took the Level II exam last month tells me that it's very difficult. Let's focus more study time on the fixed income and derivatives areas, which I think are the hardest."" Has Boucault most likely violated the Standards?",No,"Yes, by improperly referencing the CFA Program","Yes, by revealing confidential information about the CFA exam",A,No,"Correct because Boucault has not revealed any information about questions or specific topic areas tested or not tested on the prior Level II exam. Therefore, she complied with Standard VII (A), Conduct as Participants in CFA Institute Programs, which does not prohibit candidates from discussing nonconfidential information or curriculum material with others or in study groups in preparation for the exam. Boucault has also used an approved format for referencing her candidacy in the CFA Program, by describing herself as ""a Level II candidate in the CFA Program"". Therefore, Boucault did not violate Standard VII (B), Reference to CFA Institute, the CFA Designation, and the CFA Program.",,
Equity & Ethics,Ethical and Professional Standards,3,Guidance for Standards I–VII,67,"Bertram Kendall, CFA, is an investment advisor at a bank. Kendall plans to teach an economics course at a local university in his spare time, for which he will be paid a fee by the university. In addition, Kendall plans to serve as an investment advisor for the endowment fund of a community center. Kendall will not be paid by the community center but will be given free access to its athletic facilities, which normally charge fees, in return for his services. According to the Standards, Kendall is required to obtain written consent from his employer:",only for teaching the economics course.,only for serving as an advisor for the community center endowment.,both for teaching the economics course and for serving as an advisor for the community center endowment.,B,only for serving as an advisor for the community center endowment.,"Correct because Standard IV (B), Additional Compensation Arrangements, requires members and candidates to obtain permission from their employer before accepting compensation or other benefits from third parties for the services rendered to the employer or for any services that might create a conflict with their employer's interest. Compensation and benefits include direct compensation by the client and any indirect compensation or other benefits received from third parties. Kendall performs an investment service as an advisor to the endowment that conflicts with his employer's interest. Further, free access to the athletic facilities amounts to indirect compensation from third parties. Therefore, Kendall must obtain written consent from his employer for serving as a consultant for the endowment of a community center.",,
Equity & Ethics,Ethical and Professional Standards,3,Guidance for Standards I–VII,68,"Mark Monroe, CFA, is an equity analyst at an investment firm. In his spare time, he performs accounting work for his local sports club in return for the club waiving his membership fees and paying his expenses to attend club social events. Monroe does not disclose either the work or the compensation to his employer. Has Monroe most likely violated the Standards?",No,"Yes, the Standard relating to loyalty","Yes, the Standard relating to additional compensation agreements",A,No,"Correct because Monroe did not violate the Standards. Standard IV (A), Loyalty, requires members and candidates to protect the interests of their firms by refraining from any conduct that would injure the firm, deprive it of profit, or deprive it of the member's or candidate's skills and ability. The Standard also requires that members and candidates abstain from independent competitive activity that could conflict with the interests of their employer. Working as an accountant for his sports club does not represent competitive activity, and Monroe does this work in his spare time, so it does not deprive his employer of his skills and abilities. Thus, Monroe has not violated this Standard.
Standard IV (B), Additional Compensation Arrangements, states that members and candidates must not accept gifts, benefits, compensation, or consideration that competes with or might reasonably be expected to create a conflict of interest with their employer's interest unless they obtain written consent from all parties involved. Because Monroe's outside work is for a local sports club, and not a competitor, there is no conflict of interest with his employer. Therefore, Monroe is not required to disclose it or receive consent from his employer for the compensation. Thus, there is no violation of Standard IV (B).",,
Equity & Ethics,Ethical and Professional Standards,3,Guidance for Standards I–VII,69,"With respect to the Standard relating to suitability, members who are portfolio managers for a mutual fund are required to:",consider clients' circumstances and objectives before investing.,manage the fund in a manner consistent with the fund's mandate.,gather information related to investors' taxes and other investment constraints.,B,manage the fund in a manner consistent with the fund's mandate.,"Correct because Standard III (C), Suitability, states that some Members and Candidates do not manage money for individuals but are responsible for managing a fund to an index or an expected mandate. The responsibility of these members and candidates is to invest in a manner consistent with the stated mandate. For example, a member or candidate who serves as the fund manager for a large-cap income fund would not be following the fund mandate by investing heavily in small-cap or start-up companies whose stock is speculative in nature. Therefore, members who are portfolio managers for a mutual fund are required to manage the fund in a manner consistent with the fund's mandate.",,
Equity & Ethics,Ethical and Professional Standards,3,Guidance for Standards I–VII,70,"Kate Clark, CFA, and Tom Matt, CFA, have a referral arrangement between them. Clark directs equity clients to Matt. In return, Matt refers fixed income clients to Clark. Matt and Clark both disclose the details of the arrangement to their existing clients. However, only Clark discloses the referral arrangement to her prospective clients. Have the Standards most likely been violated?",No,"Yes, by Matt","Yes, by Clark",B,"Yes, by Matt","Correct because Standard VI (C), Referral Fees, states that Members and Candidates must disclose to their employer, clients and prospective clients, as appropriate, any compensation, consideration, or benefit received from or paid to others for the recommendation of products or services. Only Matt has violated the Standard because he fails to disclose the referral arrangement to his prospective client.",,
Equity & Ethics,Ethical and Professional Standards,3,Guidance for Standards I–VII,71,"Anna Schulz, CFA, works for an investment firm. She enters into an arrangement with an independent tax advisor to prepare Schulz's personal tax returns free of charge in exchange for Schulz referring her clients to the tax advisor. According to the Standards, Schulz is required to disclose her arrangement with the tax advisor to:",her clients only.,her employer only.,both her clients and her employer.,C,both her clients and her employer.,"Correct because according to Standard VI (C) Referral Fees, Members and Candidates must disclose to their employer, clients, and prospective clients, as appropriate, any compensation, consideration, or benefit received from or paid to others for the recommendation of products or services. Preparing a tax return free of charge falls within the scope of ""any compensation, consideration, or benefit."" Therefore, Schultz must disclose the referral fee arrangement to her clients and her employer.",,
Equity & Ethics,Ethical and Professional Standards,3,Guidance for Standards I–VII,72,"Vikram Shah, CFA, is a wealth manager with AZ Bank (AZ). Shah refers his client, Sean Tan, to the investment banking division of AZ as Tan is considering taking his company public. AZ's policy is to pay its employees a fee for referrals. According to the Standards, Shah is:",required to decline the referral fees because Tan is an existing client of AZ.,not required to disclose the referral fee arrangement to Tan because the referral fee is an interdepartmental incentive payment.,required to disclose the referral fee arrangement to Tan at the time of referral to allow Tan to evaluate the full cost of the investment banking service.,C,required to disclose the referral fee arrangement to Tan at the time of referral to allow Tan to evaluate the full cost of the investment banking service.,"Correct because according to Standard VI(C), Referral Fees, Members and Candidates must disclose to their employer, clients, and prospective clients, as appropriate, any compensation, consideration, or benefit received from or paid to others for the recommendation of products or services. Such disclosures allow clients to evaluate (1) any partiality shown in any recommendation of services and (2) the full cost of the services. Appropriate disclosure means that members must advise the client or prospective client, before entry into any formal agreement for services, of any benefit received for the recommendation of any services provided by the member.",,
Equity & Ethics,Ethical and Professional Standards,3,Guidance for Standards I–VII,73,"According to the Standard relating to suitability, a member is required to do which of the following?",Judge the suitability of an investment in the context of the client's total portfolio,Update a client's investment policy statement as soon as possible after making any changes to recommendations for the client,Both judge the suitability of an investment in the context of the client's total portfolio and make a reasonable inquiry into a client's investment experience only after taking investment action.,A,Judge the suitability of an investment in the context of the client's total portfolio,"Correct because Standard III (C), Suitability, states that when members and candidates are in an advisory relationship with a client, they must judge the suitability of an investment in the context of the client's total portfolio.",,
Equity & Ethics,Ethical and Professional Standards,3,Guidance for Standards I–VII,74,"Chris Taylor, CFA, is an investment advisor with Zenith Advisors (ZA). ZA maintains a list of recommended equity securities and purchases newly rated securities for all clients in block transactions. Taylor has just gained a new client who has an existing equity portfolio. Before their first meeting, Taylor reallocates the portfolio in accordance with the firm's recommended equity list without gathering additional information from the client. Taylor most likely violated the Standard(s) relating:",only to suitability.,only to fair dealing.,both to suitability and to fair dealing.,A,only to suitability.,"Correct because Standard III (C), Suitability, requires members to make a reasonable inquiry into a client's or prospective client's investment experience, risk and return objectives, and financial constraints prior to making any investment recommendation or taking investment action and must reassess and update this information regularly. Also, members must determine that an investment is suitable to the client's financial situation and consistent with the client's written objectives, mandates, and constraints before making an investment recommendation or taking investment action. The fact that the client brought an all-equity portfolio to the relationship is not enough to indicate suitability for the client, thus Taylor violated the Standard.",,
Equity & Ethics,Ethical and Professional Standards,3,Guidance for Standards I–VII,75,"Martha Ray, CFA, manages a portfolio based on an ""Environment Social Governance"" (ESG) style of investing. Ray is also an environmental activist. She is arrested for civil disobedience while participating in a government-authorized nonviolent protest against a company that is accused of damaging the environment. Has Ray most likely violated the Standards?",No,"Yes, the Standard relating to misconduct","Yes, the Standard relating to loyalty, prudence, and care",A,No,"Correct because Standard I (D), Misconduct, is not meant to cover legal transgressions resulting from acts of civil disobedience in support of personal beliefs because such conduct does not reflect poorly on the member's or candidate's professional reputation, integrity, or competence. Ray is arrested for civil disobedience in a government-authorized nonviolent protest. Therefore, Ray has not violated Standard I (D). Further, according to Standard III (A), Loyalty, Prudence, and Care, a member's or candidate's responsibility to a client includes a duty of loyalty and a duty to exercise reasonable care. Investment actions must be carried out for the sole benefit of the client and in a manner the member or candidate believes, given the known facts and circumstances, to be in the best interest of the client. There is no reason to believe that Ray has not exercised reasonable care while taking investment actions for her clients. Therefore, Ray has not violated either Standard I (D) or Standard III (A).",,
Equity & Ethics,Ethical and Professional Standards,3,Guidance for Standards I–VII,76,"According to the Standards, when presenting performance results, members should encourage their firms to:",disclose whether the results are before or after tax.,exclude terminated accounts as part of performance history.,present the results using the most representative single account.,A,disclose whether the results are before or after tax.,"Correct because according to the recommended procedures for compliance with Standard III (D), Performance Presentation, Members and candidates can also meet their obligations under Standard III (D) by including disclosures that fully explain the performance results being reported (for example, disclosing whether the performance is gross of fees, net of fees, or after tax). Therefore, Standard III (D) recommends that members encourage their firms to disclose whether the performance results are before or after tax.",,
Equity & Ethics,Ethical and Professional Standards,3,Guidance for Standards I–VII,77,A member is in violation of the Standard relating to market manipulation if he:,frequently trades two stocks to exploit market inefficiencies.,secures a controlling position in a company's stock to exploit a potential acquisition of the company.,issues a report exaggerating negative aspects of a company with the intent to drive down its share price.,C,issues a report exaggerating negative aspects of a company with the intent to drive down its share price.,"Correct because according to Standard II (B), Market Manipulation, Members and Candidates must not engage in practices that distort prices or artificially inflate trading volume with the intent to mislead market participants. The member engages in information-based manipulation by issuing a misleading report—one that exaggerates negative aspects of a company, to artificially distort (drive down) the company's share price. He has thus violated Standard II (B).",,
Equity & Ethics,Ethical and Professional Standards,3,Guidance for Standards I–VII,78,"Several years ago, a member purchased a large position in a small-cap stock for her own account. The member is unable to sell the entire position due to the stock's limited liquidity. To improve liquidity, the member trades the stock between two client accounts before selling her own position. The member has engaged in:",transaction-based manipulation only.,information-based manipulation only.,both transaction-based manipulation and information-based manipulation.,A,transaction-based manipulation only.,"Correct because according to Standard II (B), Market Manipulation, transaction-based manipulation includes artificially affecting prices or volume to give the impression of activity or price movement, which the member did.",,
Equity & Ethics,Ethical and Professional Standards,3,Guidance for Standards I–VII,79,"To comply with the Standards, if a member is offered a paid position in addition to his current position that may conflict with his employer's interests, he is most likely required to:",decline the position.,notify his employer in writing before accepting the position.,obtain written consent from all parties involved before accepting the position.,C,obtain written consent from all parties involved before accepting the position.,"Correct because according to Standard IV (B), Additional Compensation Arrangements, Members and Candidates must not accept gifts, benefits, compensation, or consideration that competes with or might reasonably be expected to create a conflict of interest with their employer's interest unless they obtain written consent from all parties involved.",,
Equity & Ethics,Ethical and Professional Standards,3,Guidance for Standards I–VII,80,"A member receives an offer of compensation from a third party that might create a conflict of interest with the member's employer. According to the Standard relating to additional compensation arrangements, the member is most likely required to:",refuse the offer.,only disclose the offer to the employer.,obtain written consent from all parties involved prior to accepting the offer.,C,obtain written consent from all parties involved prior to accepting the offer.,"Correct because according to Standard IV (B), Additional Compensation Arrangements, Members and Candidates must not accept gifts, benefits, compensation, or consideration that competes with or might reasonably be expected to create a conflict of interest with their employer's interest unless they obtain written consent from all parties involved.",,
Equity & Ethics,Ethical and Professional Standards,3,Guidance for Standards I–VII,81,"Tom Oak, CFA, is an advisor to high-net-worth individuals. The risk tolerances of Oak's clients range from conservative to aggressive. He recommends an equity mutual fund which the prospectus describes as a ""high-growth and high-risk vehicle."" Oak observes that the volatility of the fund's price has been very low over the past three quarters. He therefore recommends investing a large proportion of each client's portfolio in the fund, citing the low volatility and excellent return potential. Oak has most likely violated the Standard(s) relating:",only to suitability.,only to misrepresentation.,both to suitability and to misrepresentation.,C,both to suitability and to misrepresentation.,"Correct because according to Standard III (C), Suitability, When Members and Candidates are in an advisory relationship with a client, they must make a reasonable inquiry into a client's or prospective client's investment experience, risk and return objectives, and they must determine that an investment is suitable to the client's financial situation and consistent with the client's written objectives, mandates, and constraints. By recommending to invest a large portion of the portfolio in this high-risk investment vehicle to clients with varying degrees of risk tolerance, and not only to clients with a high degree of risk tolerance, Oak violated Standard III (C). According to Standard I (C), Misrepresentation, Members and Candidates must not knowingly make any misrepresentations relating to investment analysis, recommendations, actions, or other professional activities. Even though the recent history of the fund shows risk lower than described in the investment policy of the fund, lacking a change in the fund's policy, it is neither accurate, nor appropriate, to represent the fund as having a lower-risk profile than specified by the fund's policy. By representing the fund in this manner and misrepresenting the investment, Oak has violated Standard I (C).",,
Equity & Ethics,Ethical and Professional Standards,3,Guidance for Standards I–VII,82,"Venture Energy Exchange (VEE) launches a new derivatives product on crude oil. The exchange's CEO, Adam Jaafar, CFA, enters into a confidential agreement with VEE's ten largest members, who commit to trading substantial minimum volumes of the new product in the first six months after its launch. The product's liquidity improves over the next five months. Jaafar is satisfied with the results and decides not to extend the confidential agreement once it expires. Has Jaafar violated the Standards?",No,"Yes, the Standard relating to fair dealing","Yes, the Standard relating to market manipulation",C,"Yes, the Standard relating to market manipulation","Correct because Jaafar's ""pump-priming"" strategy violates Standard II (B), Market Manipulation, which states that Members and Candidates must not engage in practices that distort prices or artificially inflate trading volume with the intent to mislead market participants. The formal liquidity of a market is determined by the obligations set on market makers, but the actual liquidity of a market is better estimated by the actual trading volume and bid–ask spreads. Attempts to mislead participants about the actual liquidity of the market constitute a violation of Standard II (B). In this example, investors have been intentionally misled to believe they chose the most liquid instrument for some specific purpose, but they could eventually see the actual liquidity of the contract significantly reduced after the term of the agreement expires. If Jaafar were to fully discloses its agreement with members to boost transactions over some initial launch period, he would not violate Standard II (B). Jaafar's intent is not to harm investors but, on the contrary, to give them a better service. For that purpose, he may engage in a liquidity-pumping strategy, but the strategy must be disclosed.",,
Equity & Ethics,Ethical and Professional Standards,3,Guidance for Standards I–VII,83,Which of the following is a recommended procedure for compliance with the Standard relating to performance presentation? Members should encourage their firms to:,"state, when applicable, that performance results are simulated.",use a representative account to present composite performance.,use identical performance presentation reports for all types of clients.,A,"state, when applicable, that performance results are simulated.","Correct because recommended procedures for compliance with Standard III (D), Performance Presentation, include disclosures that fully explain the performance results being reported (for example, stating, when appropriate, that results are simulated when model results are used).",,
Equity & Ethics,Ethical and Professional Standards,3,Guidance for Standards I–VII,84,"Adam Johnson, CFA, works at a large investment firm. After losing his taxi receipt for a business meeting, he uses his colleague's taxi receipt of a slightly higher value to submit his monthly expense claim to his employer. Recently, Johnson declared personal bankruptcy due to large medical bills for a family member. Has Johnson violated the Standard relating to misconduct?",No,"Yes, by submitting the expense claim","Yes, by declaring personal bankruptcy",B,"Yes, by submitting the expense claim","Correct because Standard I (D), Misconduct, states that Members must not engage in any professional conduct involving dishonesty, fraud, or receipt or commit any act that reflects adversely on their professional reputation, integrity, or competence. By using a colleague's taxi receipt of a higher value, Johnson engages in intentional conduct involving fraud and deceit in the work place that adversely reflects on his integrity.",,
Equity & Ethics,Ethical and Professional Standards,3,Guidance for Standards I–VII,85,"Michael Butcher, CFA, has recently joined Patriot Investments (PI) as an investment manager. With information gathered from public sources, Butcher re-creates supporting records from his former firm for investment recommendations at PI. Butcher also reviews client positions and routinely deletes records of the reviews that do not result in a change. Butcher has most likely violated the Standards:",only by deleting the reviews that do not result in a change.,only by re-creating supporting records for investment recommendations.,both by deleting the reviews that do not result in a change and by re-creating supporting records for investment recommendations.,A,only by deleting the reviews that do not result in a change.,"Correct because Standard V (C), Record Retention, states that the retention requirement applies to decisions to buy and sell a security as well as reviews undertaken that do not lead to a change in position.",,
Equity & Ethics,Ethical and Professional Standards,3,Guidance for Standards I–VII,86,"Ming Xu, CFA, is an investment advisor at Topnotch Advisors (TNA). Xu plans to leave TNA and start an independent advisory practice that would compete with TNA. Without notifying TNA of his plans, Xu makes preparations during non-working hours to start his independent practice. Has Xu most likely violated the Standards?",No,"Yes, the Standard relating to loyalty","Yes, the Standard relating to disclosure of conflicts",A,No,"Correct because Xu has not violated the Standards. According to Standard IV (A) Loyalty, a departing employee is generally free to make arrangements or preparations to go into a competitive business before terminating the relationship with his or her employer as long as such preparations do not breach the employee's duty of loyalty. There is no evidence to believe that Xu's action breaches her employer's duty of loyalty. Therefore, Xu she has not violated the Standard IV (A). Further, according to Standard VI (A) Disclosure of Conflicts, Members and Candidates must make full and fair disclosure of all matters that could reasonably be expected to impair their independence and objectivity or interfere with respective duties to their clients, prospective clients, and employer. Reportable situations include conflicts that would interfere with rendering unbiased investment advice and conflicts that would cause a member or candidate to act not in the employer's best interest. Xu only makes preparations during non-working hours to start her independent practice. Therefore, Xu has also not violated Standard VI (A).",,
Equity & Ethics,Ethical and Professional Standards,3,Guidance for Standards I–VII,87,"According to the Standards, members who are supervisors are most likely required to:",have in-depth knowledge of the Standards.,personally evaluate the conduct of all of their employees on a continuing basis.,report violations of the Standards by any employee under their supervision to CFA Institute.,A,have in-depth knowledge of the Standards.,"Correct because according to Standard IV (C), Responsibilities of Supervisors, Members and candidates acting as supervisors must also have in-depth knowledge of the Code and Standards so that they can apply this knowledge in discharging their supervisory responsibilities.",,
Equity & Ethics,Ethical and Professional Standards,3,Guidance for Standards I–VII,88,"Anna Yeung, CFA, is a research analyst with TL Securities (TLS). TLS does not have a policy on record retention, and applicable law does not require retaining records. Yeung only retains her work records electronically and deletes records older than three years. Are Yeung's actions consistent with the recommendations for compliance with the Standard relating to record retention?",Yes,"No, because she only retains her work records electronically","No, because she deletes her records that are older than three years",C,"No, because she deletes her records that are older than three years","Correct because according to Standard V (C), Record Retention, in the absence of regulatory guidance or firm policies, CFA Institute recommends maintaining records for at least seven years. Since she deletes records that are older than three years she is not consistent with the Standard relating to record retention.",,
Equity & Ethics,Ethical and Professional Standards,3,Guidance for Standards I–VII,89,"Patrick Tam, CFA, is a chemicals industry analyst for an investment firm. The president of Naxos Chemicals (Naxos) asks Tam to provide customized reports on global industry trends in return for free travel and accommodations for the Naxos annual shareholder meeting. To comply with the Standards, Tam is most likely required:",only to fully disclose the arrangement with Naxos to all of the firm's clients.,only to obtain written permission from his employer before accepting the offer from Naxos.,both to fully disclose the arrangement with Naxos to all of the firm's clients and to obtain written permission from his employer before accepting the offer from Naxos.,C,both to fully disclose the arrangement with Naxos to all of the firm's clients and to obtain written permission from his employer before accepting the offer from Naxos.,"Correct because according to Standard VI (A), Avoid or Disclose Conflicts, the most obvious conflicts of interest, which should always be disclosed, are relationships between an issuer and the member, candidate, or his or her firm (such as a directorship or consultancy by a member. Although the compensation Tam would receive for the industry reports is relatively meager, there would be a separate relationship with a firm he covers, which must be disclosed. In addition, according to Standard IV (B), Additional Compensation Arrangements, Members and candidates must not accept gifts, benefits, compensation, or consideration that competes with or might reasonably be expected to create a conflict of interest with their employer's interest unless they obtain written consent from all parties involved. Writing special reports for a company the analyst is following would reasonably be construed as creating a conflict of interest with the employer because Tam would be expected to write industry reports for his employer as the chemicals industry analyst.",,
Equity & Ethics,Ethical and Professional Standards,3,Guidance for Standards I–VII,90,"To be consistent with the Standard relating to record retention, a member should maintain records of which of the following?
• Item 1: A change in recommendation posted on social media.
• Item 2: Reviews of materials that do not lead to a change in recommendation.",Item 1 only,Item 2 only,Both Item 1 and Item 2,C,Both Item 1 and Item 2,"Correct because according to Standard V (C), Record Retention, the nature or format of the information does not remove a member's or candidate's responsibility to maintain a record of information used in his or her analysis or communicated to clients. Examples of nonprint media formats that should be retained include, but are not limited to blog posts and Twitter posts. The retention requirement applies to decisions to buy or sell a security as well as reviews undertaken that do not lead to a change in position.",,
Equity & Ethics,Ethical and Professional Standards,3,Guidance for Standards I–VII,91,"According to the recommended procedures for compliance with the Standard relating to responsibilities of supervisors, members should encourage their firms to:
Correct answer:",continually educate personnel regarding all of the firm's compliance procedures.,separate employees' professional conduct evaluations from their performance reviews.,integrate the firm's compliance procedures into its code of ethics to provide a comprehensive document.,A,continually educate personnel regarding all of the firm's compliance procedures.,"Correct because recommended procedures for compliance with Standard IV (C), Responsibilities of Supervisors, state that once a compliance program is in place, a supervisor should continually educate personnel regarding the compliance procedures.",,Question stem in book inadvertently includes 'Correct answer:' before Option A
Equity & Ethics,Ethical and Professional Standards,3,Guidance for Standards I–VII,92,"In the absence of regulations or firm policies, the Standards recommend retaining investment-related records for a minimum of:",five years.,seven years.,ten years.,B,seven years.,"Correct because Standard V (C), Record Retention, states that in the absence of regulatory guidance or firm policies, CFA Institute recommends maintaining records for at least seven years.",,
Equity & Ethics,Ethical and Professional Standards,3,Guidance for Standards I–VII,93,"A candidate taking the CFA Level II exam develops an analytical model while working as an unpaid intern at a brokerage firm. Before completing her internship, the candidate copies supporting documents used to create the model with an intention to recreate the model at a new firm she expects to join soon. Has the candidate violated the Standards?",No,"Yes, the Standard relating to record retention only","Yes, the Standard relating to record retention and the Standard relating to loyalty",C,"Yes, the Standard relating to record retention and the Standard relating to loyalty","Correct because Standard V(C), Record Retention, states that as a general matter, records created as part of a member's or candidate's professional activity on behalf of his or her employer are the property of the firm. When a member or candidate leaves a firm to seek other employment, the member or candidate cannot take the property of the firm, including original forms or copies of supporting records of the member's or candidate's work, to the new employer without the express consent of the previous employer. The candidate cannot copy the supporting documents without the consent of the current employer. Therefore, the candidate has violated the Standard V(C).
In addition, Standard IV(A), Loyalty, states that, even if a candidate does not receive monetary compensation for her services at a firm, she is considered an employee if she receives compensation and benefits in the form of work experience and knowledge. Therefore by copying the supporting document, the candidate violated Standard IV(A) because she misappropriated the firm's property without permission.",,
Equity & Ethics,Ethical and Professional Standards,3,Guidance for Standards I–VII,94,"Disclosures about the use of leverage, sector or industry risk, and security-specific risk are most likely included in the Standard relating to:",independence and objectivity.,responsibilities of supervisors.,communication with clients and prospective clients.,C,communication with clients and prospective clients.,"Correct because discussions about leverage, sector or industry risk, and security-specific risk are included in the guidance for Standard V (B), Communication with Clients and Prospective Clients. This Standard states that Members must outline to clients and prospective clients significant risks and limitations of the analysis contained in their investment products or recommendations. This includes but is not limited to the use of leverage, sector or industry risk, and security-specific risk. The type and nature of significant risks will depend on the investment process that members are following and on the personal circumstances of the client. In general, the use of leverage constitutes a significant risk and should be disclosed.",,
Equity & Ethics,Ethical and Professional Standards,3,Guidance for Standards I–VII,95,"Agnes Dupy, CFA, manages discretionary accounts at a large brokerage firm. She finds a suitable set of the firm's proprietary equity mutual funds for one of her clients. Dupy's firm is awarding a special quarterly bonus to managers who use one of the highest-fee funds on the list of suitable funds, so she invests in that fund for her client without contacting the client. Dupy has most likely violated the Standard(s) relating:",only to fair dealing.,only to avoid or disclose conflicts.,both to fair dealing and to avoid or disclose conflicts.,B,only to avoid or disclose conflicts.,"Correct because Standard VI (A), Avoid or Disclose Conflicts, states that the Standard protects investors and employers by requiring members and candidates to fully disclose to clients, potential clients, and employers all actual and potential conflicts of interest. Dupy violated the standard by not disclosing the special bonus for the chosen fund.",,
Equity & Ethics,Ethical and Professional Standards,3,Guidance for Standards I–VII,96,Which of the following examples is most likely a violation of the Standards? A member who is a supervisor:,delegates supervisory duties to subordinates who oversee other employees.,relies on an employee's statement that previous wrongdoing will not reoccur and takes no additional steps.,"fails to detect all violations, although the member has taken reasonable steps to implement an effective compliance program.",B,relies on an employee's statement that previous wrongdoing will not reoccur and takes no additional steps.,"Correct because according to Standard IV (C), Responsibilities of Supervisors, once a supervisor learns that an employee has violated or may have violated the law or the Code and Standards, the supervisor must promptly initiate an assessment to determine the extent of the wrongdoing. Relying on an employee's statements about the extent of the violation or assurances that the wrongdoing will not reoccur is not enough. A supervisor should take steps to ensure that the violation will not be repeated. A supervisor must make sure that such violation will not reoccur.",,
Equity & Ethics,Ethical and Professional Standards,3,Guidance for Standards I–VII,97,A candidate posts questions from the most recent CFA exam in an online forum. This action is a violation of the Standard(s) relating:,to preservation of confidentiality only.,to conduct as participants in CFA Institute programs only.,both to preservation of confidentiality and to conduct as participants in CFA Institute programs.,B,to conduct as participants in CFA Institute programs only.,"Correct because Standard VII(A), Conduct as Participants in CFA Institute Programs, states CFA Institute program rules, regulations, and policies prohibit candidates from disclosing confidential material gained during the exam process. Examples of information that cannot be disclosed by candidates sitting for an exam include but are not limited to specific details of questions appearing on the exam.",,
Equity & Ethics,Ethical and Professional Standards,3,Guidance for Standards I–VII,98,"According to the Standard relating to responsibilities of supervisors, a member who cannot discharge supervisory responsibilities due to his firm's inadequate compliance system should:",decline in writing to accept supervisory responsibility only.,report the inadequate compliance system to the CFA Institute only.,both decline in writing to accept supervisory responsibility and report the inadequate compliance system to the CFA Institute.,A,decline in writing to accept supervisory responsibility only.,"Correct because according to Standard IV(C), responsibilities of supervisors, if the member or candidate clearly cannot discharge supervisory responsibilities because of the absence of a compliance system or because of an inadequate compliance system, the member or candidate should decline in writing to accept supervisory responsibility until the firm adopts reasonable procedures to allow adequate exercise of supervisory responsibility.",,
Equity & Ethics,Ethical and Professional Standards,3,Guidance for Standards I–VII,99,"Which of the following Standards states that members must not commit any act that reflects adversely on their professional reputation, integrity, or competence? The Standard relating to:",fair dealing,misconduct,"loyalty, prudence, and care",B,misconduct,"Correct because according to Standard I (D), Misconduct, Members and Candidates must not engage in any professional conduct involving dishonesty, fraud, or deceit or commit any act that reflects adversely on their professional reputation, integrity, or competence.",,
Equity & Ethics,Ethical and Professional Standards,3,Guidance for Standards I–VII,100,"Anna Schulz, CFA, is a securities analyst. When she joined her firm, Schulz's manager, Zhang Feng, CFA, informed her only that ""the CFA Institute Code and Standards pretty much cover the company's compliance rules."" In her personal account, Schulz holds a large position in a company that she recommends for purchase to clients. Schulz does not report this holding to her firm or clients. The Standards were most likely violated:",only by Zhang.,only by Schulz.,both by Zhang and by Schulz.,C,both by Zhang and by Schulz.,"Correct because according to Standard IV (C), Responsibilities of Supervisors, Members and Candidates must promote actions by all employees under their supervision and authority to comply with applicable laws, rules, regulations, and firm policies and the Code and Standards. At a minimum, Standard IV(C) requires that members and candidates with supervisory responsibility make reasonable efforts to prevent and detect violations by ensuring the establishment of effective compliance systems. To be effective supervisors, members and candidates should implement education and training programs on a recurring or regular basis for employees under their supervision. Such programs will assist the employees with meeting their professional obligations to practice in an ethical manner within the applicable legal system. Therefore, by not thoroughly explaining to Schulz or training Schulz in requirements for compliance with applicable laws, rules, regulations, and firm policies, and by not employing/implementing an effective compliance system, Zhang violated this Standard. In addition, Schulz violated Standard VI (A), Avoid or Disclose Conflicts, which protects investors and employers by requiring members and candidates to fully disclose to clients, potential clients, and employers all actual and potential conflicts of interest. Also, sell-side members and candidates must disclose any materially beneficial ownership interest in a security or other investment that the member or candidate is recommending. By not disclosing that Schulz holds a large position in a company that she recommends for purchase to clients, Schulz is in violation of Standard VI (A)",,
Equity & Ethics,Ethical and Professional Standards,3,Guidance for Standards I–VII,101,"Rayan Tengku, CFA, manages an equity fund. When talking to potential investors, Tengku presents the fund's average historical performance as the minimum performance investors can expect over the next year. After releasing the most recent quarterly fund report, Tengku finds an error in the report. He immediately sends the corrected report to all clients by e-mail and then calls only those clients who pay for premium services to discuss the report. Tengku has most likely violated the Standard(s) relating:",only to fair dealing.,only to performance presentation.,both to fair dealing and to performance presentation.,B,only to performance presentation.,"Correct because Standard III (D), Performance Presentation, prohibits misrepresentations of past performance or reasonably expected performance. A member or candidate must give a fair and complete presentation of performance information. Furthermore, members and candidates should not state or imply that clients will obtain or benefit from a rate of return that was generated in the past. Therefore, by stating that the fund's average historic performance is representative of investors' minimum future performance, Tengku has violated Standard III (D).",,
Equity & Ethics,Ethical and Professional Standards,3,Guidance for Standards I–VII,102,"Emilio Torro, CFA, owns a small investment firm. He sends a brochure to potential clients which states: ""As a CFA charterholder, Emilio Torro will deliver better investment performance compared to the competition. Over the past 6 years, Torro has beaten the market in every single year and will continue to do so in the future."" Torro has most likely violated the Standard(s) relating to:",performance presentation only.,"reference to the CFA Institute, the CFA Designation, and the CFA Program only.","both performance presentation and reference to the CFA Institute, the CFA Designation, and the CFA Program.",C,"both performance presentation and reference to the CFA Institute, the CFA Designation, and the CFA Program.","Correct because according to Standard III (D), Performance Presentation, members and candidates should not state or imply that clients will obtain or benefit from a rate of return that was generated in the past. This standard also prohibits misrepresentations of past performance or reasonably expected performance. By stating ""Over the past 6 years, Torro has beaten the market in every single year and will continue to do so in the future"", Torro has violated Standard III (D) because he misrepresents reasonably expected performance.
According to Standard VII (B), Reference to CFA Institute, the CFA Designation, and the CFA Program, statements that overstate the competency of an individual or imply, either directly or indirectly, that superior performance can be expected from someone with the CFA designation are not allowed under the standard. Therefore, by stating, ""As a CFA charterholder, Emilio Torro will deliver better investment performance compared to the competition"", Torro has violated Standard VII (B) because he states that superior performance can be expected from someone with the CFA designation. Therefore, Torro has violated both the Standard relating to performance presentation and the Standard relating to reference to the CFA Institute, the CFA Designation, and the CFA Program.",,
Equity & Ethics,Ethical and Professional Standards,3,Guidance for Standards I–VII,103,"Herman Standish, CFA, is a top analyst in the semiconductor industry. Standish issues a report on International Chips (IC) to clients of his firm that highlights a change in his recommendation from ""hold"" to ""strong buy."" He writes in the report: ""Just as it has in the past two years, IC will double its earnings and its dividend."" After three business days, Standish releases the report to the business press. Which of the following Standards has Standish most likely violated?",Only the Standard relating to material nonpublic information,Only the Standard relating to communication with clients and prospective clients,Both the Standard relating to material nonpublic information and the Standard relating to communication with clients and prospective clients,B,Only the Standard relating to communication with clients and prospective clients,"Correct because Standard V (B), Communication with Clients and Prospective Clients, requires that opinion be separated from fact. Violations often occur when reports fail to separate the past from the future by not indicating that earnings estimates, changes in the outlook for dividends, or future market price information are opinions subject to future circumstances. Standish violated the Standard by writing IC will double its earnings and its dividend in his report.",,
Equity & Ethics,Ethical and Professional Standards,3,Guidance for Standards I–VII,104,Member violations of the Standard relating to misconduct must involve a(n):,illegal act.,violation of one of the other Standards.,act that reflects adversely on the member's professional reputation.,C,act that reflects adversely on the member's professional reputation.,"Correct because Standard I (D), Misconduct, states that Members and Candidates must not engage in any professional conduct involving dishonesty, fraud, or deceit or commit any act that reflects adversely on their professional reputation, integrity, or competence.",,
Equity & Ethics,Ethical and Professional Standards,3,Guidance for Standards I–VII,105,"Hemant Sampath, CFA, is a wealth manager. He is contacted by a charity requesting donations. Sampath refuses to share information about existing clients to protect client confidentiality. While communicating with existing clients, Sampath shares contact details of the charity. He also shares contact details of former clients with the charity. Has Sampath violated the Standards?",No,"Yes, the Standard relating to preservation of confidentiality","Yes, the Standard relating to communication with clients and prospective clients",B,"Yes, the Standard relating to preservation of confidentiality","Correct because Standard III(E), Preservation of Confidentiality, requires that members and candidates preserve the confidentiality of information communicated to them by their clients, prospective clients, and former clients. Sampath breaches Standard III(E) by sharing contact details of former clients with the charity.",,
Equity & Ethics,Ethical and Professional Standards,3,Guidance for Standards I–VII,106,CFA Institute encourages members to report other members' violations of the Code and Standards in writing to the CFA Institute:,Board of Governors.,Professional Conduct Program.,Disciplinary Review Committee.,B,Professional Conduct Program.,"Correct because CFA Institute encourages members, nonmembers, clients, and the investing public to report violations of the Code and Standards by CFA Institute members or CFA candidates by submitting a complaint in writing to the CFA Institute Professional Conduct Program.",,
Equity & Ethics,Ethical and Professional Standards,3,Guidance for Standards I–VII,107,"Which of the following is among the recommended procedures for compliance with the Standard relating to preservation of confidentiality?
• Procedure 1: Convey to clients that not all firm-sponsored resources may be appropriate for confidential communications.
• Procedure 2: Ensure that firm-supported communications follow practices designed to prevent the accidental distribution of confidential information.",Only Procedure 1,Only Procedure 2,Both Procedure 1 and Procedure 2,C,Both Procedure 1 and Procedure 2,"Correct because according to Standard III(E), Preservation of Confidentiality, members and candidates should be diligent in discussing with clients the appropriate methods for providing confidential information. It is important to convey to clients that not all firm-sponsored resources may be appropriate for such communications. So, Procedure 1 is correct. The standard also states that members and candidates need to understand and follow their firm's electronic information communication and storage procedures. If the firm does not have procedures in place, members and candidates should encourage the development of procedures that appropriately reflect the firm's size and business operations. So, Procedure 2 is also correct.",,
Equity & Ethics,Ethical and Professional Standards,3,Guidance for Standards I–VII,108,A member has a client who pays higher fees for premium services. The Standards most likely allow the member to provide that client with:,larger allocations of oversubscribed IPOs.,earlier access to investment recommendations and rating changes.,direct access to research analysts to discuss published investment ratings in greater detail.,C,direct access to research analysts to discuss published investment ratings in greater detail.,"Correct because according to Standard III (B), Fair Dealing, members and candidates may provide more personal, specialized, or in-depth service to clients who are willing to pay for premium services through higher management fees or higher levels of brokerage. Members and candidates may differentiate their services to clients, but different levels of service must not disadvantage or negatively affect clients. Therefore, a member is permitted to provide direct access to research analysts to discuss published investment ratings in greater detail for a client who pays higher fees for premium services.",,
Equity & Ethics,Ethical and Professional Standards,3,Guidance for Standards I–VII,109,"Jong Byun, CFA, is a broker who recommends various investments to his clients, but is not legally charged with a fiduciary responsibility. Byun finds two similar and appropriate mutual funds. One of the funds has a higher fee-sharing arrangement with the broker so he recommends that fund to his clients over the fund with lower fees. Has Byun most likely violated the Standards?",No,"Yes, the Standard relating to suitability","Yes, the Standard relating to loyalty, prudence, and care",C,"Yes, the Standard relating to loyalty, prudence, and care","Correct because according to Standard III (A) Loyalty, Prudence and Care, members and Candidates must act for the benefit of their clients and place their clients' interests before their employer's or their own interest. By recommending the fund with the higher fee-sharing when another lower-fee alternative is available, Byun is putting his own interests before those of his clients. Even though he does not have a legal fiduciary requirement, Byun, as a member and has the responsibility to put his clients' needs before his own.",,
Equity & Ethics,Ethical and Professional Standards,3,Guidance for Standards I–VII,110,"Maria Estefan, CFA, recently founded Inversiones Unidas (IU). Estefan has a 5-year fund management track record as part of a team with her previous firm, Alto Investments (AI). Estefan advertises her past 5-year track record as her performance at IU without reference to AI or her role on the team at AI. Estefan most likely violates the Standards:",only by advertising her performance without reference to AI.,only by advertising her performance without reference to her role on the team at AI.,both by advertising her performance without reference to AI and by advertising her performance without reference to her role on the team at AI.,C,both by advertising her performance without reference to AI and by advertising her performance without reference to her role on the team at AI.,"Correct because according to Standard III (D), Performance Presentation, when communicating investment performance information, members and candidates must make reasonable efforts to ensure that it is fair, accurate, and complete. Further, as a general matter, this standard does not prohibit showing past performance of funds managed at a prior firm as part of a performance track record as long as showing that record is accompanied by appropriate disclosures about where the performance took place and the person's specific role in achieving that performance. So, Estefan is permitted to advertise her past five-year track record with AI provided she makes adequate disclosures in the advertisement relating to the IU's performance presentation. Therefore, Estefan has violated Standard III (D) because she advertised her performance without reference to AI and also failed to make reference to her role on the team at AI.",,
Equity & Ethics,Ethical and Professional Standards,3,Guidance for Standards I–VII,111,"Jan Ho, CFA, is an advisor who manages portfolios for endowment funds that share a similar goal of conservative growth. He has thoroughly researched and recommended the purchase of a thinly-traded stock for his clients' portfolios. To execute the trades, Ho follows his policy of prioritizing purchases for his largest clients first. Ho has most likely violated the Standard relating to:",suitability.,fair dealing.,priority of transactions.,B,fair dealing.,"Correct because Standard III(B), Fair Dealing, requires members and candidates to treat all clients fairly when disseminating investment recommendations or making material changes to prior investment recommendations or when taking investment action with regard to general purchases, new issues, or secondary offerings. Further, the term ""fairly"" implies that the member or candidate must take care not to discriminate against any clients when disseminating investment recommendations or taking investment action. Therefore, Ho cannot discriminate between his largest clients and other clients by prioritizing trades for the former group first. By doing do, Ho has violated Standard III(B).",,
Equity & Ethics,Ethical and Professional Standards,3,Guidance for Standards I–VII,112,"Alicia Garcia, CFA, is a broker. Her firm's analyst changes a prior ""Buy"" recommendation on Ajax Data (AD) to ""Sell"" and Garcia publishes the recommendation change on the firm's website. Later that day, one of Garcia's clients contacts her with an order directing Garcia to buy shares of AD for the client's non-discretionary account. According to the Standard relating to fair dealing, Garcia should:",refuse to execute the order.,advise the client of the recommendation change before accepting the order.,accept and immediately execute the order because the client's account is non-discretionary.,B,advise the client of the recommendation change before accepting the order.,"Correct because Standard III (B), Fair Dealing, addresses the manner in which investment recommendations or changes in prior recommendations are disseminated to clients. Clients who do not know that the member or candidate has changed a recommendation and who, therefore, place orders contrary to a current recommendation should be advised of the changed recommendation before the order is accepted. Therefore, Garcia should advise the client of the recommendation change before accepting the order.",,
Equity & Ethics,Ethical and Professional Standards,3,Guidance for Standards I–VII,113,"Ria Preston, CFA, works for an investment firm. Her brother is a fee-paying client of the firm. Preston allocates shares in an oversubscribed IPO that she considers suitable for all of her firm's clients. To avoid potential conflicts of interest, Preston does not allocate shares from the IPO to herself or to her brother. Has Preston most likely violated the Standards?",No,"Yes, the Standard relating to fair dealing","Yes, the Standard relating to diligence and reasonable basis",B,"Yes, the Standard relating to fair dealing","Correct because according to Standard III (B), Fair Dealing, if the issue is oversubscribed, members and candidates should forgo any sales to themselves or their immediate families in order to free up additional shares for clients. If the investment professional's family-member accounts are managed similarly to the accounts of other clients of the firm, however, the family-member accounts should not be excluded from buying such shares. In addition, Standard III (B) requires members and candidates to treat all clients fairly when disseminating investment recommendations or making material changes to prior investment recommendations or when taking investment action with regard to general purchases, new issues, or secondary offerings. As a fee-paying client, Preston's brother's account must be treated like as any other client account and allocated shares accordingly. Therefore, Preston has violated Standard III (B) because she failed to allocate shares to her brother's account.",,
Equity & Ethics,Ethical and Professional Standards,3,Guidance for Standards I–VII,114,"Judy Naden, CFA, is an analyst covering the aerospace sector. Naden's recommendations often impact stock prices within the sector. Naden finalizes an investment recommendation on a company using published financial data and nonmaterial, nonpublic information gathered from industry experts and competitors. She distributes the report only to her firm's clients by email. Her firm's clients trade on this information before her report is made available to the general public a few days later. Has Naden most likely violated the Standards?
Correct answer:",No,"Yes, by using the information gathered from industry experts and competitors in her report","Yes, by failing to make her recommendation available to her firm's clients and the public at the same time",A,No,"Correct because according to Standard II (A), Material Nonpublic Information, a financial analyst gathers and interprets large quantities of information from many sources. The analyst may use significant conclusions derived from the analysis of public and nonmaterial nonpublic information as the basis for investment recommendations and decisions even if those conclusions would have been material inside information had they been communicated directly to the analyst by a company. Under the ""mosaic theory,"" financial analysts are free to act on this collection, or mosaic, of information without risking violation. Therefore, Naden is permitted to use published financial data and nonmaterial, nonpublic information gathered from industry experts and competitor to arrive at his investment recommendation. Further, Standard II (A) states, when a particularly well-known or respected analyst issues a report or makes changes to his or her recommendation, that information alone may have an effect on the market and thus may be considered material. Theoretically, under Standard II(A), such a report would have to be made public at the time it was distributed to clients. The analyst is not a company insider, however, and does not have access to inside information. In addition, simply because the public in general would find the conclusions material does not require that the analyst make his or her work public. So, Naden is not required to make her recommendation available to her clients and the public at the same time. Therefore, Naden has not violated Standard II (A) either by using the information gathered from industry experts and competitors in her report or by failing to make her recommendation available to her clients and the public at the same time.",,Question stem in book inadvertently includes 'Correct answer:' before Option A
Equity & Ethics,Ethical and Professional Standards,3,Guidance for Standards I–VII,115,"According to the guidance provided by the Code and Standards, which of the following is not a recommended procedure for compliance with the Standard relating to material nonpublic information?",Physical separation of departments,Adopt disclosure procedures for material nonpublic information,Avoid public dissemination of material nonpublic information received,C,Avoid public dissemination of material nonpublic information received,"Correct because this is not a recommended procedure for compliance with Standard II (A), Material Non-Public Information. The recommended procedure is in fact the opposite, the member should make reasonable efforts to achieve public dissemination of the information.",,
Equity & Ethics,Ethical and Professional Standards,3,Guidance for Standards I–VII,116,A member works for an investment firm and implements policies to ensure that the use of soft dollars benefits clients. These policies are most likely put in place to comply with the Standard relating to:,referral fees.,"loyalty, prudence, and care.",additional compensation arrangements.,B,"loyalty, prudence, and care.","Correct because, according to Standard III (A), Loyalty, Prudence, and Care, conflicts may arise when an investment manager uses client brokerage to purchase research services, a practice commonly called 'soft dollars' or 'soft commissions.' A member or candidate who pays a higher brokerage commission than he or she would normally pay to allow for the purchase of goods or services, without corresponding benefit to the client, violates the duty of loyalty to the client. Therefore, a member who implements policies to ensure that the use of soft dollars benefits clients complies with the Standard relating to loyalty, prudence, and care.",,
Equity & Ethics,Ethical and Professional Standards,3,Guidance for Standards I–VII,117,"According to the recommended procedures for compliance with the Standard relating to loyalty, prudence, and care, a member who has control of client assets should:",vote proxies in the best interests of her firm.,submit quarterly itemized account statements to her clients.,combine her clients' assets with other parties' assets to reduce administrative costs.,B,submit quarterly itemized account statements to her clients.,"Correct because according to recommended procedures for compliance with Standard III (A), Loyalty, Prudence, and Care, a member should submit to each client, at least quarterly, an itemized statement showing the funds and securities in the custody or possession of the member or candidate plus all debits, credits, and transactions that occurred during the period.",,
Equity & Ethics,Ethical and Professional Standards,3,Guidance for Standards I–VII,118,"Mark Joy, CFA, manages the pension fund for Bank Ltd. (BL). Joy believes that BL stock is overvalued. BL's CEO requests Joy purchase BL stock for BL's pension fund to help prevent a hostile takeover of BL. Joy complies and his purchase of BL stock for the pension fund helps prevent the takeover. Subsequently, BL's stock price increases, which also increases the value of BL's pension fund. Has Joy most likely violated the Standard relating to loyalty, prudence, and care?",No,"Yes, because BL stock subsequently increased","Yes, because Joy complies with the CEO's request",C,"Yes, because Joy complies with the CEO's request","Correct because Standard III (A), Loyalty, Prudence, and Care, states that members have a duty of loyalty to their clients. When the manager is responsible for the portfolios of pension plans, the client is not the person or entity who hires the manager but, rather, the beneficiaries of the plan or trust. The duty of loyalty is owed to the ultimate beneficiaries. Joy should not have complied with the CEO's request to buy the stock when he believes the stock is overvalued, because his duty is not owed to BL nor to the CEO. His duty is owed to the BL pension fund beneficiaries. Therefore, Joy would not be permitted to purchase the stock, and this is the correct answer.",,
Equity & Ethics,Ethical and Professional Standards,3,Guidance for Standards I–VII,119,"According to the Standard relating to loyalty, prudence, and care, a member who is hired to manage an equity mutual fund:",is required to vote proxies in all instances.,"owes the duty of loyalty, prudence, and care to the firm who hired her to serve as fund manager.","owes the duty of loyalty, prudence, and care to invest in a manner consistent with the stated mandate.",C,"owes the duty of loyalty, prudence, and care to invest in a manner consistent with the stated mandate.","Correct because according to the guidance for Standard III (A), Loyalty, Prudence and Care: Members and candidates managing a fund to an index or an expected mandate owe the duty of loyalty, prudence, and care to invest in a manner consistent with the stated mandate.",,
Equity & Ethics,Ethical and Professional Standards,3,Guidance for Standards I–VII,120,"Rebecca Chen, CFA, is a portfolio manager at an investment firm. Chen has been specializing in the technology sector. She recently expanded her coverage to the oil sector. Chen attends training to ensure that she has sufficient knowledge of the oil sector before taking the new role. After comprehensive research, Chen concludes that First Oil Company (FOC) is undervalued and buys FOC shares for her clients for whom the investment is suitable. Two months later, FOC's price declines by 20%. Has Chen violated the Standards?",No,"Yes, the Standard relating to competence","Yes, the Standard relating to diligence and reasonable basis",A,No,"Correct because Standard I(E), Competence, states that to be competent in your role and meet your duties under this standard means having sufficient knowledge, skills, and abilities suitable for a professional to work in that specific role with success. These attributes govern the expertise, experience, and accomplishments that professionals need to perform at the highest level. While competence allows members and candidates the opportunity to undertake an activity successfully, lack of competence cannot necessarily be determined by an unsuccessful or a negative outcome. Many competent investment professionals have experienced failure or loss in their professional lives. Chen has obtained the knowledge in new area and completed a comprehensive research before buying the shares to her clients for whom the investment is suitable. Therefore, Chen has not violated Standard I(E) even though the stock price declined by 20%.
In addition, Standard V(A), Diligence and Reasonable Basis, states that members and candidates must exercise diligence, independence, and thoroughness in analyzing investments, making investment recommendations, and taking investment actions. Chen has completed comprehensive research before buying the shares to her clients for whom the investment is suitable. Therefore, she has also not violated the Standard V(A).",,
Equity & Ethics,Ethical and Professional Standards,3,Guidance for Standards I–VII,121,"Which of the following is among the recommended procedures for compliance with the Standard relating to misrepresentation?
• Procedure 1: Each member should prepare for client distribution a list of services that the member is capable of performing.
• Procedure 2: Members should cite specific quotations as attributable to 'investment experts' when confidentiality of the sources has to be preserved.",Procedure 1 only,Procedure 2 only,Both Procedure 1 and Procedure 2,A,Procedure 1 only,"Correct because the recommended procedures for compliance with Standard I (C), Misrepresentation, state that to ensure accurate presentations to clients, each member and candidate should prepare a summary of his or her own qualifications and experience and a list of the services the member or candidate is capable of performing.",,
Equity & Ethics,Ethical and Professional Standards,3,Guidance for Standards I–VII,122,"According to the recommended procedures for compliance with the Standard relating to misrepresentation, a member should:",refrain from using information received from a third party.,update a summary of her professional qualifications at least quarterly.,keep copies of the materials that the member relied on in preparing each research report.,C,keep copies of the materials that the member relied on in preparing each research report.,"Correct because according to recommended procedures for compliance with Standard I (C), Misrepresentation, to avoid plagiarism members should keep copies of all research reports, articles containing research ideas, material with new statistical methodologies, and other materials that were relied on in preparing the research report.",,
Equity & Ethics,Ethical and Professional Standards,3,Guidance for Standards I–VII,123,A member most likely violates the Standard relating to misrepresentation if he:,distributes a research report written by another firm to his clients.,"attributes a quotation to ""a leading analyst"" without naming the analyst.",uses research done by an analyst who no longer works for the firm without providing attribution to that analyst.,B,"attributes a quotation to ""a leading analyst"" without naming the analyst.","Correct because according to Standard I (C), Misrepresentation, misrepresentation through plagiarism in investment management can take various forms including citing specific quotations as attributable to 'leading analysts' and 'investment experts' without naming the specific references.",,
Equity & Ethics,Ethical and Professional Standards,3,Guidance for Standards I–VII,124,"Donovan Jones, CFA, works at Grae Investments (GI). GI invests in commodities, stocks, and bonds. Prices for its illiquid holdings are determined by an independent valuation firm. Jones markets performance using a small-cap equity index as a benchmark. Jones switches to a different valuation firm due to its better customer service and lower cost. The switch results in a marginal increase to the current estimated value of its illiquid assets. Jones has most likely violated the Standard relating to misrepresentation:",only by switching valuation firms.,only by using the small-cap equity index as a benchmark.,both by switching valuation firms and by using the small-cap equity index as a benchmark.,B,only by using the small-cap equity index as a benchmark.,"Correct because according to Standard I (C), Misrepresentation, members and candidates may misrepresent the success of their performance record through presenting benchmarks that are not comparable to their strategies. The small-cap equity index is not comparable to the described strategy which includes ownership of a mix of commodities, stocks, and bonds.",,
Equity & Ethics,Ethical and Professional Standards,3,Guidance for Standards I–VII,125,"Fred Berkam, CFA, makes the following two statements in his communication to clients regarding his equity-based hedge fund:
• Statement 1: ""The fund has reported seven consecutive years of gains, so investors are assured of avoiding losses next year.""
• Statement 2: ""The fund's complex strategy does not fit well with any standard benchmark; therefore no performance benchmark is provided.""
Berkam has most likely violated the Standards with:",Statement 1 only.,Statement 2 only.,both Statement 1 and Statement 2.,A,Statement 1 only.,"Correct because Standard I (C), Misrepresentation, prohibits members and candidates from guaranteeing clients any specific return on volatile investments. Stating that an equity-based fund can guarantee against a potential loss is a violation.",,
Equity & Ethics,Ethical and Professional Standards,3,Guidance for Standards I–VII,126,"Alesha Alsagoff, CFA, is hired by Acacia Papermill to manage its pension plan. She must report annual performance results to the plan trustees. Alsagoff's duty of loyalty, prudence, and care is primarily owed to:",Acacia Papermill.,the pension plan trustees.,the beneficiaries of the pension plan.,C,the beneficiaries of the pension plan.,"Correct because when the manager is responsible for the portfolios of pension plans or trusts, however, the client is not the person or entity who hires the manager, but, rather, the beneficiaries of the plan or trust. The duty of loyalty is owed to the ultimate beneficiaries.",,
Equity & Ethics,Ethical and Professional Standards,3,Guidance for Standards I–VII,148,"Elana Paralova, a Level I CFA candidate working at an asset management firm, wants to make a good impression on a prospective client. She tells the prospect: ""Getting the CFA Charter will show I am serious about protecting the interests of my clients and it will boost my reputation. Once I get the Charter, I also hope to make more money by getting promoted!"" Her colleague, Jacob Klemmer, CFA, tells Paralova: ""Study all subjects for each exam, you never know what will be included. The three exams will be the most difficult exams you will ever take. Any promotion and pay raise will reflect your enhanced skills."" Did either Paralova or Klemmer violate the Standards?
Correct answer:",No.,Only Paralova violates the Standards.,Only Klemmer violates the Standards.,A,No.,"Correct because neither Paralova or Klemmer violated CFA Standards through their statements. Paralova did not violate Standard VII(B) Reference to CFA Institute, the CFA Designation, and the CFA Program when she made her comments about what getting the Charter will reflect and the hope for a pay raise. The Standard states, When referring to CFA Institute, CFA Institute membership, the CFA designation, or candidacy in the CFA Program, Members and Candidates must not misrepresent or exaggerate the meaning or implications of membership in CFA Institute, holding the CFA designation, or candidacy in the CFA program. Klemmer did not violate Standard VII (B) Reference to CFA Institute, the CFA Designation, and the CFA Program when he expressed his opinion that Paralova's potential pay raise will reflect her enhanced skills. Klemmer also complied with Standard VII(A) Responsibilities as a CFA Institute Member or CFA Candidate, Conduct as Participants in CFA Institute Programs when stating an opinion about the difficulty of the exam without revealing any specific details or the need to study all subjects. The Standard states that candidates must not engage in any conduct that compromises the integrity, validity, or security of CFA Institute programs.",,Question stem in book inadvertently includes 'Correct answer:' before Option A; Judgment call: placed in LM 3 (Guidance for Standards I–VII) based on coverage of Standards VII(A) and VII(B) following GIPS section
Equity & Ethics,Ethical and Professional Standards,3,Guidance for Standards I–VII,149,"Jayson Kite, CFA, a senior analyst, is preparing a research report on a shipping company. Kite concludes that the stock of a company is a good investment and decides to put a ""buy"" recommendation on the stock. According to the recommended procedures for compliance, Kite should communicate the recommendation:",within the firm first and then to customers.,to customers first and then within the firm.,simultaneously within the firm and to customers.,C,simultaneously within the firm and to customers.,"Correct because according to the recommended procedures for compliance with Standard III (B), Fair Dealing, a common practice to assure fair dealing is to communicate recommendations simultaneously within the firm and to customers. Members and candidates should encourage firms to develop guidelines that prohibit personnel who have prior knowledge of an investment recommendation from discussing or taking any action on the pending recommendation. Members and candidates should encourage firms to develop guidelines that prohibit personnel who have prior knowledge of an investment recommendation from discussing or taking any action on the pending recommendation.",,Judgment call: placed in LM 3 (Guidance for Standards I–VII) based on coverage of Standard III(B) Fair Dealing following GIPS section
Equity & Ethics,Ethical and Professional Standards,3,Guidance for Standards I–VII,150,"Tim Howley, CFA, ""pumps up"" the price of a security by spreading misleading information and later ""dumps"" the security after the price reaches an artificially high level. Howley has most likely violated the Standard relating to:",market manipulation.,independence and objectivity.,material nonpublic information.,A,market manipulation.,"Correct because according to the Standard II(B), market manipulation includes (1) the dissemination of false or misleading information. Also, information-based manipulation includes, but is not limited to, spreading false rumors to induce trading by others. For example, members and candidates must refrain from ""pumping up"" the price of an investment by issuing misleading positive information or overly optimistic projections of a security's worth only to later ""dump"" the investment (i.e., sell it) once the price, fueled by the misleading information's effect on other market participants, reaches an artificially high level.",,Judgment call: placed in LM 3 (Guidance for Standards I–VII) based on coverage of Standard II(B) Market Manipulation following GIPS section
Equity & Ethics,Ethical and Professional Standards,4,Introduction to GIPS,127,Which of the following statements regarding the GIPS standards is accurate?,All fee-paying client portfolios must be included in at least one composite,All portfolios with the same investment mandate are aggregated into a composite,Aggregation of portfolios into composites is based on the actual performance of the portfolios every year,B,All portfolios with the same investment mandate are aggregated into a composite,"Correct because according to the GIPS standards, A composite is an aggregation of one or more portfolios managed according to a similar investment mandate, objective, or strategy.",,
Equity & Ethics,Ethical and Professional Standards,4,Introduction to GIPS,128,Which of the following comments concerning composites meeting the requirements of the GIPS standards is correct?,A firm's claim of compliance requires all fee-paying accounts managed by the firm be included in at least one composite,"The requirement to create, use and maintain composites is designed to prevent firms using the best-performing accounts to represent an investment strategy","A composite must include all actual, fee-paying, discretionary and non-discretionary portfolios managed in accordance with the same investment mandate, objective, or strategy",B,"The requirement to create, use and maintain composites is designed to prevent firms using the best-performing accounts to represent an investment strategy","Correct because one of the key concepts of the standards is the required use of composites. A composite is an aggregation of one or more portfolios managed according to a similar investment mandate, objective, or strategy. The requirement to create, use and maintain composites is designed to prevent firms from cherry-picking—using the best-performing accounts to represent the performance of an investment strategy.",,
Equity & Ethics,Ethical and Professional Standards,4,Introduction to GIPS,129,"Which of the following statements describe the key concepts of the GIPS standards?
• Statement 1: The GIPS standards are ethical standards to ensure full disclosure of investment performance
• Statement 2: The GIPS standards require firms to maintain composites for all strategies for which the firm manages discretionary and nondiscretionary accounts
• Statement 3: The GIPS standards address all aspects of performance measurement",Statement 1,Statement 2,Statement 3,A,Statement 1,"Correct GIPS standards are ethical standards for investment performance presentation to ensure fair representation and full disclosure of investment performance. So, Statement 1 is a key concept of the GIPS standards.",,
Equity & Ethics,Ethical and Professional Standards,4,Introduction to GIPS,130,A firm claiming compliance with GIPS standards is required to:,perform verification of the firm's claim of compliance.,maintain its compliance even after the firm has been verified by an independent third party.,determine selection criteria regarding which existing portfolios to include in a composite at the end of the reporting period.,B,maintain its compliance even after the firm has been verified by an independent third party.,"Correct because firms that claim compliance with the GIPS standards are responsible for their claim of compliance and for maintaining that compliance. That is, firms self-regulate their claim of compliance. Therefore, including when compliance is verified by an independent third party, the firm is always responsible for maintaining that compliance.",,
Equity & Ethics,Ethical and Professional Standards,4,Introduction to GIPS,131,"With respect to the GIPS standards, which of the following statements is most accurate? Verification:",of GIPS compliance is mandatory if the firm claims GIPS compliance.,is performed by the firm when self-regulating and certifying its claim of compliance.,tests whether the firm's processes are designed to present performance results in compliance with the GIPS standards.,C,tests whether the firm's processes are designed to present performance results in compliance with the GIPS standards.,"Correct because according to GIPS, Verification is a process by which an independent verification firm (verifier) conducts testing of a firm on a firm-wide basis in accordance with the required verification procedures of the GIPS standards. Verification provides assurance on whether the firm's policies and procedures related to composite and pooled fund maintenance, as well as the calculation, presentation, and distribution of performance, have been designed in compliance with the GIPS standards and have been implemented on a firm-wide basis.",,
Equity & Ethics,Ethical and Professional Standards,4,Introduction to GIPS,132,"According to the GIPS standards, verification is:",performed with respect to an entire firm.,performed by a firm's compliance department.,mandatory for firms that claim compliance with the GIPS standards.,A,performed with respect to an entire firm.,"Correct because according to the GIPS standards, verification is performed with respect to an entire firm, not on specific composites or pooled funds.",,
Equity & Ethics,Ethical and Professional Standards,4,Introduction to GIPS,133,The objectives of the GIPS standards include:,promoting financial regulators' interests.,promoting industry self-regulation on a global basis.,obtaining acceptance of multiple local standards for accurate performance presentation.,B,promoting industry self-regulation on a global basis.,Correct because one of the objectives of the GIPS standards is to promote industry self-regulation on a global basis.,,
Equity & Ethics,Ethical and Professional Standards,4,Introduction to GIPS,134,"According to the GIPS standards, verification must be performed:",with respect to an entire firm.,on specific composites of a firm.,by a firm's compliance department.,A,with respect to an entire firm.,"Correct because verification is performed with respect to an entire firm, not on specific composites or pooled funds.",,
Equity & Ethics,Ethical and Professional Standards,4,Introduction to GIPS,135,Asset managers are most likely required to do which of the following as part of their adherence to the GIPS standards?,Adhere to certain calculation methodologies,Only follow the minimum GIPS requirements at the time of composite creation,Include all non-discretionary funds in at least one composite reflecting the investment mandate,A,Adhere to certain calculation methodologies,"Correct, because the GIPS standards rely on the integrity of input data, the quality of which is critical to creating accurate performance presentations. The underlying valuations of portfolio holdings drive performance. It is essential for these and other inputs to be accurate. The GIPS standards require firms to adhere to certain calculation methodologies to allow for comparability across firms.",,
Equity & Ethics,Ethical and Professional Standards,4,Introduction to GIPS,136,Which of the following statements is most accurate? Compliance with the GIPS standards:,by firms eliminates the need for in-depth due diligence by investors.,enables firms to participate in competitive bids against other GIPS-compliant firms.,is mandatory for firms conducting business in countries that do not have regulations relating to investment performance presentation.,B,enables firms to participate in competitive bids against other GIPS-compliant firms.,Correct because compliance enables the GIPS-compliant firm to participate in competitive bids against other compliant firms throughout the world.,,
Equity & Ethics,Ethical and Professional Standards,4,Introduction to GIPS,137,Which of the following is not a key concept of the GIPS standards? The GIPS standards for firms:,require the use of composites.,rely on the integrity of input datA.,address every aspect of performance measurement.,C,address every aspect of performance measurement.,"Correct because according to the GIPS standards, the GIPS standards do not address every aspect of performance measurement. Therefore, it is not a key concept of the GIPS standards to address every aspect of performance measurement.",,
Equity & Ethics,Ethical and Professional Standards,4,Introduction to GIPS,138,Verification provides assurance that which of the following have been designed in compliance with the GIPS standards?,Only the calculation and presentation of the firm's performance,Only the firm's policies related to composite and pooled fund maintenance,"Both the calculation and presentation of the firm's performance, and the firm's policies related to composite and pooled fund maintenance",C,"Both the calculation and presentation of the firm's performance, and the firm's policies related to composite and pooled fund maintenance","Correct because verification provides assurance on whether the firm's policies and procedures related to composite and pooled fund maintenance, as well as the calculation, presentation, and distribution of performance, have been designed in compliance with the GIPS standards and have been implemented on a firm-wide basis.",,
Equity & Ethics,Ethical and Professional Standards,4,Introduction to GIPS,139,"According to the GIPS standards, verification:",is performed on a firm-wide basis.,must be performed by a firm's compliance department.,ensures the accuracy of specific composite presentations.,A,is performed on a firm-wide basis.,"Correct because verification is performed with respect to an entire firm, not on specific composites.",,
Equity & Ethics,Ethical and Professional Standards,4,Introduction to GIPS,140,A firm claiming compliance with the GIPS standards must:,state that its calculation methodology is in accordance with the GIPS standards.,disclose for which firm assets only partial compliance with the GIPS standards is achieved.,document policies and procedures used in establishing compliance with the GIPS standards.,C,document policies and procedures used in establishing compliance with the GIPS standards.,"Correct because the Fundamentals of Compliance of the GIPS standards state that the FIRM MUST document its policies and procedures used in establishing and maintaining compliance with the REQUIREMENTS of the GIPS standards, as well as any RECOMMENDATIONS it has chosen to adopt, and apply them consistently.",,
Equity & Ethics,Ethical and Professional Standards,4,Introduction to GIPS,141,"According to the GIPS standards, which of the following statements is correct?
• Statement 1: When local regulations conflict with the GIPS standards, firms are required to comply with the GIPS standards if the conflict relates to composite construction.
• Statement 2: When local regulations conflict with the GIPS standards for performance presentation, firms are required to comply with local regulation.",Statement 1 only,Statement 2 only,Both Statement 1 and Statement 2,B,Statement 2 only,"Correct because according to the GIPS standards, in cases in which laws and/or regulations conflict with the GIPS standards, firms are required to comply with the laws and regulations and make full disclosure of the conflict in the GIPS Report.",,
Equity & Ethics,Ethical and Professional Standards,4,Introduction to GIPS,142,"A firm has been in existence for seven years. In order to comply with the GIPS standards, the minimum number of years of GIPS-compliant performance data the firm is initially required to present is:",three years.,five years.,seven years.,B,five years.,"Correct because the GIPS standards state that a firm is required to initially present, at a minimum, five years of annual investment performance that is compliant with the GIPS standards. If the composite or pooled fund has been in existence less than five years, the firm must present performance since the composite or pooled fund inception date. Prospectively, the firm must present an additional year of performance each year, building up to a minimum of 10 years of GIPS-compliant performance.",,
Equity & Ethics,Ethical and Professional Standards,4,Introduction to GIPS,143,The GIPS standards most likely:,assure prospective clients of the accuracy of a firm's reported investment performance.,help prospective clients consider all relevant information in order to evaluate a firm's past investment performance.,require investment firms to disclose to prospective clients in a standardized form their own methodologies for calculating performance.,B,help prospective clients consider all relevant information in order to evaluate a firm's past investment performance.,"Correct because according to GIPS standards, institutions and individuals are constantly scrutinizing past investment performance returns in search of the best manager to achieve their investment objectives. Further, the GIPS standards ensure fair representation and full disclosure of investment performance. In other words, the GIPS standards lead investment management firms to avoid misrepresentations of performance and to communicate all relevant information that prospective clients should know in order to evaluate past results. Therefore, the GIPS standards help prospective clients consider all relevant information in order to evaluate a firm's past investment performance.",,
Equity & Ethics,Ethical and Professional Standards,4,Introduction to GIPS,144,"Which of the following can claim compliance with the GIPS standards?
Correct answer:",Only asset owners,Only software vendors that assist firms in claiming compliance with the GIPS standards,Both asset owners and software vendors that assist firms in claiming compliance with the GIPS standards,A,Only asset owners,"Correct because asset owners may comply with the GIPS standards in the same way as firms if they compete for business. If they don't compete for business but report their performance to an oversight body, asset owners may choose to comply with the GIPS standards for asset owners. Therefore, asset owners can claim compliance with the GIPS standards.",,Question stem in book inadvertently includes 'Correct answer:' before Option A
Equity & Ethics,Ethical and Professional Standards,4,Introduction to GIPS,145,"Which of the following statements is accurate?
• Statement 1: Compliance with the GIPS standards eliminates the need for an investor to conduct in-depth due diligence of an investment management firm
• Statement 2: Compliance with the GIPS standards by external managers facilitates understanding of risk and return sources of funds supervised by an asset owner",Statement 1 only,Statement 2 only,Both Statement 1 and Statement 2,B,Statement 2 only,"Correct because the GIPS standards benefit asset managers and their prospective clients and asset owners and their oversight bodies. Particularly, where asset owners require their external managers to comply with the GIPS standards, reporting to the oversight body using the same principles facilitates the understanding of the sources of risk and excess return in the funds under supervision. Therefore, Statement 2 is accurate.",,
Equity & Ethics,Ethical and Professional Standards,4,Introduction to GIPS,146,"After a 3-year-old firm has presented a minimum of three years of GIPS-compliant performance, the GIPS standards require the firm to present an additional year of performance each year until the firm reports a minimum of:",five years.,seven years.,ten years.,B,seven years.,"Correct because the GIPS standards state that a firm is required to initially present, at a minimum, five years of annual investment performance that is compliant with the GIPS standards. If the composite or pooled fund has been in existence less than five years, the firm must present performance since the composite or pooled fund inception date. Prospectively, the firm must present an additional year of performance each year, building up to a minimum of ten years of GIPS-compliant performance.","[ADDED BY CLAUDE, not in book] The answer key incorrectly lists B (seven years). Under GIPS standards, a firm must present at least five years of compliant performance (or since inception if less than five years) and add one year each year until a 10-year track record is achieved. Therefore, the correct option is C (ten years).","Wrong answer letter in key: book key gives B (seven years), but GIPS standards and the book's own explanation state building up to a minimum of 10 years (Option C)"
Equity & Ethics,Ethical and Professional Standards,4,Introduction to GIPS,147,"An investment firm manages a $200 million composite to a small-cap growth style. The firm sells $50 million of these managed assets to a competing money manager. In order to remain in compliance with the GIPS standards, the firm must:",exclude the $50 million from the firm's historical performance.,continue to include the $50 million in the firm's historical performance until the assets were sold.,show the historical performance of the $50 million separately from the firm's historical performance of the remaining $150 million.,B,continue to include the $50 million in the firm's historical performance until the assets were sold.,"Correct because according to GIPS standards, changes in the FIRM'S organization must not lead to alteration of historical performance. Therefore, the firm must continue to include the $50 million in the firm's historical performance.",,