Pack,Subject,LM_No,Learning_Module,Book_Q_No,Question,Option_A,Option_B,Option_C,Correct_Option,Correct_Answer_Text,Book_Explanation,Added_Explanation,Flags
Vikas Vohra,Fixed Income,14,Overview of Asset-Backed Securities,8,"In the securitization process, the trustee most likely:",sells the underlying collateral.,owns the underlying collateral.,holds the underlying collateral.,C,holds the underlying collateral.,"8. C is correct because a trustee or trustee agent is typically a financial institution with 
trust powers that safeguards the assets after they have been sold to the SPE, holds 
the funds due to the ABS holders until they are paid, and provides periodic 
information to the ABS holders.",,
Vikas Vohra,Fixed Income,14,Overview of Asset-Backed Securities,9,The coupon of a residential mortgage-backed security is the:,pass-through rate.,weighted average coupon rate.,rate on the underlying pool of mortgages.,A,pass-through rate.,"9. A is correct because a mortgage pass-through security Õs coupon rate is called the 
pass- through rate. The pass-through rate is lower than the mortgage rate on the 

                                                                                    
 
underlying pool of mortgages by an amount equal to the servicing and other 
administrative fees. The pass-through rate that the investor receives is said to be 
""net interest"" or ""net coupon.",,
Vikas Vohra,Fixed Income,6,Yield and Spread Measures for Fixed-Rate Bonds,10,"The stated annual yield to maturity on a semiannual bond basis is 3.66%. The effective 
annual yield is closest to:",3.63%.,3.69%.,7.45%.,B,3.69%.,"10. B is correct because an effective annual rate has a periodicity of one because there 
is just one compounding period in the year. No calculations are required based on the 
intuitive idea that due to semi-annual compounding, the effective annual yield must 
be slightly higher. The formula to calculate the effective annual yield of a semi-annual 
pay bond is: 
= (1 +  𝑦𝑖𝑒𝑙𝑑/2)ଶ – 1 = (1 +  0.0366/2)ଶ – 1 = 1.036935 – 1 = .036935 ≈ 3.69%.",,
Vikas Vohra,Fixed Income,14,Overview of Asset-Backed Securities,11,"In a securitization, the purchase agreement between the seller of the collateral and 
the special purpose entity most likely provides:",a description of the transaction structure.,representations about the quality of the assets.,documentation of enhancements used to reduce credit risk.,B,representations about the quality of the assets.,"11. B is correct because an important legal document is the purchase agreement between 
the seller of the collateral and the SPE, which sets forth the representations and 
warranties that the seller makes about the assets sold. These representations and 
warranties assure investors about the quality of the assets.",,
Vikas Vohra,Fixed Income,9,Yield-Based Bond Duration Measures and Convexity,12,"An analyst gathers the following information about a bond: 
 
The approximate convexity of this bond is closest to:",521.,"1,042.","2,604.",B,"1,042.",12. B is correct because ApproxCon =,,
Vikas Vohra,Fixed Income,6,Yield and Spread Measures for Fixed-Rate Bonds,13,A break-even reinvestment rate is most likely equivalent to a(n):,par rate.,spot rate.,implied forward rate.,C,implied forward rate.,"13. C is correct because an implied forward rate is a break-even reinvestment rate. It 
links the return on an investment in a shorter-term zero-coupon bond to the return 
on an investment in a longer-term zero-coupon bond.",,
Vikas Vohra,Fixed Income,5,Fixed-Income Bond Valuation: Prices and Yields,14,"A bond trading at its no-arbitrage value is priced at a premium. The sum of the 
present value of the bond's cash flows discounted at spot rates is:","less than the sum of the present values of the bond's cash flows discounted at 
its yield to maturity. 

Fixed Income: Practice Pack 
Faculty: Vikas Vohra                                                                                   Page 3 of 35","equal to the sum of the present values of the bond's cash flows discounted at its 
yield to maturity.","greater than the sum of the present values of the bond's cash flows discounted 
at its yield to maturity.",B,"equal to the sum of the present values of the bond's cash flows discounted at its 
yield to maturity.","14. B is correct because bond price (or value) determined using the spot rates is 
sometimes referred to as the bondÕs 'no-arbitrage value'. If the current market price 
equals the 'no-arbitrage value, discounting the cash flows by either spot rates or 
yield to maturity arrives to the same price.",,
Vikas Vohra,Fixed Income,1,Fixed-Income Instrument Features,15,"An analyst gathers the following information about a company that only has senior 
unsecured debt: 
 
In a bankruptcy scenario, if the priority of claims is enforced, it is most likely that:",fixed-rate bond is repaid first because it matures earlier.,both bondholders are repaid proportionally to the amount owed.,FRN is repaid first because it has the highest amount outstanding.,B,both bondholders are repaid proportionally to the amount owed.,"15. B is correct because both bonds represent forms of senior unsecured debt and 
therefore, all creditors are at the same level of the capital structure and treated as 
one class; thus, a senior unsecured bondholder whose debt is due in 30 years has the 
same pro rata claim in bankruptcy as one whose debt matures in six months. This 
provision is referred to as bonds ranking pari passu ('on an equal footing') in right of 
payment.",,
Vikas Vohra,Fixed Income,9,Yield-Based Bond Duration Measures and Convexity,16,"All else being equal, reinvestment risk is greatest for:",putable bonds.,callable bonds.,non-callable convertible bonds.,B,callable bonds.,"16. B is correct because callable bonds present investors with a higher level of 
reinvestment risk than non-callable bonds; that is, if the bonds are called, 
bondholders have to reinvest funds in a lower interest rate environment.",,
Vikas Vohra,Fixed Income,5,Fixed-Income Bond Valuation: Prices and Yields,17,"An analyst is concerned that a bond might be downgraded one category by Standard 
& Poor's and become non-investment grade. The current rating of this bond is most 
likely:",A–.,BB–.,BBB–.,C,BBB–.,"17. C is correct because BBB– is the lowest rating for investment grade bonds. A one-
category downgrade (from BBB– to BB–) would make the bond non-investment grade.",,
Vikas Vohra,Fixed Income,3,Fixed-Income Issuance and Trading,18,"A corporation with a holding company structure has debt at both its parent holding 
company and operating subsidiaries. Debt at the operating level must be serviced 
before funds can be upstreamed to pay debt at the holding company. This 
arrangement best describes:",structural subordination.,a cross-default provision.,the corporate family rating.,A,structural subordination.,"18. A is correct because another factor considered by rating agencies is structural 
subordination, which can arise when a corporation with a holding company structure 
has debt at both its parent holding company and operating subsidiaries. Debt at the 
operating subsidiaries will get serviced by the cash flow and assets of the 
subsidiaries before funds can be passed (“upstreamed”) to the holding company to 
service debt at that level.",,
Vikas Vohra,Fixed Income,9,Yield-Based Bond Duration Measures and Convexity,19,"For an option-free fixed-rate bond trading at a premium, as the coupon payment date 
approaches, Macaulay duration most likely:",decreases.,remains constant.,increases.,A,decreases.,"19. A is correct because as times passes during the coupon period (moving from right to 
left in the diagram), the Macaulay duration declines smoothly and then jumps upward 
after the coupon is paid. The usual pattern is that longer times-to-maturity 
correspond to higher Macaulay duration statistics. This pattern always holds for 
bonds trading at par value or at a premium above par. Conversely, a shorter time to 
maturity corresponds to a lower Macaulay duration during the coupon period.",,
Vikas Vohra,Fixed Income,5,Fixed-Income Bond Valuation: Prices and Yields,20,"Using the rating scale from Standard & Poor's or Fitch, the lowest rating for an 
investment-grade bond is:",BBB–.,BBB.,BBB+.,A,BBB–.,"20. A is correct because bonds rated Baa3 or higher by Moody's and BBB– or higher by 
Standard & Poor's and Fitch are considered investment grade.",,
Vikas Vohra,Fixed Income,12,Credit Analysis for Corporate Issuers,21,The EBITDA/interest expense ratio is best classified as a:,leverage ratio.,coverage ratio.,profitability ratio.,B,coverage ratio.,"21. B is correct because coverage ratios measure an issuer's ability to meet—to “cover”—
its interest payments. The two most common are the EBITDA/interest expense and 
EBIT/interest expense ratios.",,
Vikas Vohra,Fixed Income,3,Fixed-Income Issuance and Trading,22,Which of the following statements is most accurate? US commercial paper typically:,requires the issuer to pledge collateral.,requires the issuer to have a backup line of credit.,has a maturity ranging from a few days up to two years.,B,requires the issuer to have a backup line of credit.,"22. B is correct because credit rating agencies often require that commercial paper 
issuers secure a backup line of credit from banks.",,
Vikas Vohra,Fixed Income,9,Yield-Based Bond Duration Measures and Convexity,23,"The current yield for a 4.5% coupon, 10-year bond, with a maturity par value of $100 
and currently priced at $85.70 is closest to:",4.50%.,5.25%.,5.93%.,B,5.25%.,23. B is correct because current yield is calculated as ($4.5/$85.70) = 5.25%.,,
Vikas Vohra,Fixed Income,14,Overview of Asset-Backed Securities,24,"Which of the following types of collateralized debt obligations (CDOs) are most likely 
backed by asset-backed securities?",Structured finance CDOs,Collateralized loan obligations,Collateralized bond obligations,A,Structured finance CDOs,"24. A is correct because collateralized debt obligation (CDO) is a generic term used to 
describe a security backed by a diversified pool of one or more debt obligations: 
CDOs backed by ABS, RMBS, CMBS, and other CDOs are structured finance CDOs.",,
Vikas Vohra,Fixed Income,9,Yield-Based Bond Duration Measures and Convexity,25,"An analyst gathers the following information about a 6% coupon bond currently 
trading at par: 
 
The bond's effective duration is closest to:",3.75.,7.45.,7.50.,B,7.45.,"25. B is correct because effective duration = (PV+ − PV- ) / (2 × Δcurve × PV0) = ( 100.75 
− 99.26) / (2 × 0.001 × 100.00) = 7.45.",,
Vikas Vohra,Fixed Income,9,Yield-Based Bond Duration Measures and Convexity,26,"An analyst gathers the following information about a pension plan's liabilities: 
 
If interest rates are currently 1.0%, the effective duration of the liabilities is 
closest to:",6.5.,12.9.,25.8.,B,12.9.,"26. B is correct because effective duration = (PV– – PV+)/(2 × ΔCurve × PV0) = ($198 
million – $174 million)/(2 × 0.005 × $186 million) = 12.9032 ≈ 12.9.",,
Vikas Vohra,Fixed Income,9,Yield-Based Bond Duration Measures and Convexity,27,Which of the following is a curve duration measure?,Modified duration,Effective duration,Macaulay duration,B,Effective duration,"27. B is correct because effective duration is a curve duration statistic in that it 
measures interest rate risk in terms of a parallel shift in the benchmark yield curve.",,
Vikas Vohra,Fixed Income,14,Overview of Asset-Backed Securities,28,Bonds issued in the Eurobond market are most likely:,denominated only in euros.,in the form of registered bonds.,issued within the jurisdiction of the issuer's home country.,B,in the form of registered bonds.,"28. B is correct because Eurobonds, domestic, and foreign bonds are now registered 
bonds for which ownership is recorded by either name or serial number.",,
Vikas Vohra,Fixed Income,9,Yield-Based Bond Duration Measures and Convexity,29,"For a coupon bond with a negative yield, compounding more frequently within the year 
results in a yield-to-maturity that is:",more negative.,the same.,less negative.,A,more negative.,"29. A is correct because compounding more frequently within the year results in a lower 
(more negative) yield-to-maturity.",,
Vikas Vohra,Fixed Income,8,Interest Rate Risk and Return,30,"All else being equal, expected loss for a debt instrument:",is independent of the recovery rate.,decreases as the recovery rate increases.,changes proportionally to the recovery rate.,B,decreases as the recovery rate increases.,"30. B is correct because Expected loss = Default probability × Loss severity given default, 
where loss severity is often expressed as (1 – Recovery rate), where the recovery 
rate is the percentage of the principal amount recovered in the event of default. 
Thus expected loss can also be written as Expected loss = Default probability × (1 – 
Recovery rate), which means that the higher the recovery rate, the lower the 
expected loss.",,
Vikas Vohra,Fixed Income,5,Fixed-Income Bond Valuation: Prices and Yields,31,Matrix pricing is most likely used to estimate the price of a bond that:,is highly liquid.,is not yet issued.,has unknown credit quality.,B,is not yet issued.,"31. B is correct because for bonds that are not yet issued it is common to estimate the 
market discount rate and price based on the quoted or flat prices of more frequently 
traded comparable bonds. These comparable bonds have similar times-to-maturity, 
coupon rates, and credit quality. This estimation process is called matrix pricing.",,
Vikas Vohra,Fixed Income,14,Overview of Asset-Backed Securities,32,"All else being equal, the risk of a strategic default for a non-recourse mortgage is 
most likely:",lower than for a recourse mortgage.,"the same as for a recourse mortgage. 

Fixed Income: Practice Pack 
Faculty: Vikas Vohra                                                                                   Page 6 of 35",greater than for a recourse mortgage.,C,greater than for a recourse mortgage.,"32. C is correct because for a non-recourse mortgage, the borrower may have an incentive 
to default on an underwater mortgage and allow the lender to foreclose on the 
property, even if resources are available to continue to make mortgage payments. 
This type of default by a borrower is referred to as a “strategic default. In countries 
where residential mortgages are recourse loans, a strategic default is less likely 
because the lender can seek to recover the shortfall from the borrower's other 
assets and/or income. Therefore, the risk of a strategic default is higher for a non-
recourse mortgage.",,
Vikas Vohra,Fixed Income,9,Yield-Based Bond Duration Measures and Convexity,33,"For bonds with embedded options, the most appropriate measure of price sensitivity 
to interest rate changes is:",effective duration.,modified duration.,Macaulay duration.,A,effective duration.,"33. A is correct because effective duration is essential to the measurement of the 
interest rate risk of a complex bond, such as a bond that contains an embedded call 
option. In brief, a callable bond does not have a well-defined internal rate of return 
(yield-to-maturity). Therefore, yield duration statistics, such as modified and 
Macaulay durations, do not apply; effective duration is the appropriate duration 
measure.",,
Vikas Vohra,Fixed Income,9,Yield-Based Bond Duration Measures and Convexity,34,"For a bond with an embedded option, effective duration is the most appropriate 
measure of interest rate risk because the bond's:",future cash flows are uncertain.,internal rate of return is well-defined.,pricing is sensitive to changes in credit spreads.,A,future cash flows are uncertain.,"34. A is correct because effective duration is essential to the measurement of the 
interest rate risk of a complex bond, such as a bond that contains an embedded call 
option. The problem is that future cash flows are uncertain because they are 
contingent on future interest rates. The issuerÕs decision to call the bond depends on 
the ability to refinance the debt at a lower cost of funds. Effective duration is the 
appropriate duration measure.",,
Vikas Vohra,Fixed Income,5,Fixed-Income Bond Valuation: Prices and Yields,35,"An analyst gathers the following information about a spot curve: 
 
If the coupon rate of a 3-year annual-pay bond is 4%, the price of the bond is closest 
to:",97.28.,99.86.,100.00.,B,99.86.,"35. B is correct because given the spot rates, the price of a bond can be calculated using 
the following formula: PV =",,
Vikas Vohra,Fixed Income,9,Yield-Based Bond Duration Measures and Convexity,36,"The price of an option-free bond increases by 7% when the yield to maturity 
decreases by 100 basis points. If the price of this bond decreases by 7%, the yield 
to maturity most likely increases by:",less than 100 basis points.,100 basis points.,more than 100 basis points.,C,more than 100 basis points.,"36. C is correct because for the same coupon rate and time-to-maturity, the percentage 
price change is greater (in absolute value, meaning without regard to the sign of the 
change) when the market discount rate goes down than when it goes up (the convexity 
effect).",,
Vikas Vohra,Fixed Income,9,Yield-Based Bond Duration Measures and Convexity,37,"All else being equal, the absolute value of the percentage price change for an option-
free bond is most likely:","less when the market discount rate decreases than when it increases by the same 
amount.","the same whether the market discount rate decreases or increases by the same 
amount.","greater when the market discount rate decreases than when it increases by the 
same amount.",C,"greater when the market discount rate decreases than when it increases by the 
same amount.","37. C is correct because for the same coupon rate and time-to-maturity, the percentage 
price change is greater (in absolute value, meaning without regard to the sign of the 
change) when the market discount rate goes down than when it goes up (the convexity 
effect).",,
Vikas Vohra,Fixed Income,6,Yield and Spread Measures for Fixed-Rate Bonds,38,"An analyst gathers the following information about three option-free bonds: 
 
All else being equal, if the market discount rate decreases by 50 basis points, the 
bond most likely to experience the greatest percentage price change is:",Bond 1.,Bond 2.,Bond 3.,C,Bond 3.,"38. C is correct because for the same time-to-maturity, a lower-coupon bond has a 
greater percentage price change than a higher-coupon bond when their market 
discount rates change by the same amount (the coupon effect). Bond 3 has the same 
time-to-maturity as Bond 1 but a lower coupon, thus Bond 3 would experience a 
greater percentage price change compared to Bond 1. Also, generally, for the same 
coupon rate, a longer-term bond has a greater percentage price change than a 
shorter-term bond when their market discount rates change by the same amount (the 
maturity effect). Bond 3 has the same coupon rate as Bond 2 but a longer maturity, 
thus Bond 3 would experience a greater percentage price change compared to Bond",,
Vikas Vohra,Fixed Income,7,"The Term Structure of Interest Rates: Spot, Par, and Forward Curves",39,Implied forward rates are best defined as the:,geometric average of spot rates.,breakeven reinvestment rates between zero-coupon bonds.,current yield to maturity on zero-coupon bonds of different maturities.,B,breakeven reinvestment rates between zero-coupon bonds.,"39. B is correct because implied forward rates (also known as forward yields) are 
calculated from spot rates. An implied forward rate is a break-even reinvestment 
rate. When the market is in equilibrium (no arbitrage) the implied forward rate is the 
same as the forward rate.",,
Vikas Vohra,Fixed Income,9,Yield-Based Bond Duration Measures and Convexity,40,"Effective duration is the most appropriate measure of interest rate risk for a bond 
with an embedded option because the bond does not have a well-defined:",effective convexity.,internal rate of return.,curve duration statistic.,B,internal rate of return.,"40. B is correct because in brief, a callable bond does not have a well-defined internal 
rate of return (yield-to-maturity). Therefore, yield duration statistics, such as 
modified and Macaulay durations, do not apply; effective duration is the appropriate 
duration measure.",,
Vikas Vohra,Fixed Income,14,Overview of Asset-Backed Securities,41,"When interest rates increase, mortgage-backed securities most likely exhibit 
increased:",extension risk.,contraction risk.,reinvestment risk.,A,extension risk.,"41. A is correct because extension risk is the risk that when interest rates rise, 
prepayments will be lower than forecasted because homeowners are reluctant to give 
up the benefits of a contractual interest rate that now looks low. As a result, a 
security backed by mortgages will typically have a longer maturity than was 
anticipated at the time of purchase.",,
Vikas Vohra,Fixed Income,12,Credit Analysis for Corporate Issuers,42,Tightening corporate bond yield spreads are most likely associated with:,issuersÕ deteriorating creditworthiness.,periods of high demand for corporate bonds.,broker-dealers' reduced ability and willingness to make markets.,B,periods of high demand for corporate bonds.,"42. B is correct because in periods of high demand for bonds, spreads will move tighter.",,
Vikas Vohra,Fixed Income,5,Fixed-Income Bond Valuation: Prices and Yields,43,In a repurchase agreement:,only the lender of funds is exposed to credit risk.,credit risk is eliminated by using highly rated sovereign bonds as collateral.,"the initial margin offers partial protection against changes in the market value of 
the collateral.",C,"the initial margin offers partial protection against changes in the market value of 
the collateral.","43. C is correct because in addition to the high quality of underlying securities, repos 
include features designed to reduce the risk of a collateral shortfall over the 
contract life. One such feature is the provision of collateral in excess of the cash 
exchanged, known as initial margin.",,
Vikas Vohra,Fixed Income,9,Yield-Based Bond Duration Measures and Convexity,44,"With respect to a bond with an embedded option, for parallel shifts in the benchmark 
yield curve, effective duration most likely indicates the same interest rate sensitivity 
as:",key rate durations.,modified duration.,Macaulay duration.,A,key rate durations.,"44. A is correct because for parallel shifts in the benchmark yield curve, key rate 
durations will indicate the same interest rate sensitivity as effective duration.",,
Vikas Vohra,Fixed Income,14,Overview of Asset-Backed Securities,45,"In a securitization, a senior/subordinated structure is most likely a form of:",time tranching.,credit tranching.,prepayment risk management.,B,credit tranching.,"45. B is correct because it is common for securitizations to include a form of internal 
credit enhancement called subordination, also referred to as credit tranching. In 
such a structure, there is more than one bond class or tranche, and the bond classes 
differ as to how they will share any losses resulting from defaults of the borrowers 
whose loans are in the collateral. The bond classes are classified as senior bond 
classes or subordinated bond classes—hence, the reason this structure is also 
referred to as a senior/subordinated structure.",,
Vikas Vohra,Fixed Income,9,Yield-Based Bond Duration Measures and Convexity,46,"Modified duration is the most appropriate measure of interest rate risk for which of 
the following securities?",Callable bond,US Treasury bond,Mortgage-backed bond,B,US Treasury bond,"46. B is correct because modified duration can be used to measure the interest rate risk 
of a non-complex bond such as a US Treasury bond, while effective duration is 
essential to the measurement of the interest rate risk of a complex bond, such as a 
bond that contains an embedded call option.",,
Vikas Vohra,Fixed Income,9,Yield-Based Bond Duration Measures and Convexity,47,"The percentage price change for a bond, given a change in its yield to maturity, is 
best estimated by:",effective duration.,modified duration.,Macaulay duration.,B,modified duration.,"47. B is correct because modified duration is a yield duration statistic in that it measures 
interest rate risk in terms of a change in the bondÕs own yield-to-maturity.  Modified 
duration provides an estimate of the percentage price change for a bond given a 
change in its yield-to-maturity.",,
Vikas Vohra,Fixed Income,9,Yield-Based Bond Duration Measures and Convexity,48,"An analyst gathers the following information about an annual-pay bond: 
 
If the yield to maturity decreases by 100 basis points, the expected percentage 
change in the bondÕs price is closest to:",9.43%.,9.57%.,10.00%.,B,9.57%.,"48. B is correct because modified duration provides an estimate of the percentage price 
change for a bond given a change in its yield-to-maturity [YTM]. 
Modified duration = Macaulay Duration / (1+r) = 10.0/1.045 = 9.5694 
%*SYMBOL*PV≈ ¬AnnModDur × ∆Yield = –9.5694 × –1% = 9.5694% ≈ 9.57%.",,
Vikas Vohra,Fixed Income,3,Fixed-Income Issuance and Trading,49,Which of the following is most likely a negative covenant?,The issuer must comply with all laws and regulations.,The issuance of new debt must be junior to existing bondholder debt.,"New debt obligations are treated the same as the borrower Õs other senior debt 
instruments.",B,The issuance of new debt must be junior to existing bondholder debt.,"49. B is correct because negative pledges prevent the issuance of debt that would be 
senior to or rank in priority ahead of the existing bondholdersÕ debt. This is a negative 
covenant.",,
Vikas Vohra,Fixed Income,9,Yield-Based Bond Duration Measures and Convexity,50,"An analyst gathers the following information about a 4% annual-payment bond with a 
current yield-to-maturity of 4.0%: 
 
The bondÕs annualized Macaulay duration is closest to:",4.28.,4.45.,4.63.,C,4.63.,"50. C is correct because it adjusts the Approximate Modified Duration by 1 + yield to 
maturity to determine the Macaulay duration. AppxModDur = [(PV-) − (PV+)]/[2 × 
(ΔYield) × (PV0)] = (100.45 – 99.56)/(2 × 0.001 × 100) = 4.45. 
Macaulay duration = modified duration × (1 + YTM) = 4.45 × (1 + 0.04) = 4.628 ≈ 4.63.",,
Vikas Vohra,Fixed Income,12,Credit Analysis for Corporate Issuers,51,"An analyst gathers the following information about a company (in $ millions): 
 
Interest coverage using EBIT is closest to:",7x.,8x.,9x.,B,8x.,"51. B is correct because operating income is defined as operating revenues minus 
operating expenses and is commonly referred to as 'earnings before interest and 
taxes' (EBIT). Interest coverage using EBIT is operating income/interest expense. 
= $120/15 = 8.",,
Vikas Vohra,Fixed Income,9,Yield-Based Bond Duration Measures and Convexity,52,"Which of the following duration statistics best measures the sensitivity of a bond Õs 
price to a flattening of the yield curve?",Key rate duration,Effective duration,Macaulay duration,A,Key rate duration,"52. A is correct because key rate duration (or partial duration ) is a measure of a bondÕs 
sensitivity to a change in the benchmark yield curve at a specific maturity segment. 
In contrast to effective duration, key rate durations help identify 'shaping risk' for 
a bond—that is, a bondÕs sensitivity to changes in the shape of the benchmark yield 
curve (e.g., the yield curve becoming steeper or flatter).",,
Vikas Vohra,Fixed Income,12,Credit Analysis for Corporate Issuers,53,"All else being equal, an investment-grade bond issuer most likely has:",less market liquidity risk than a below-investment-grade issuer.,the same market liquidity risk as a below-investment-grade issuer.,greater market liquidity risk than a below-investment-grade issuer.,A,less market liquidity risk than a below-investment-grade issuer.,"53. A is correct because market liquidity risk is the risk that the price at which investors 
can actually transact—buying or selling—may differ from the price indicated in the 
market. The lower the quality of the issuer, the higher the market liquidity risk.",,
Vikas Vohra,Fixed Income,9,Yield-Based Bond Duration Measures and Convexity,54,"An analyst gathers the following information about an option-free bond: 
 
If yields are expected to decrease by 50 basis points, the expected price change for 
the bond is closest to:","$11,000.","$22,000. 

Fixed Income: Practice Pack 
Faculty: Vikas Vohra                                                                                   Page 10 of 35","$24,000.",A,"$11,000.","54. A is correct because modified duration provides an estimate of the percentage price 
change for a bond given a change in its yield-to-maturity. A modified duration of 2.4 
translates to a 2.4% percentage price change given a 100 basis points change in the 
bond's yield to maturity. Therefore, for a 50 basis point decrease in yields, the 
bond's price will change by (2.4)(0.0050)($912,575) = $10,951 ≈ $11,000.",,
Vikas Vohra,Fixed Income,9,Yield-Based Bond Duration Measures and Convexity,55,"The price value of a basis point (PVBP) for a bond with a full price of 103.50 and a 
modified duration of 6.2 is closest to:",0.0642.,0.6420.,6.4200.,A,0.0642.,"55. A is correct because modified duration provides an estimate of the percentage price 
change for a bond given a change in its yield-to-maturity: %ΔPVFull ≈ −AnnModDur × 
ΔYield. Also, another version of money duration is the price value of a basis point 
(PVBP) for the bond. The PVBP is an estimate of the change in the full price given a 1 
bp change in the yield-to-maturity. Here: −6.2 × 0.0001 = 0.00062 and PVBP = 0.00062 
× 103.50 = 0.06417, rounded to 0.0642.",,
Vikas Vohra,Fixed Income,8,Interest Rate Risk and Return,56,"An analyst gathers the following details about a bond portfolio: 
 
If each bond has a par value of £25 million, the modified duration of this bond 
portfolio is closest to:",5.8.,6.1.,6.2.,A,5.8.,"56. A is correct because money duration (MoneyDur) is calculated as the annual modified 
duration times the full price (PVFull) of the bond, including accrued interest. Thus 
the modified durations of the bonds are 730/95 = 7.6842 and 515/120 = 4.29167, 
respectively.  
 
The modified duration of a bond portfolio is calculated as the weighted average of 
the statistics for the individual bonds. The shares of overall portfolio market value 
are the weights. Here, the market values of the bonds are £25 million * 95/100 = 
£23,750,000 and £25 million * 120/100 = £30,000,000. Thus the weight of the first 
bond in the portfolio is £23,750,000 / (£23,750,000 + £30,000,000) = 44.186% and 
the weight of the second bond in the portfolio is £30,000,000 / (£23,750,000 + 
£30,000,000) = 55.814%. The modified duration of the portfolio is therefore 
44.186% * 7.6842 + 55.814% * 4.29167 = 3.3953 + 2.3953 = 5.7907, rounded to 5.8.",,
Vikas Vohra,Fixed Income,12,Credit Analysis for Corporate Issuers,57,"With respect to the credit rating agencies' practice of notching, the size of a 
notching adjustment:",is larger for higher-rated credits.,is standardized between rating agencies.,depends on the rating of the issuer's senior unsecured debt.,C,depends on the rating of the issuer's senior unsecured debt.,"57. C is correct because recognizing different payment priorities, and thus the potential 
for higher (or lower) loss severity in the event of default, the rating agencies have 
adopted a notching process whereby their credit ratings on issues can be moved up 
or down from the issuer rating, which is usually the rating applied to its senior 
unsecured debt. As a general rule, the higher the senior unsecured rating, the smaller 
the notching adjustment. The reason behind this is that the higher the rating, the 
lower the perceived risk of default; so, the need to 'notch' the rating to capture the 
potential difference in loss severity is greatly reduced. For lower-rated credits, 
however, the risk of default is greater and thus the potential difference in loss from 
a lower (or higher) priority ranking is a bigger consideration in assessing an issue Õs 
credit riskiness.",,
Vikas Vohra,Fixed Income,12,Credit Analysis for Corporate Issuers,58,"Which of the following is most likely a key factor in the credit analysis of revenue-
backed non-sovereign government bonds?",Per capita income,Breadth of the tax base,Debt-service-coverage ratio of the project,C,Debt-service-coverage ratio of the project,"58. C is correct because revenue bonds are issued for specific project financing (e.g., 
financing for a new sewer system, a toll road, bridge, hospital, a sports arena, etc.). 
Revenue bonds, which are issued to finance a specific project, have a higher degree 
of risk than GO bonds because they are dependent on a single source of revenue. A 
key credit measure for revenue-backed non-sovereign government bonds is the debt-
service-coverage (DSC) ratio, which measures how much revenue is available to cover 
debt payments (principal and interest) after operating expenses.",,
Vikas Vohra,Fixed Income,5,Fixed-Income Bond Valuation: Prices and Yields,59,"An analyst observes the following yields to maturity on zero-coupon government 
bonds: 
 
The 2y1y implied forward rate is closest to:",4.5%.,5.5%.,6.6%.,B,5.5%.,"59. B is correct because the 2y1y yield is the implied one-year forward yield two years 
from now. The 2y1y implied yield",,
Vikas Vohra,Fixed Income,5,Fixed-Income Bond Valuation: Prices and Yields,60,"An analyst gathers the following information: 
 
Based only on this information, the estimated market discount rate for a 5-year bond 
with similar credit quality is:",4.2%.,4.4%.,4.6%.,A,4.2%.,"60. A is correct because some fixed-rate bonds are not actively traded. Therefore, there 
is no market price available to calculate the rate of return required by investors. In 
these situations, it is common to estimate the market discount rate and price based 
on the quoted or flat prices of more frequently traded comparable bonds. These 
comparable bonds have similar times-to-maturity, coupon rates, and credit quality. 
This estimation process is called matrix pricing. The estimated market discount rate 
can be obtained with linear interpolation. Using linear interpolation between the two 
given bonds, we have: 0.034 + (5 – 3) / (8 – 3) × (0.054 – 0.034) = 0.034 + 2 / 5 × 0.02 
= 0.042 = 4.2%.",,
Vikas Vohra,Fixed Income,5,Fixed-Income Bond Valuation: Prices and Yields,61,"Compared to an otherwise similar option-free bond, investors require a higher yield 
for a corporate bond with a:",put provision.,call provision.,conversion provision.,B,call provision.,"61. B is correct because the call provision is a valuable option for the issuer. Thus, other 
things equal, investors require a higher yield (and thus pay a lower price) for a callable 
bond than for an otherwise similar non-callable bond.",,
Vikas Vohra,Fixed Income,5,Fixed-Income Bond Valuation: Prices and Yields,62,"The price of a bond issued in the United Kingdom by a US-based company and 
denominated in British pounds most likely changes when:",US interest rates change only.,British interest rates change only.,both US and British interest rates change.,B,British interest rates change only.,"62. B is correct because the currency denomination of a bond Õs cash flows influences 
which countryÕs interest rates affect a bondÕs price. The price of a bond issued by a 

                                                                                    
 
US-based company and denominated in British pounds will be affected by British 
interest rates.",,
Vikas Vohra,Fixed Income,8,Interest Rate Risk and Return,63,"A floating-rate note makes semiannual interest payments and has a coupon rate equal 
to the six-month market reference rate plus 45 basis points. The interest payments 
are made in June and December. If the six-month market reference rate was 1.95% 
in June and 2.25% in December of the same year, the coupon rate paid in December 
of that year was closest to:",2.40%.,2.55%.,2.70%.,A,2.40%.,"63. A is correct because the applicable interest rate in December is the six-month 
market reference rate in June plus the 45 basis point margin = 1.95% + 0.45% = 
2.40%.",,
Vikas Vohra,Fixed Income,8,Interest Rate Risk and Return,64,"An analyst observes the following price-yield relationship for an option-free bond: 
 
If the bond trades at 101.80 per 100 of par value, its approximate modified duration 
is closest to:",1.72.,2.25.,3.44.,A,1.72.,"64. A is correct because the approximate modified duration of a bond is calculated as 
follows: 
ApproxModDur = ((PV–) – (PV+)) / (2 × (ΔYield) × PV0) 
= (103.40 – 100.95) / (2 × 0.0070 × 101.80) 
= 2.45 / 1.4252 = 1.7191 ≈ 1.72.",,
Vikas Vohra,Fixed Income,8,Interest Rate Risk and Return,65,"An analyst gathers the following information about a bond which is currently trading 
at 95.35 per 100 par: 
 
The effective duration of the bond is closest to:",6.5.,7.6.,8.7.,B,7.6.,"65. B is correct because the effective duration of a bond is the sensitivity of the bond's 
price to a change in a benchmark yield curve. 
EffDur = [(PV– ) – (PV+)] / [2 × (ΔCurve) × (PV0)] 
With PV0 = 95.35, PV– = 99.50, PV+ = 92.25, 
EffDur = (99.50 – 92.25) / (2 × 0.005 × 95.35) = 7.60.",,
Vikas Vohra,Fixed Income,6,Yield and Spread Measures for Fixed-Rate Bonds,66,"An analyst gathers the following information about a bond: 
 
If the market discount rate is 4.75% for the holding period, the future value of 
reinvested coupons at the end of the holding period is closest to:",15.05.,17.30.,18.12.,B,17.30.,"66. B is correct because the first coupon is reinvested at 4.75% for two years, the 
second coupon is reinvested at 4.75% for one year, and the third coupon has not yet 
been reinvested.  
 
(5.50 × 1.0475^2) + (5.50 × 1.0475) + 5.50 = 17.2962 ≈ 17.30. 
 
Interest rates are the rates at which coupon payments are reinvested and the market 
discount rates at the time of purchase and at the time of sale if the bond is not held 
to maturity.",,
Vikas Vohra,Fixed Income,14,Overview of Asset-Backed Securities,67,Bonds are quoted using the:,full price and settled using the flat price.,flat price and settled using the full price.,"""dirty"" price and settled using the invoice price.",B,flat price and settled using the full price.,"67. B is correct because the flat price usually is quoted by bond dealers. If a trade takes 
place, the accrued interest is added to the flat price to obtain the full price paid by 
the buyer and received by the seller on the settlement date.",,
Vikas Vohra,Fixed Income,5,Fixed-Income Bond Valuation: Prices and Yields,68,Which of the following does not depend on the market discount rate? A bond's:,flat price,full price,accrued interest,C,accrued interest,"68. C is correct because the accrued interest part of the full price does not depend on 
the yield-to-maturity.",,
Vikas Vohra,Fixed Income,9,Yield-Based Bond Duration Measures and Convexity,69,"An investor determines the following information about the price sensitivity of an 
option-free bond: 
 
If the current price is 106, the duration of this bond is closest to:","2.1. 

Fixed Income: Practice Pack 
Faculty: Vikas Vohra                                                                                   Page 13 of 35",2.8.,3.0.,B,2.8.,"69. B is correct because the following formula estimates the approximate percentage 
price change for a 100 basis point change in yield (duration) is:",,
Vikas Vohra,Fixed Income,3,Fixed-Income Issuance and Trading,70,The number of common shares a convertible bond can be converted into is the:,conversion ratio.,conversion price.,conversion value.,A,conversion ratio.,"70. A is correct because the conversion ratio is the number of common shares that each 
bond can be converted into.",,
Vikas Vohra,Fixed Income,14,Overview of Asset-Backed Securities,71,A credit card receivable asset-backed security most likely:,faces high prepayment risk.,uses fully-amortizing loans as collateral.,reinvests principal repayments during the lockout period.,C,reinvests principal repayments during the lockout period.,"71. C is correct because the collateral of credit card receivable ABS is a pool of non-
amortizing loans. These loans have lockout periods during which the cash flows that 
are paid out to security holders are based only on finance charges collected and fees. 
When the lockout period is over, the principal that is repaid by the cardholders is no 
longer reinvested but instead is distributed to investors.",,
Vikas Vohra,Fixed Income,9,Yield-Based Bond Duration Measures and Convexity,72,"An analyst gathers the following information about a bond currently trading at par: 
 
The effective duration of this bond is closest to:",2.5.,5.0.,10.0.,C,10.0.,"72. C is correct because the effective duration is calculated as (PV- – PV+)/(2 × ∆Curve 
× PV0), where: PV- = the bond price when the benchmark yield is decreased, PV+ = the 
bond price when the benchmark yield is increased, and PV0 = then current bond price. 
Effective duration = (103 – 98)/(2 × 0.0025 × 100) = 10.",,
Vikas Vohra,Fixed Income,7,"The Term Structure of Interest Rates: Spot, Par, and Forward Curves",73,"An analyst gathers the following spot and forward rates: 
 
The 2-year forward rate, four years from today is closest to:",2%.,3%.,4%.,A,2%.,73. A is correct.,,
Vikas Vohra,Fixed Income,12,Credit Analysis for Corporate Issuers,74,"A bond issuer has a credit rating of BBB. Based only on this information, the rating 
of a senior unsecured bond from this issuer is most likely to be:",lower than BBB.,BBB.,higher than BBB.,B,BBB.,"74. B is correct because the issuer credit rating usually applies to its senior unsecured 
debt.",,
Vikas Vohra,Fixed Income,9,Yield-Based Bond Duration Measures and Convexity,75,"An analyst gathers the following information about a zero-coupon bond: 
 
If the yield decreases by 1%, the bond's percentage change in price is closest to:",4.76%.,5.05%.,5.14%.,B,5.05%.,"75. B is correct because the Macaulay duration of a zero-coupon bond is its time-to-
maturity and modified duration is the Macaulay duration statistic divided by one plus 
the yield per period. 
 
Here, modified duration = 5/1.02 = 4.901961. 
 
Thus, the percentage change in price = –4.901961 * –0.01 + (0.5 * 28.835 * –0.012) = 
0.04901961 + 0.0014418 = 5.04614%, rounded to 5.05%.",,
Vikas Vohra,Fixed Income,9,Yield-Based Bond Duration Measures and Convexity,76,The Macaulay duration of a zero-coupon bond is most likely:,less than the time to maturity.,equal to the time to maturity.,greater than the time to maturity.,B,equal to the time to maturity.,"76. B is correct because the Macaulay duration of a zero-coupon bond is its time-to-
maturity.",,
Vikas Vohra,Fixed Income,4,Fixed-Income Markets for Corporate Issuers,77,US municipal bonds are best described as:,agency bonds.,non-sovereign bonds.,quasi-government bonds.,B,non-sovereign bonds.,"77. B is correct because the main types of non-sovereign government issuers include 
agencies, public banks, supranationals, and regional governments. Regional 
Government Issuers. These include provincial, state, and local governments, referred 
to as municipal bonds in the US and most often as local authority bonds elsewhere, 
within a specific sovereign jurisdiction.",,
Vikas Vohra,Fixed Income,9,Yield-Based Bond Duration Measures and Convexity,78,"A bond portfolio consists of the following option-free annual-pay coupon bonds: 
 
The modified duration of this portfolio is closest to:",5.9.,6.0.,6.1.,A,5.9.,"78. A is correct because the Macaulay and modified durations for the portfolio are 
calculated as the weighted average of the statistics for the individual bonds. The 
shares of overall portfolio market value are the weights. 
 
First we calculate the modified duration (ModDur) of the individual bonds using 
formula below: 
ModDur = MacDur / (1 + r)  
ModDur of Bond 1 = 7.5 / (1 + 4%) = 7.211538 
ModDur of Bond 2 = 5.4 / (1 + 3%) = 5.242718. 
 
Next, we calculate the weights for the individual bonds based on market values, as 
follows: 
Weight for Bond 1 = $200,000 / ($200,000 + $400,000) = 0.333333 
Weight for Bond 2 = $400,000 / ($200,000 + $400,000) = 0.666667 
 
Modified duration of the portfolio = (Weight for Bond 1 × ModDur of Bond 1) + 
(Weight for Bond 2 × ModDur of Bond 2) = (0.333333 × 7.211538) + (0.666667 × 
5.242718) = 5.898992 ≈ 5.9.",,
Vikas Vohra,Fixed Income,7,"The Term Structure of Interest Rates: Spot, Par, and Forward Curves",79,"An analyst gathers the following information about forward rates: 
 
Using only this information, the price per 100 of par value of a 3-year, 1% annual 
coupon bond is closest to:",84.05.,91.74.,96.23.,C,96.23.,79. C is correct.,,
Vikas Vohra,Fixed Income,6,Yield and Spread Measures for Fixed-Rate Bonds,80,"With respect to interest rate risk, an investor who sells a fixed-rate bond after the 
first coupon is received and before its maturity is exposed to:","market price risk, only.","coupon reinvestment risk, only.",both market price risk and coupon reinvestment risk.,C,both market price risk and coupon reinvestment risk.,"80. C is correct because the investor faces coupon reinvestment risk for all coupons 
received (first coupon plus any others until sale) and also faces market price risk as 
changes in the interest rate will impact the sale price of the bond.   
 
Coupon reinvestment risk matters more when the investor has a long-term horizon 
relative to the time-to-maturity of the bond. For instance, a buy-and-hold investor 
only has coupon reinvestment risk. Market price risk matters more when the investor 
has a short-term horizon relative to the time-to-maturity. For example, an investor 
who sells the bond before the first coupon is received has only market price risk.",,
Vikas Vohra,Fixed Income,9,Yield-Based Bond Duration Measures and Convexity,81,"For an option-free fixed-rate corporate bond, the duration and convexity statistics 
are most likely relevant for a change in:",the credit spread only.,the benchmark yield only.,both the credit spread and the benchmark yield.,C,both the credit spread and the benchmark yield.,"81. C is correct because the key point is that for an option-free fixed-rate bond, the 
same duration and convexity statistics that apply for a change in benchmark yield 
also apply for a change in spread.",,
Vikas Vohra,Fixed Income,9,Yield-Based Bond Duration Measures and Convexity,82,"An analyst gathers the following information about a callable bond that pays interest 
annually: 
 
This bond's yield to worst is the:",yield to maturity.,yield to first call.,yield to second call.,C,yield to second call.,"82. C is correct because the lowest of the sequence of yields-to-call and the yield-to-
maturity is known as the yield-to-worst. The sequence of yields for the bond is as 
follows:",,
Vikas Vohra,Fixed Income,9,Yield-Based Bond Duration Measures and Convexity,83,"An analyst gathers the following information about three option-free bonds, each 
trading at a premium: 
 
All else being equal, the bond with the lowest Macaulay duration is most likely:",Bond 1.,Bond 2.,Bond 3.,C,Bond 3.,"83. C is correct because the Macaulay and modified duration statistics for a fixed-rate 
bond depend primarily on the coupon rate, yield-to-maturity, and time-to-maturity. A 
higher coupon rate or a higher yield-to-maturity reduces the duration measures. A 
longer time-to-maturity usually leads to a higher duration. It always does so for a 
bond priced at a premium or at par value."" In this case, Bond 3 has a higher coupon, 
the same or higher yield-to-maturity, and the shortest time to maturity. It therefore 
has the lowest Macaulay duration.",,
Vikas Vohra,Fixed Income,9,Yield-Based Bond Duration Measures and Convexity,84,"An analyst gathers the following information about a bond: 
 

                                                                                    
 
The bond's money duration (per 100 of par value) is closest to:",553.67.,561.51.,575.70.,A,553.67.,"84. A is correct because the money duration equals the product of modified duration and 
full price. 
 
Full price = Clean price + Accrued interest = 114.75 + 1.625 = 116.375; 
 
Money duration = Modified duration × Full Price = 116.375 × 4.8250 = 561.5094 ≈ 
561.51. 
 
Modified duration is a measure of the percentage price change of a bond given a 
change in its yield-to-maturity. A related statistic is money duration. The money 
duration of a bond is a measure of the price change in units of the currency in which 
the bond is denominated. The money duration can be stated per 100 of par value or 
in terms of the actual position size of the bond in the portfolio. In the United States, 
money duration is commonly called 'dollar duration.' Money duration (MoneyDur) is 
calculated as the annual modified duration times the full price (PVFull) of the bond, 
including accrued interest.",,
Vikas Vohra,Fixed Income,9,Yield-Based Bond Duration Measures and Convexity,85,Effective duration is:,a useful interest rate risk measure only for bonds with embedded options.,"an accurate estimate of interest rate risk only when the assumed benchmark rate 
change is small.","the same as the modified duration of an option-free bond only when the yield 
curve is perfectly flat.",C,"the same as the modified duration of an option-free bond only when the yield 
curve is perfectly flat.","85. C is correct because the modified duration and effective duration on an option-free 
bond are identical only in the rare circumstance of an absolutely flat yield curve.",,
Vikas Vohra,Fixed Income,9,Yield-Based Bond Duration Measures and Convexity,86,"An investor gathers the following information about a bond portfolio comprised of 
two option-free bonds: 
 
The duration of the portfolio is closest to:",4.33.,4.40.,4.55.,B,4.40.,"86. B is correct because the portfolio's duration is the weighted average (by market 
value) of the duration of the bonds in the portfolio. 
 
Duration of portfolio = [(120,000 ÷ 300,000) × 5] + [(180,000 ÷ 300,000) × 4] 
= (0.4 × 5) + (0.6 × 4) 
= 2.00 + 2.40 
= 4.40",,
Vikas Vohra,Fixed Income,5,Fixed-Income Bond Valuation: Prices and Yields,87,"An analyst gathers the following information about a bond that pays interest annually: 
 
If the market discount rate is 5%, the market value of this bond is closest to:","$89,839.","$97,277.","$102,775.",B,"$97,277.","87. B is correct because the price of the bond is the present value of the promised cash 
flows and is calculated as follows:",,
Vikas Vohra,Fixed Income,14,Overview of Asset-Backed Securities,88,Which of the following mortgage features most likely benefits the lender?,Non-recourse loan,Prepayment option,Prepayment penalty,C,Prepayment penalty,"88. C is correct because the purpose of the prepayment penalty is to compensate the 
lender for the difference between the contract rate and the prevailing mortgage 
rate if the borrower prepays when interest rates decline.",,
Vikas Vohra,Fixed Income,12,Credit Analysis for Corporate Issuers,89,"With respect to the notching process adopted by credit rating agencies, a 
corporate's subordinated debt is most likely:",notched up from the corporate's junior subordinated debt.,"subject to a smaller notching adjustment the higher the corporate's issuer rating. 

Fixed Income: Practice Pack 
Faculty: Vikas Vohra                                                                                   Page 17 of 35","notched down from the corporate's issuer rating due to higher probability of 
default.",B,"subject to a smaller notching adjustment the higher the corporate's issuer rating. 

Fixed Income: Practice Pack 
Faculty: Vikas Vohra                                                                                   Page 17 of 35","89. B is correct because the rating agencies have adopted a notching process whereby 
their credit ratings on issues can be moved up or down from the issuer rating, which 
is usually the rating applied to its senior unsecured debt. As a general rule, the higher 
the senior unsecured rating, the smaller the notching adjustment.",,
Vikas Vohra,Fixed Income,3,Fixed-Income Issuance and Trading,90,Money market yields are:,annualized and compounded.,stated for a common periodicity.,stated on a simple interest basis.,C,stated on a simple interest basis.,"90. C is correct because the rate of return on a money market instrument is stated on a 
simple interest basis.",,
Vikas Vohra,Fixed Income,5,Fixed-Income Bond Valuation: Prices and Yields,91,"A portfolio manager gathers the following information about an option-free bond that 
was held to maturity: 
 
The yield to maturity at purchase was most likely:",less than 4.2%.,equal to 4.2%.,greater than 4.2%.,C,greater than 4.2%.,"91. C is correct because the realized horizon yield matches the original yield-to-maturity 
if (1) coupon payments are reinvested at the same interest rate as the original yield-
to-maturity, and (2) the bond is sold at a price on the constant-yield price trajectory, 
which implies that the investor does not have any capital gains or losses when the 
bond is sold. Since the reinvestment rate is less than the horizon yield and the bond 
is held to maturity, the yield to maturity is greater than the horizon yield.",,
Vikas Vohra,Fixed Income,9,Yield-Based Bond Duration Measures and Convexity,92,"A three-year, semiannual-pay bond with a $100 par value and a 5% coupon rate is 
purchased for $108. One year later, if the yield to maturity has decreased by 100 
basis points, the change in the value of this bond is closest to:",$0.57.,$1.52.,$3.08.,A,$0.57.,92. A is correct because the value of a bond is calculated as:,,
Vikas Vohra,Fixed Income,6,Yield and Spread Measures for Fixed-Rate Bonds,93,"The yield spread of a specific bond over the standard swap rate in that currency of 
the same tenor best describes the:",I-spread.,Z-spread.,option-adjusted spread.,A,I-spread.,"93. A is correct because the yield spread of a specific bond over the standard swap rate 
in that currency of the same tenor is known as the I-spread or interpolated spread 
to the swap curve.",,
Vikas Vohra,Fixed Income,5,Fixed-Income Bond Valuation: Prices and Yields,94,"For a fixed-rate bond, when interest rates decrease, the future value of reinvested 
coupon payments most likely:",decreases and the market price of the bond increases.,increases and the market price of the bond decreases.,increases and the market price of the bond increases.,A,decreases and the market price of the bond increases.,"94. A is correct because there are two offsetting types of interest rate risk that affect 
the bond investor: coupon reinvestment risk and market price risk. The future value 
of reinvested coupon payments (and in a portfolio, the principal on bonds that mature 
before the horizon date) increases when interest rates go up and decreases when 

                                                                                    
 
rates go down. The sale price on a bond that matures after the horizon date (and 
thus needs to be sold) decreases when interest rates go up and increases when rates 
go down.",,
Vikas Vohra,Fixed Income,5,Fixed-Income Bond Valuation: Prices and Yields,95,"Which of the following debt categories has the highest ranking in terms of priority 
of payment?",Second lien debt,Subordinated debt,Senior unsecured debt,A,Second lien debt,"95. A is correct because this is a secured debt and therefore has higher priority than 
any u nsecured debt. In the event of default, unsecured debtholders Õ claims rank 
below (i.e., get paid after) those of secured creditors under what Õs known as the 
priority of claims. First lien debt or loan refers to a pledge of certain assets that 
could include buildings but might also include property and equipment, licenses, 
patents, brands, and so on. There can also be second lien, or even third lien, secured 
debt, which, as the name implies, has a secured interest in the pledged assets but 
ranks below first lien debt in both collateral protection and priority of payment.",,
Vikas Vohra,Fixed Income,6,Yield and Spread Measures for Fixed-Rate Bonds,96,The yield spread over an interpolated sovereign bond is best described as a(n):,I-spread.,G-spread.,Z-spread.,B,G-spread.,"96. B is correct because the yield spread in basis points over an actual or interpolated 
government bond is known as the G-spread. The spread over a government bond is the 
return for bearing greater credit, liquidity, and other risks relative to the sovereign 
bond.",,
Vikas Vohra,Fixed Income,14,Overview of Asset-Backed Securities,97,"In a securitization, time tranching most likely refers to differences in:",default risk.,expected maturities.,underlying collateral.,B,expected maturities.,"97. B is correct because the creation of bond classes that possess different expected 
maturities is referred to as time tranching.",,
Vikas Vohra,Fixed Income,6,Yield and Spread Measures for Fixed-Rate Bonds,98,"For a floating-rate note, the specified yield spread over the reference rate best 
defines the:",coupon.,quoted margin.,required margin.,B,quoted margin.,"98. B is correct because this specified yield spread over the reference rate is called the 
quoted margin on the FRN. The role of the quoted margin is to compensate the 
investor for the difference in the credit risk of the issuer and that implied by the 
reference rate.",,
Vikas Vohra,Fixed Income,9,Yield-Based Bond Duration Measures and Convexity,99,"An investor holds a bond with the following characteristics: 
 
If the duration gap is zero, the investment horizon is closest to:",6.8 years.,7.4 years.,8.1 years.,C,8.1 years.,"99. C is correct because we use the fact that ModDur = MacDur / (1 + r) to calculate the 
Macaulay duration of the bond: MacDur = 7.4 × (1 + 9%) = 8.07. Because the duration 
gap is equal to the bond's Macaulay duration minus the investment horizon the 
investment horizon is closest to 8.1 years.",,
Vikas Vohra,Fixed Income,5,Fixed-Income Bond Valuation: Prices and Yields,100,"All else being equal, when the market interest rate falls below a bond's coupon 
rate, potential price appreciation is most limited for a:",putable bond.,callable bond.,option-free bond.,B,callable bond.,"100. B is correct because when interest rates are low, the effective duration of the 
callable bond is lower than that of the otherwise comparable non-callable bond 
because the callable bond price does not increase as much when benchmark yields 
fall. The presence of the call option limits price appreciation especially when interest 
rates are falling and the bond is more likely to be called.",,
Vikas Vohra,Fixed Income,14,Overview of Asset-Backed Securities,101,Callable bonds exhibit:,positive convexity only.,negative convexity only.,either positive or negative convexity.,C,either positive or negative convexity.,"101. C is correct because when the benchmark yield is high and the value of the 
embedded call option is low, the callable and the non-callable bonds experience very 
similar effects from interest rate changes. They both have positive convexity. But 
as the benchmark yield is reduced, the curves diverge. At some point, the callable 
                                                                                    
 
bond moves into the range of negative convexity, which indicates that the embedded 
call option has more value to the issuer and is more likely to be exercised.",,
Vikas Vohra,Fixed Income,6,Yield and Spread Measures for Fixed-Rate Bonds,102,"An investors sells a fixed-rate bond originally purchased at a discount. The 
resulting capital gain or loss should be measured by comparing the bond's selling price 
with its:",par value.,carrying value.,purchase price.,B,carrying value.,"102. B is correct because capital gains arise if a bond is sold at a price above its 
constant-yield price trajectory and capital losses occur if a bond is sold at a price 
below its constant-yield price trajectory. Also, capital gains and losses are measured 
from the carrying value of the bond and not from the purchase price. The carrying 
value includes the amortization of the discount or premium if the bond is purchased 
at a price below or above par value. The carrying value is any point on the constant-
yield price trajectory.",,
Vikas Vohra,Fixed Income,6,Yield and Spread Measures for Fixed-Rate Bonds,103,"An investor gathers the following information about an investment in a bond with 
a 10-year tenor: 
 
If the holding period was seven years, the horizon yield is closest to:",2.29%.,2.86%.,4.11%.,C,4.11%.,"103. C is correct because a horizon yield is the internal rate of return between the 
total return (the sum of reinvested coupon payments and the sale price or redemption 
amount) and the purchase price of the bond. The horizon yield on a bond investment 
is the annualized holding-period rate of return. 
95.27 = (102.06 + 24.28) / (1 + r)^7 => r = 0.041147 ≈ 4.11%. 
Calculator solution: N = 7; PV = –95.27; FV = 102.06 + 24.28; CPT I/Y = 4.11%.",,
Vikas Vohra,Fixed Income,3,Fixed-Income Issuance and Trading,104,"A commercial paper has the following characteristics: 
 
For a 365-day year, the discount rate is closest to:",6.2%.,6.4%.,6.6%.,B,6.4%.,"104. B is correct because the discount rate, DR = (Year/Days) × ((FV – PV)/FV), where 
Year = number of days in the year, Days = number of days between settlement and 
maturity, FV = future value paid at maturity/face value of the money market 
instrument, PV = present value/price of the money market instrument, and FV – PV, 
is the interest earned. 
 
DR = (365/160) × (140,500/5,000,000) = 0.0641 ≈ 6.4%.",,
Vikas Vohra,Fixed Income,8,Interest Rate Risk and Return,105,"Two par bonds have the same duration but different convexity. All else being 
equal, if yields to maturity increase by 10 basis points, it is most likely that:",the more convex bond underperforms the less convex bond.,both bond prices decrease by the same amount.,the more convex bond outperforms the less convex bond.,C,the more convex bond outperforms the less convex bond.,"105. C is correct because the two bonds are assumed to have the same price, yield-to-
maturity, and modified duration. The benefit of greater convexity occurs when their 
yields-to-maturity change. And for the same increase in yield-to-maturity, the more 
convex bond depreciates less in price [than the less convex bond].",,
Vikas Vohra,Fixed Income,5,Fixed-Income Bond Valuation: Prices and Yields,106,"A bond has the following characteristics: 
 
For a yield to maturity of 4%, the price of the bond per 100 of par value is closest 
to:",122.20.,122.41.,"122.53. 
 
 
 
 
 

                                                                                    
 
Solutions",B,122.41.,106. B is correct because,,
Vikas Vohra,Portfolio Management,5,Introduction to Risk Management,8,Venture capital is best classified as a sub-category of:,real estate.,"hedge funds. 
Alternative Investments: Practice Pack 
Faculty: Vikas Vohra                                                                        Page 2 of 18",private equity.,B,"hedge funds. 
Alternative Investments: Practice Pack 
Faculty: Vikas Vohra                                                                        Page 2 of 18","8. B is correct because a risk-neutral investor would maximize return irrespective of 
risk. This is because such an investor cares only about return and not about risk, so 
higher return investments are more desirable even if they come with higher risk.",,
Vikas Vohra,Portfolio Management,1,Portfolio Approach to Investing,9,"The market has a return of 8% and a standard deviation of returns of 12%. The risk-
free rate is 2%. If a portfolio has a Sharpe ratio of 0.8, the portfolio's M square 
alpha is closest to:",3.6%.,5.6%.,11.6%.,A,3.6%.,"9. A is correct because 𝑀! provides a measure of portfolio return that is adjusted for 
the total risk of the portfolio and is computed as 𝑀! = [E(Rp) − Rf](σm/σp) + Rf = SR 
× σm + Rf , where SR = Sharpe ratio, σm = market standard deviation of returns, and 
Rf = risk-free rate. Thus, 𝑀! = 0.8 × 0.12 + 0.02 = 0.116. The difference between the 
risk-adjusted performance of the portfolio and the performance of the market is 
frequently referred to as 𝑀! alpha. Thus, 𝑀! alpha = 0.116 – 0.08 = 0.036 = 3.6%.",,
Vikas Vohra,Portfolio Management,4,Behavioral Biases of Individuals,10,"Which of the following is most likely a consequence of overconfidence bias? 
Investors:",holding poorly diversified portfolios.,continuing to hold classes of assets with which they are familiar.,"holding investments in a loss position longer than justified, in the hope that they 
will return to breakeven.",A,holding poorly diversified portfolios.,"10. A is correct because overconfidence bias is a bias in which people demonstrate 
unwarranted faith in their own abilities. As a result of overconfidence bias, FMPs 
                                                                         
 
[financial market participants] may hold poorly diversified portfolios, which may 
result in significant downside risk.",,
Vikas Vohra,Portfolio Management,4,Behavioral Biases of Individuals,11,"Failing to act in pursuit of long-term goals in favor of short-term satisfaction best 
describes which of the following emotional biases?",Self-control bias,Endowment bias,Loss-aversion bias,A,Self-control bias,"11. A is correct because self-control bias is a bias in which people fail to act in pursuit 
of their long-term, overarching goals in favor of short-term satisfaction.",,
Vikas Vohra,Portfolio Management,2,Understanding Focus on Risk and Return,12,"When creating a long-only portfolio, which of the following correlation coefficients 
between assets would be most effective at reducing portfolio risk?",–0.5.,0.,0.5.,A,–0.5.,"12. A is correct because –0.5 is the smallest of the three correlations and the closer the 
correlation coefficient is to –1, the greater the reduction in portfolio risk. The 
correlation coefficient between two assets determines the effect on portfolio risk 
when the two assets are combined. You will find that portfolio risk is unaffected when 
the two assets are perfectly correlated (ρ12 = +1). In other words, the portfolio's 
standard deviation is simply a weighted average of the standard deviations of the two 
assets and as such a portfolio's risk is unchanged with the addition of assets with 
the same risk parameters. Portfolio risk falls, however, when the two assets are not 
perfectly correlated (ρ12 < +1). Sufficiently low values of the correlation coefficient 
can make the portfolio riskless under certain conditions. For an extreme case in which 
ρ12 = –1 (that is, the two asset returns move in opposite directions), the portfolio can 
be made risk free.",,
Vikas Vohra,Portfolio Management,4,Behavioral Biases of Individuals,13,"Which of the following can best be explained by overconfidence when predicting 
companies' earnings growth rates?",Base-rate neglect,The value anomaly,The disposition effect,B,The value anomaly,"13. B is correct because a number of other studies have offered behavioral explanations 
for value anomalies, presenting the anomalies as mispricing rather than compensation 
for increased risk. These studies recognize the emotional factors involved in 
appraising stocks. Overconfidence can also be involved in predicting growth rates, 
potentially leading growth stocks to be overvalued, leading to the value anomaly.",,
Vikas Vohra,Portfolio Management,3,Basics of Portfolio Planning and Construction,14,"Which of the following is most likely developed by combining a client's investment 
objectives and constraints with long-term capital market expectations?",Risk budget,Strategic asset allocation,Investment policy statement,B,Strategic asset allocation,"14. B is correct because a strategic asset allocation results from combining the 
constraints and objectives articulated in the IPS [investment policy statement] and 
long-term capital market expectations regarding the asset classes.",,
Vikas Vohra,Portfolio Management,2,Understanding Focus on Risk and Return,15,The diversification ratio of a portfolio is best described as the ratio of the:,"standard deviation of the equally weighted portfolio's returns to the average 
standard deviation of the individual securities' returns.","standard deviation of the market-capitalization-weighted portfolio's returns to 
the standard deviation of the equally weighted portfolio's returns.","average standard deviation of the individual securities' returns to the standard 
deviation of the market-capitalization-weighted portfolio's returns.",A,"standard deviation of the equally weighted portfolio's returns to the average 
standard deviation of the individual securities' returns.","15. A is correct because a simple measure of the value of diversification is calculated as 
the ratio of the standard deviation of the equally weighted portfolio to the standard 
deviation of the randomly selected security. This ratio may be referred to as the 
diversification ratio. In the example of the 5-stock portfolio given, the equally 
weighted portfolio’s standard deviation is approximately 71 percent of the average 
standard deviation of the 5 stocks (24.9%); i.e., the denominator is the average 
standard deviation of all individual securities in the portfolio and the numerator is 
the standard deviation of the equally weighted portfolio.",,
Vikas Vohra,Portfolio Management,3,Basics of Portfolio Planning and Construction,16,"In regard to the asset allocation process, a top-down analysis most likely begins with 
an examination of:",macroeconomic growth.,a company's board of directors.,the expected growth of a company's competitors.,A,macroeconomic growth.,"16. A is correct because a top-down analysis begins with consideration of macroeconomic 
conditions. Based on the current and forecasted economic environment, analysts 
evaluate markets and industries with the purpose of investing in those that are 
expected to perform well. Finally, specific companies within these industries are 
considered for investment.",,
Vikas Vohra,Portfolio Management,4,Behavioral Biases of Individuals,17,Which of the following is most likely a consequence of the illusion of control bias?,An investor's portfolio turnover is too low.,The investor's portfolio contains concentrated positions in companies.,An investor uses a simple forecasting model for portfolio construction.,B,The investor's portfolio contains concentrated positions in companies.,"17. B is correct because as a result of illusion of control bias, FMPs [financial market 
participants] may inadequately diversify portfolios. Research has found that some 
investors prefer to invest in companies that they feel they have control over, such 
as the companies they work for, leading them to hold concentrated positions.",,
Vikas Vohra,Portfolio Management,3,Basics of Portfolio Planning and Construction,18,Which of the following is best classified as a non-financial risk?,Credit risk,Liquidity risk,Accounting risk,C,Accounting risk,"18. C is correct because although most risks have monetary consequences, there are a 
number of risks that are typically classified as non-financial in nature. These risks 
arise from a variety of sources, such as the relationship between the entity and 
counterparties, regulators, governments, the environment, suppliers, customers, and 
employees. The following three non-financial risks are related: regulatory risk, 
accounting risk, and tax risk. They could even be collectively referred to as 
compliance risk because they all deal with the matter of conforming to policies, laws, 
rules, and regulations as set forth by governments and authoritative bodies, such as 
accounting governing boards.",,
Vikas Vohra,Portfolio Management,3,Basics of Portfolio Planning and Construction,19,Portfolio rebalancing is best described as a process aimed at:,generating alpha.,aligning portfolio weights with the tactical asset allocation decision.,restoring the portfolio's original exposures to systematic risk factors.,C,restoring the portfolio's original exposures to systematic risk factors.,"19. C is correct because as the portfolio is constructed and its value changes with the 
returns of the asset classes and securities in which it is invested, the weights of the 
asset classes will gradually deviate from the policy weights in the strategic asset 
allocation. This process is referred to as drift. Periodically, or when a certain 
threshold deviation from the policy weight (the bandwidth) has been breached, the 
portfolio should be rebalanced back to the policy weights. The set of rules that guide 
the process of restoring the portfolio’s original exposures to systematic risk factors 
is known as the rebalancing policy.",,
Vikas Vohra,Portfolio Management,2,Understanding Focus on Risk and Return,20,"The risk–return trade-off of a portfolio of only risky assets most likely improves 
when a risk-free asset is added to the portfolio because:",the risk-free asset is uncorrelated with the other assets in the portfolio.,the lower return on the risk-free asset provides a diversification effect.,"the correlations among the risky assets decrease, providing a diversification 
effect.",A,the risk-free asset is uncorrelated with the other assets in the portfolio.,"20. A is correct because an investor's portfolio improves if a risk-free asset is added to 
the mix. In other words, a combination of the risk-free asset and a risky asset can 
result in a better risk–return trade-off than an investment in only one type of asset 
because the risk-free asset has zero correlation with the risky asset.",,
Vikas Vohra,Portfolio Management,4,Behavioral Biases of Individuals,21,"Which of the following best describes a potential consequence of the regret-aversion 
bias for financial market participants?",Engaging in herding behaviour,Borrowing excessively to finance present consumption,"Misidentifying risk tolerances because of how questions about risk tolerance were 
framed",A,Engaging in herding behaviour,"21. A is correct because as a result of regret-aversion bias, FMPs [financial market 
participants] may engage in herding behavior. FMPs may feel safer in popular 
investments in order to limit potential future regret. Regret-aversion bias is an 
emotional bias in which people tend to avoid making decisions out of fear that the 
decision will turn out poorly.",,
Vikas Vohra,Portfolio Management,4,Behavioral Biases of Individuals,22,Cognitive errors:,stem from impulses and intuition.,result in the same decision as assumed by traditional finance theory.,"can often be corrected or eliminated through better information, education, and 
advice.",C,"can often be corrected or eliminated through better information, education, and 
advice.","22. C is correct because cognitive errors can often be Correct ed or eliminated through 
better information, education, and advice.",,
Vikas Vohra,Portfolio Management,1,Portfolio Approach to Investing,23,Exchange-traded funds (ETFs):,are priced once a trading day.,usually pay out dividends to shareholders.,are generally structured as closed-end funds.,B,usually pay out dividends to shareholders.,"23. B is correct because dividends on ETFs are paid out to the shareholders whereas 
mutual funds usually reinvest the dividends.",,
Vikas Vohra,Portfolio Management,2,Understanding Focus on Risk and Return,24,"Two assets have the following characteristics: 
 
The variance of returns for an equally weighted portfolio of the two assets is closest 
to:",0.038.,0.048.,0.055.,B,0.048.,"24. B is correct because for a two asset portfolio, the expression for portfolio variance 
simplifies to the following using correlation:",,
Vikas Vohra,Portfolio Management,2,Understanding Focus on Risk and Return,25,"With respect to return-generating models, statistical factor models:",only include factors that have economic meaning.,identify factors that explain the covariance in observed returns.,only include factors that have a fundamental connection to returns.,B,identify factors that explain the covariance in observed returns.,"25. B is correct because in a statistical factor model, historical and cross-sectional 
return data are analyzed to identify factors that explain variance or covariance in 
observed returns.",,
Vikas Vohra,Portfolio Management,3,Basics of Portfolio Planning and Construction,26,Which of the following statements about asset allocation is most accurate?,"Investors should diversify their wealth between asset classes in order to 
eliminate systematic risk.","Investors with a below-average risk tolerance should have an above-average 
weight in alternative investments.","Adding asset classes with a low correlation to existing asset classes improves an 
investor's risk–return trade-off.",C,"Adding asset classes with a low correlation to existing asset classes improves an 
investor's risk–return trade-off.","26. C is correct because in general, adding assets classes with low correlation improves 
the risk–return trade-off (more return for similar risk).",,
Vikas Vohra,Portfolio Management,2,Understanding Focus on Risk and Return,27,"An analyst gathers the following information about a portfolio and the market: 
 
Jensen’s alpha for the portfolio is:",0.0%.,1.2%.,2.2%.,B,1.2%.,"27. B is correct because Jensen’s alpha is defined as the portfolio return less (the risk-
free rate plus the portfolio beta times (the market return minus the risk-free rate)). 
Therefore, Jensen's alpha = 7% – (1% + 1.2 × (5% – 1%)) = 7.0% – 5.8% = 1.2%.",,
Vikas Vohra,Portfolio Management,4,Behavioral Biases of Individuals,28,Which of the following behavioral biases is most likely the hardest to correct?,Hindsight bias,Loss-aversion bias,Representativeness bias,B,Loss-aversion bias,"28. B is correct because loss-aversion bias is an emotional bias, as opposed to a cognitive 
error, and cognitive errors can often be Correct ed or eliminated through better 
information, education, and advice. Emotional biases, on the other hand, are harder 
to Correct because they stem from impulses and intuitions. Thus, it is often possible 
only to recognize an emotional bias and adapt to it. Loss-aversion bias refers to the 
tendency to strongly prefer avoiding losses to achieving gains.",,
Vikas Vohra,Portfolio Management,3,Basics of Portfolio Planning and Construction,29,"Momentum, defined as relative past stock returns, is most likely a factor in:",fundamental factor models.,the Carhart four-factor model.,the Fama–French three-factor model.,B,the Carhart four-factor model.,"29. B is correct because Mark Carhart (1997) extended the Fama and French model by 
adding another factor: momentum, defined as relative past stock returns. The best 
example of a practical model is the four-factor model proposed by Fama and French 
(1992) and Carhart (1997).",,
Vikas Vohra,Portfolio Management,1,Portfolio Approach to Investing,30,"Which of the following measures uses only systematic risk to evaluate portfolio 
performance?",M square,Sharpe ratio,Jensen's alpha,C,Jensen's alpha,"30. C is correct because Jensen’s alpha is based on systematic risk. The difference 
between the actual portfolio return and the calculated risk-adjusted return is a 
measure of the portfolio’s performance relative to the market portfolio and is called 
Jensen’s alpha.",,
Vikas Vohra,Portfolio Management,3,Basics of Portfolio Planning and Construction,31,"When evaluating the return distribution of an asset class, the probability of extreme 
returns is best assessed by the distribution's:",kurtosis.,variance.,skewness.,A,kurtosis.,"31. A is correct because in evaluating investments using only the mean (expected return) 
and variance (risk), we are implicitly making two important assumptions: 1) that the 
returns are normally distributed and can be fully characterized by their means and 
variances and 2) that markets are not only informationally efficient but that they are 
also operationally efficient. To the extent that these assumptions are violated, we 
need to consider additional investment characteristics. One of them is kurtosis. 
Kurtosis refers to fat tails or higher than normal probabilities for extreme returns 
and has the effect of increasing an asset’s risk that is not captured in a mean –
variance framework. This applies to asset returns as several market participants note 
that the probability and the magnitude of extreme events is underappreciated and 
was a primary contributing factor to the financial crisis of 2008.",,
Vikas Vohra,Portfolio Management,5,Introduction to Risk Management,32,Robo-advisers most likely:,face high barriers to entry.,cater to the demand from investors with lower levels of investable assets.,prefer actively managed funds to index funds when constructing client portfolios.,B,cater to the demand from investors with lower levels of investable assets.,"32. B is correct because rapid growth in robo-advisory assets is based on several industry 
trends including growing demand from 'mass affluent' and younger investors. 
Traditional investment advice has often underserved younger and 'mass affluent' 
investors with lower relative levels of investable assets.",,
Vikas Vohra,Portfolio Management,4,Behavioral Biases of Individuals,33,Which of the following is most closely associated with representativeness bias?,Momentum,The halo effect,Bubbles and crashes,B,The halo effect,"33. B is correct because representativeness bias attributes one positive trait as being 
representative of an overall positive investment. The halo effect extends a favorable 
evaluation of some characteristics to other characteristics. A company with a good 
growth record and good previous share price performance might be seen as a good 
investment, with higher expected returns than its risk characteristics merit. This 
view is a form of representativeness that can lead investors to extrapolate recent 
past performance into expected returns.",,
Vikas Vohra,Portfolio Management,3,Basics of Portfolio Planning and Construction,34,"Which of the following statements about different types of investors is most 
accurate?","For banks, the liquidity of their investments is a paramount concern.","For endowments, investment horizons are short due to their short-term spending 
needs.","For insurance companies, the risk tolerance of their general and surplus accounts 
is typically the same.",A,"For banks, the liquidity of their investments is a paramount concern.","34. A is correct because liquidity is a paramount concern for banks that stand ready to 
meet depositor requests for withdrawals.",,
Vikas Vohra,Portfolio Management,3,Basics of Portfolio Planning and Construction,35,Which of the following is most likely undertaken during the risk budgeting process?,Assessing risk appetite,Setting a limit for value at risk (VaR),Establishing a reserve to cover potential future losses,B,Setting a limit for value at risk (VaR),"35. B is correct because risk budgeting quantifies and allocates the tolerable risk by 
specific metrics. Four well-known single-dimension measures that are often used are 
standard deviation, beta, value at risk (VaR), and scenario loss.",,
Vikas Vohra,Portfolio Management,3,Basics of Portfolio Planning and Construction,36,The portfolio approach to investing most likely:,prevents portfolio losses during market downturns.,reduces the systematic risk of individual assets in a portfolio.,helps avoid disastrous investment outcomes during normal market conditions.,C,helps avoid disastrous investment outcomes during normal market conditions.,"36. C is correct because portfolio diversification helps investors avoid disastrous 
investment outcomes. A main tenet of the portfolio approach to investing is 
diversification. A disastrous outcome can result from ‘putting all your eggs into one 
basket' or investing everything into one stock whose value could then go to zero. A 
diversified portfolio holding many securities is likely to avoid this outcome. Although 
diversification may not prevent losses during market downturns, it does help avoid 
disastrous investment outcomes during normal market conditions.",,
Vikas Vohra,Portfolio Management,3,Basics of Portfolio Planning and Construction,37,"A client's time horizon is most appropriately used by an investment adviser to 
determine the client's:",risk attitude.,ability to take risk.,willingness to take risk.,B,ability to take risk.,"37. B is correct because the ability to bear risk is measured mainly in terms of objective 
factors, such as time horizon, expected income, and the level of wealth relative to 
liabilities.",,
Vikas Vohra,Portfolio Management,3,Basics of Portfolio Planning and Construction,38,"Which of the following sections of an investment policy statement most likely 
provides guidance on obtaining feedback on investment results?",Investment Guidelines,Evaluation and Review,Statement of Duties and Responsibilities,B,Evaluation and Review,"38. B is correct because the Evaluation and Review section provides guidance on obtaining 
feedback on investment results.",,
Vikas Vohra,Portfolio Management,1,Portfolio Approach to Investing,39,"The security market line plots the expected return of a portfolio against a measure 
of the portfolio's:",total risk.,systematic risk.,unsystematic risk.,B,systematic risk.,"39. B is correct because the security market line (SML) is a graphical representation of 
the capital asset pricing model with beta, reflecting systematic risk, on the x-axis 
and expected return on the y-axis.",,
Vikas Vohra,Portfolio Management,1,Portfolio Approach to Investing,40,"An analyst estimates the standard deviation of returns for the market portfolio to 
be 15% and the standard deviation of returns for a stock to be 25%. If the 
correlation of returns between the stock and the market portfolio is 0.6, the stock 
has:",less systematic risk than the market portfolio.,the same systematic risk as the market portfolio.,more systematic risk than the market portfolio.,B,the same systematic risk as the market portfolio.,"40. B is correct because the amount of systematic risk for a company is measured by the 
stock's beta. β = ρi,m × σi / σm = 0.60 × 0.25 / 0.15 = 0.15 / 0.15 = 1. Since the 
company's beta equals the market portfolio's beta (the market portfolio's beta with 
itself equals 1), the company has the same level of systematic risk as the market 
portfolio.",,
Vikas Vohra,Portfolio Management,1,Portfolio Approach to Investing,41,Risk-averse investors make investment decisions that maximize:,both return and risk.,return irrespective of risk.,return for the same amount of risk.,C,return for the same amount of risk.,"41. C is correct because risk-averse investors make investment decisions based on the 
risk–return trade-off, maximizing return for the same risk, and minimizing risk for 
the same return.",,
Vikas Vohra,Portfolio Management,3,Basics of Portfolio Planning and Construction,42,Sovereign wealth funds are best described as investment funds:,owned by governments.,traded as closed-end country funds.,restricted from investing in foreign securities.,A,owned by governments.,"42. A is correct because sovereign wealth funds (SWFs) are government -owned 
investment funds.",,
Vikas Vohra,Portfolio Management,2,Understanding Focus on Risk and Return,43,"Which of the following lines is plotted on a graph with the excess return of a security 
on the y-axis and the excess return of the market on the x-axis?",Capital market line,Security market line,Security characteristic line,C,Security characteristic line,"43. C is correct because similar to the SML (security market line), we can draw a security 
characteristic line (SCL) for a security. The SCL is a plot of the excess return of the 
security on the excess return of the market. The security characteristic line can also 
be estimated by regressing the excess security return, Ri – Rf, on the excess market 
return, Rm – Rf.",,
Vikas Vohra,Portfolio Management,2,Understanding Focus on Risk and Return,44,"According to capital market theory, the only type of risk that is priced is:",systematic risk.,diversifiable risk.,idiosyncratic risk.,A,systematic risk.,"44. A is correct because systematic or non-diversifiable risk is priced and investors are 
compensated for holding assets or portfolios based only on that investment's 
systematic risk. Investors do not receive any return for accepting nonsystematic or 
diversifiable risk. Pricing or valuing an asset is equivalent to estimating its expected 
rate of return.",,
Vikas Vohra,Portfolio Management,1,Portfolio Approach to Investing,45,"Which of the following is most accurate regarding an investment policy statement 
(IPS)?",Policies on sustainable investing require a separate IPS.,Investment constraints can be determined by the client or by the law.,"Clients can specify different spending goals, but each goal must have the same 
risk tolerance and return objective.",B,Investment constraints can be determined by the client or by the law.,"45. B is correct because the constraints may be internal (i.e., set by the client), or 
external (i.e., set by law or regulation).",,
Vikas Vohra,Portfolio Management,3,Basics of Portfolio Planning and Construction,46,An investor's ability to take risk:,is a function of risk tolerance.,is typically assessed by a psychometric questionnaire.,"increases with the length of the investment horizon, all else being equal.",C,"increases with the length of the investment horizon, all else being equal.","46. C is correct because the ability to bear risk is measured mainly in terms of objective 
factors, such as time horizon, expected income, and the level of wealth relative to 
liabilities. For example, an investor with a 20-year time horizon can be considered to 
have a greater ability to bear risk, other things being equal, than an investor with a 
2-year horizon. This difference is because over 20 years there is more scope for 
losses to be recovered or other adjustments to circumstances to be made than there 
is over two years.",,
Vikas Vohra,Portfolio Management,2,Understanding Focus on Risk and Return,47,The capital market line most likely consists of portfolios that:,are fully diversified.,have zero systematic risk.,have nonsystematic risk equal to beta.,A,are fully diversified.,"47. A is correct because the capital market line (CML) does not apply to all securities or 
assets but only to portfolios on the efficient frontier. The efficient frontier gives 
optimal combinations of expected return and total risk. Total risk and systematic risk 
are equal only for efficient portfolios because those portfolios have no diversifiable 
risk remaining. Thus, the CML holds only for well-diversified portfolios.",,
Vikas Vohra,Portfolio Management,2,Understanding Focus on Risk and Return,48,The Markowitz efficient frontier is best described as a curve that:,lies above and to the left of the minimum-variance frontier.,connects the minimum-variance portfolios for all possible returns.,"contains all portfolios of risky assets that rational, risk-averse investors will 
choose.",C,"contains all portfolios of risky assets that rational, risk-averse investors will 
choose.","48. C is correct because the Markowitz efficient frontier contains all portfolios of risky 
assets that rational, risk-averse investors will choose.",,
Vikas Vohra,Portfolio Management,3,Basics of Portfolio Planning and Construction,49,Which of the following most likely affects a client’s ability to take risk? The client’s:,utility function,degree of risk aversion,level of wealth relative to liabilities,C,level of wealth relative to liabilities,"49. C is correct because the ability to bear risk is measured mainly in terms of objective 
factors, such as time horizon, expected income, and the level of wealth relative to 
liabilities.",,
Vikas Vohra,Portfolio Management,2,Understanding Focus on Risk and Return,50,"The expected return for a security is equal to the market’s risk premium. If the risk-
free rate is positive and the CAPM holds, the beta of the security is:",less than 1.,equal to 1.,greater than 1.,A,less than 1.,"50. A is correct because the CAPM equation is E(Ri) = Rf + β[E(Rm) – Rf]. Therefore, the 
beta of the security has to be less than 1 in order for the security’s return to be the 
same as the market risk premium, given that the risk-free rate is positive.",,
Vikas Vohra,Portfolio Management,3,Basics of Portfolio Planning and Construction,51,"Which of the following characteristics is most likely used to determine an investor's 
ability to take risk? The investor's:",risk attitude.,self-confidence.,years until retirement.,C,years until retirement.,"51. C is correct because the ability to bear risk is measured mainly in terms of objective 
factors, such as time horizon, For example, an investor with a 20-year time horizon 
can be considered to have a greater ability to bear risk, other things being equal, 
than an investor with a 2-year horizon.",,
Vikas Vohra,Portfolio Management,2,Understanding Focus on Risk and Return,52,"An analyst gathers the following information: 
 
According to the CAPM, the expected return of the security is closest to:",5.7%.,13.2%.,16.0%.,B,13.2%.,"52. B is correct because the expected return of the security can be calculated using the 
CAPM equation: E(Ri) = Rf + β[E(Rm) – Rf]. The beta of the security can be calculated 
using the equation β = (ρi,m × σi)/σm. Therefore, β = (0.8 × 35%)/20% = 1.4. Beta is 
the product of the asset’s correlation with the market with a ratio of standard 
deviations of return (i.e., the ratio of the asset’s standard deviation to the market’s). 
Therefore, using the CAPM equation: E(Ri) = 2% + 1.4 × (10% − 2%) = 13.2%.",,
Vikas Vohra,Portfolio Management,2,Understanding Focus on Risk and Return,53,"The correlation of returns between two securities with equal standard deviation of 
returns is 0.75. If the covariance of returns is 5.5%2, the standard deviation of 
returns for each security is closest to:",2.7%.,3.7%.,7.3%.,A,2.7%.,53. A is correct because the correlation between the returns of the two securities is:,,
Vikas Vohra,Portfolio Management,2,Understanding Focus on Risk and Return,54,"An analyst gathers the following information about an asset and the market: 
 
Based on the CAPM, the asset's beta is closest to:",0.80.,1.00.,1.25.,A,0.80.,"54. A is correct because the expected return of an asset is E(Ri) = Rf + βi[E(Rm) – Rf], 
where Ri, Rm, and Rf denote the return on the asset, the market, and the risk-free 
asset, respectively, βi is the asset's beta, and [E(Rm) – Rf ] is the market risk 
premium. Thus, βi = [E(Ri) – Rf] / [E(Rm) – Rf] = [5% – 1%] / 5% = 4%/5% = 0.8.",,
Vikas Vohra,Portfolio Management,2,Understanding Focus on Risk and Return,55,"Long-term historical data on the risk–return trade-off of securities show that 
investors are most likely:",risk averse.,risk neutral.,risk seeking.,A,risk averse.,"55. A is correct because the expression 'risk–return trade-off' refers to the positive 
relationship between expected risk and return. In other words, a higher return is not 
possible to attain in efficient markets and over long periods of time without accepting 
higher risk. Expected returns should be greater for assets with greater risk. Over 
long periods of time, we observe that higher risk does result in higher mean returns. 
Thus, it is reasonable to claim that, over the long term, market prices reward higher 
risk with higher returns, which is a characteristic of a risk-averse investor.",,
Vikas Vohra,Portfolio Management,3,Basics of Portfolio Planning and Construction,56,"Information regarding the permissible use of derivatives in a portfolio is most likely 
found in which of the following sections of an investment policy statement?",Procedures,Investment Guidelines,Statement of Duties and Responsibilities,B,Investment Guidelines,"56. B is correct because the Investment Guidelines section of an Investment Policy 
Statement (IPS) provides information about how policy should be executed (e.g., on 
the permissible use of leverage and derivatives) and on specific types of assets 
excluded from investment, if any.",,
Vikas Vohra,Portfolio Management,1,Portfolio Approach to Investing,57,"In the portfolio management process, the feedback step most likely involves:",rebalancing the portfolio.,deciding on an asset allocation.,understanding the client's constraints.,A,rebalancing the portfolio.,"57. A is correct because the feedback step assists the portfolio manager in rebalancing 
the portfolio due to a change in, for example, market conditions or the circumstances 
of the client.",,
Vikas Vohra,Portfolio Management,3,Basics of Portfolio Planning and Construction,58,"Which of the following investment principles best explains the use of strategic asset 
allocation in portfolio construction?",Returns on similar assets reflect exposures to certain sets of systematic factors.,"Nonsystematic risk accounts for most of the change in portfolio value over the 
long term.","Deviating from policy exposures to systematic risk factors may add value to the 
portfolio.",A,Returns on similar assets reflect exposures to certain sets of systematic factors.,"58. A is correct because the focus on the SAA [strategic asset allocation] is the result 
of a number of important investment principles. One such principle is that the returns 
to groups of similar assets (e.g., long-term debt claims) predictably reflect exposures 
to certain sets of systematic factors (e.g., for the debt claims, unexpected changes 
in the inflation rate).",,
Vikas Vohra,Portfolio Management,3,Basics of Portfolio Planning and Construction,59,"In the investment policy statement of a pension fund, a countrywide limit on the 
proportion of high-risk assets that can be held in long-term pension portfolios is most 
likely a:",liquidity constraint.,legal and regulatory constraint.,time horizon constraint.,B,legal and regulatory constraint.,"59. B is correct because the IPS should state any legal and regulatory restrictions that 
constrain how the portfolio is invested. In some countries, such institutional investors 
as pension funds are subject to restrictions on the composition of the portfolio. For 
example, there may be a limit on the proportion of equities or other risky assets in 
the portfolio, or on the proportion of the portfolio that may be invested overseas.",,
Vikas Vohra,Portfolio Management,2,Understanding Focus on Risk and Return,60,The global minimum-variance portfolio is a portfolio that lies:,anywhere along the minimum-variance frontier.,"at the left-most point of the minimum-variance frontier. 

Portfolio Management: Practice Pack 
Faculty: Vikas Vohra                                                                        Page 10 of 30",at the upper right-most point of the minimum-variance frontier.,B,"at the left-most point of the minimum-variance frontier. 

Portfolio Management: Practice Pack 
Faculty: Vikas Vohra                                                                        Page 10 of 30","60. B is correct because the left-most point on the minimum-variance frontier is the 
portfolio with the minimum variance among all portfolios of risky assets, and is 
referred to as the global minimum-variance portfolio.",,
Vikas Vohra,Portfolio Management,3,Basics of Portfolio Planning and Construction,61,"Which of the following principles best explains the focus on a strategic asset 
allocation when constructing a client's IPS?",Adding assets with high correlation improves the risk–return trade-off.,"Nonsystematic risk accounts for most of a portfolio’s change in value over the 
long term.","The returns to groups of similar assets predictably reflect exposures to certain 
systematic factors.",C,"The returns to groups of similar assets predictably reflect exposures to certain 
systematic factors.","61. C is correct because the focus on the SAA (strategic asset allocation) is the result 
of a number of important investment principles. A second principle is that the returns 
to groups of similar assets (e.g., long-term debt claims) predictably reflect exposures 
to certain sets of systematic factors (e.g., for the debt claims, unexpected changes 
in the interest rate).",,
Vikas Vohra,Portfolio Management,3,Basics of Portfolio Planning and Construction,62,"Which of the following sections of an investment policy statement (IPS) most likely 
explains how and when the IPS should be reviewed?",Procedures,Investment Guidelines,Statement of Duties and Responsibilities,A,Procedures,"62. A is correct because the IPS should be reviewed on a regular basis to ensure that it 
remains consistent with the client's circumstances and requirements. The IPS should 
also be reviewed if the manager becomes aware of a material change in the client's 
circumstances, or on the initiative of the client when his or her objectives, time 
horizon, or liquidity needs change. The major components of an IPS include the 
following section: Procedures. This section explains the steps to take to keep the IPS 
current and the procedures to follow to respond to various contingencies.",,
Vikas Vohra,Portfolio Management,1,Portfolio Approach to Investing,63,"Which of the following best describes a characteristic of defined contribution 
pension plans?",The employee accepts the investment and inflation risk.,The employer is responsible for adequately funding the plan.,"Defined contribution plans typically have a higher cost to the company than 
defined benefit plans.",A,The employee accepts the investment and inflation risk.,"63. A is correct because the key to a defined contribution (DC) plan is that the employee 
accepts the investment and inflation risk and is responsible for ensuring that there 
are enough assets in the plan to meet their needs upon retirement.",,
Vikas Vohra,Portfolio Management,2,Understanding Focus on Risk and Return,64,The market model is most likely used to predict:,market returns in a future period.,economic growth in a future period.,company-specific returns in a future period.,C,company-specific returns in a future period.,"64. C is correct because the intercept, αi, and slope coefficient, βi, of the market model 
can be estimated by using historical security and market returns. These parameter 
estimates are then used to predict company-specific returns that a security may earn 
in a future period.",,
Vikas Vohra,Portfolio Management,1,Portfolio Approach to Investing,65,Open-end mutual funds typically:,are priced intraday.,have a fixed number of shares outstanding.,have a larger required minimum investment than ETFs.,C,have a larger required minimum investment than ETFs.,"65. C is correct because the minimum required investment in ETFs is usually smaller than 
that of mutual funds.",,
Vikas Vohra,Portfolio Management,2,Understanding Focus on Risk and Return,66,"A portfolio consists of two securities with the following characteristics: 
 
If the portfolio has an expected return of 12.6% and the returns of the two 
securities are uncorrelated, the portfolio's standard deviation is closest to:",13.4%.,15.2%.,19.2%.,B,15.2%.,"66. B is correct because the portfolio's weights are calculated by setting the portfolio 
return equal to 12.6%. The portfolio return of a two-security portfolio is:",,
Vikas Vohra,Portfolio Management,2,Understanding Focus on Risk and Return,67,"An equally weighted portfolio is composed of two risky assets. If the correlation of 
asset returns is equal to zero, the portfolio standard deviation is:",equal to zero.,equal to the weighted average of the assets' standard deviations.,less than the weighted average of the assets' standard deviations.,C,less than the weighted average of the assets' standard deviations.,"67. C is correct because the portfolio risk is less than the weighted average of risks 
when the correlation of asset returns is less than one.",,
Vikas Vohra,Portfolio Management,2,Understanding Focus on Risk and Return,68,"If all investors have homogeneous expectations, the total risk and expected return 
of portfolios consisting of the risk-free asset and the optimal risky portfolio are 
plotted on the:",capital market line.,security market line.,security characteristic line.,A,capital market line.,"68. A is correct because the risk-free asset could be combined with a risky portfolio to 
create a capital allocation line (CAL). A specific CAL that uses the market portfolio 
as the optimal risky portfolio is known as the capital market line. When assuming 
homogeneous expectations, only one optimal portfolio exists. The capital market line 
is shown in Exhibit 3, where the standard deviation (σp), or total risk, is on the x-axis 
and expected portfolio return, E(Rp), is on the y-axis.",,
Vikas Vohra,Portfolio Management,3,Basics of Portfolio Planning and Construction,69,"The risk–return profile of a portfolio's strategic asset allocation is most likely 
determined by the expected returns and risks of the individual asset classes and the:",correlations between those asset classes.,use of security selection for each of those asset classes.,"allowable deviation of portfolio weights from policy weights for those asset 
classes.",A,correlations between those asset classes.,"69. A is correct because the risk–return profile of the strategic asset allocation depends 
on the expected returns and risks of the individual asset classes, as well as the 
correlation between those asset classes.",,
Vikas Vohra,Portfolio Management,2,Understanding Focus on Risk and Return,70,"A portfolio has an annual return of 15.2% and a standard deviation of returns of 
11.7%. If the risk-free rate is 3.1%, the portfolio's Sharpe ratio is closest to:",1.03.,1.30.,1.56.,A,1.03.,"70. A is correct because the Sharpe ratio is defined as the portfolio’s risk premium 
divided by its risk. Hence, the Sharpe ratio = (Rp – Rf) / σp = (15.2% – 3.1%) / 11.7% 
= 12.1% / 11.7% = 1.0342 ≈ 1.03.",,
Vikas Vohra,Portfolio Management,3,Basics of Portfolio Planning and Construction,71,Which of the following is best classified as a financial risk?,Tax risk,Credit risk,Accounting risk,B,Credit risk,"71. B is correct because the risk management industry has come to classify three types 
of risks as primarily financial in nature and the second primary financial risk is credit 
risk.",,
Vikas Vohra,Portfolio Management,2,Understanding Focus on Risk and Return,72,"The risk management measure that captures the sensitivity of a derivative’s delta to 
a change in the value of the underlying best describes:",rho.,vega.,gamma.,C,gamma.,"72. C is correct because the sensitivity of the derivative price to a small change in the 
value of the underlying asset is called the delta. Large changes are captured by the 
concept of gamma. Whereas delta is a first-order risk, gamma is considered a second-
order risk because it reflects the risk of changes in delta. Gamma is a numerical 
measure of how sensitive an option’s delta is to a change in the value of the underlying.",,
Vikas Vohra,Portfolio Management,2,Understanding Focus on Risk and Return,73,The intercept on the y-axis of the security characteristic line is:,beta.,Jensen's alpha.,the risk-free rate of return.,B,Jensen's alpha.,"73. B is correct because the SCL is a plot of the excess return of the security on the 
excess return of the market. Jensen's alpha is the intercept and the beta is the 
slope.",,
Vikas Vohra,Portfolio Management,3,Basics of Portfolio Planning and Construction,74,"With respect to an investment policy statement, which of the following is most closely 
linked to the client’s distinctive needs?","The evaluation and review section 
Portfolio Management: Practice Pack 
Faculty: Vikas Vohra                                                                        Page 12 of 30",The objectives and constraints sections,The statement of duties and responsibilities,B,The objectives and constraints sections,"74. B is correct because the sections that are most closely linked to the client’s 
distinctive needs, and probably the most important from a planning perspective, are 
those dealing with investment objectives and constraints. An IPS [investment policy 
statement] focusing on these two elements has been called an IPS in an ‘objectives 
and constraints’ format.",,
Vikas Vohra,Portfolio Management,2,Understanding Focus on Risk and Return,75,The slope of the security market line is most likely the:,security's beta.,market risk premium.,market risk premium divided by the market standard deviation.,B,market risk premium.,"75. B is correct because the security market line (SML) is a graphical representation of 
the capital asset pricing model with beta, reflecting systematic risk, on the x-axis 
and expected return on the y-axis. The slope of this line is the market risk premium, 
Rm – Rf.",,
Vikas Vohra,Portfolio Management,2,Understanding Focus on Risk and Return,76,"Which of the following performance measures is equal to the slope of the capital 
allocation line?",M-square,Sharpe ratio,Treynor ratio,B,Sharpe ratio,"76. B is correct because the Sharpe ratio, also called the reward-to-variability ratio, is 
simply the slope of the capital allocation line.",,
Vikas Vohra,Portfolio Management,3,Basics of Portfolio Planning and Construction,77,"Which of the following sections of an investment policy statement for a pension plan 
most likely specifies the discretion that portfolio managers have with respect to 
executing the investment strategy?",Procedures,Investment Constraints,Statement of Duties and Responsibilities,C,Statement of Duties and Responsibilities,"77. C is correct because the Statement of Duties and Responsibilities section details the 
duties and responsibilities of the client, the custodian of the client’s assets, and the 
investment managers. In the case of an institution, such as a pension plan or university 
endowment, the IPS may set out the governance arrangements that apply to the 
investment funds. For example, this information could cover the investment 
committee’s approach to appointing and reviewing investment managers for the 
portfolio, and the discretion that those managers have.",,
Vikas Vohra,Portfolio Management,2,Understanding Focus on Risk and Return,78,"Which of the following measures is most appropriate to evaluate the performance of 
a portfolio that is not fully diversified?",Sharpe ratio,Treynor ratio,Jensen's alpha,A,Sharpe ratio,"78. A is correct because total risk is relevant for an investor when he or she holds a 
portfolio that is not fully diversified, which is not a desirable portfolio. In such cases, 
the Sharpe ratio and M2 are appropriate performance measures. The Sharpe ratio 
uses total risk as a measure of risk.",,
Vikas Vohra,Portfolio Management,3,Basics of Portfolio Planning and Construction,80,"Which of the following metrics is most appropriate to estimate a bond's average 
extreme loss?",VaR of loss,Standard deviation of loss,Expected loss given default,C,Expected loss given default,"80. C is correct because the statistics used to estimate VaR can be used to gauge average 
extreme losses. Conditional VaR or CVaR is a common tail loss measure, defined as 
the weighted average of all loss outcomes in the statistical distribution that exceed 
the VaR loss. Another tail risk metric in the credit risk space that is analogous to 
CVaR is expected loss given default, which answers the question for a debt security, 
If the underlying company or asset defaults, how much do we lose on average?",,
Vikas Vohra,Portfolio Management,2,Understanding Focus on Risk and Return,81,"An analyst gathers the following information about the security market line (SML) 
and a stock: 
 
According to capital market theory, if the analyst believes the stock will have a 
return of 7%, the stock is:",undervalued.,properly valued.,overvalued.,C,overvalued.,"81. C is correct because the security market line (SML) is a graphical representation of 
the capital asset pricing model with beta, reflecting systematic risk, on the x-axis 
and expected return on the y-axis. Using the same concept as the capital market line, 
the SML intersects the y-axis at the risk-free rate of return, and the slope of this 
line is the market risk premium, Rm – Rf . Potential investors can plot a security’s 
expected return and beta against the SML and use this relationship to decide 
whether the security is overvalued or undervalued in the market. All securities that 
reflect the consensus market view are points directly on the SML (i.e., properly 
valued). If a point representing the estimated return of an asset is above the SML, 
the asset has a low level of risk relative to the amount of expected return and would 
be a good choice for investment. In contrast, if the point representing a particular 
asset is below the SML, the stock is considered overvalued. The asset will be on the 
SML if the forecasted return equals the expected return of 0.02 + 1.3 × 0.05 = 0.085 
= 8.5%. Since the analyst forecasts the return of the asset to be 7%, which is lower 
than the expected return according to the CAPM, the security plots below the SML 
and should be considered overvalued.",,
Vikas Vohra,Portfolio Management,1,Portfolio Approach to Investing,82,"Relative to passive market-cap-weighted strategies, smart beta strategies typically 
have:",lower management fees and higher portfolio turnover.,higher management fees and lower portfolio turnover.,higher management fees and higher portfolio turnover.,C,higher management fees and higher portfolio turnover.,"82. C is correct because typically, smart beta strategies feature somewhat higher 
management fees and higher portfolio turnover relative to passive market -cap 
weighted strategies.",,
Vikas Vohra,Portfolio Management,3,Basics of Portfolio Planning and Construction,83,"When defining asset classes for a strategic asset allocation, which of the following 
pairwise correlations between asset class returns is most preferable?",0.0,0.5,1.0,A,0.0,"83. A is correct because when defining asset classes, a number of criteria apply. 
Intuitively, an asset class should contain relatively homogeneous assets while 
providing diversification relative to other asset classes. In statistical terms, risk and 
return expectations should be similar and paired correlations of assets should be 
relatively high within an asset class but should be lower versus assets in other asset 
classes. A between asset class correlation of zero would indicate better defined 
asset classes than higher correlations would.",,
Vikas Vohra,Portfolio Management,2,Understanding Focus on Risk and Return,84,"According to capital market theory, an efficient market does not reward investors 
for taking on:",market risk.,systematic risk.,idiosyncratic risk.,C,idiosyncratic risk.,"84. C is correct because we can assume that in an efficient market, no incremental reward 
can be earned for taking on diversifiable risk. Nonsystematic risk is the risk that 
pertains to a single company or industry and is also known as company -specific, 
industry-specific, diversifiable, or idiosyncratic risk.",,
Vikas Vohra,Portfolio Management,3,Basics of Portfolio Planning and Construction,85,"Which of the following is most likely a legal and regulatory constraint in an investment 
policy statement?",A pension fund's decision to limit investments in real estate,"A taxable investor's requirement to avoid investments in securities generating 
interest income","A public company director's restriction on trading the company's stock shortly 
before the publication of financial results",C,"A public company director's restriction on trading the company's stock shortly 
before the publication of financial results","85. C is correct because when an individual has access to material nonpublic information 
about a particular security, this situation may also form a [legal and regulatory] 
constraint. For example, the directors of a public company may need to refrain from 
trading the company's stock at certain points of the year before financial results are 
published. The IPS should note this constraint so that the portfolio manager does 
not inadvertently trade the stock on the client's behalf.",,
Vikas Vohra,Portfolio Management,3,Basics of Portfolio Planning and Construction,86,"When defining asset classes, the paired correlations of assets within an asset class 
should be:",negative.,zero.,Positive.,C,Positive.,"86. C is correct because when defining asset classes an asset class should contain 
relatively homogeneous assets and paired correlations of assets should be relatively 
high within an asset class.",,
Vikas Vohra,Portfolio Management,2,Understanding Focus on Risk and Return,87,"An investor gathers the following information about a security and the market: 
 
The correlation between the security's returns and the market's returns is closest 
to:",0.2.,0.5.,0.8.,B,0.5.,"87. B is correct because βi = ρi,m × σi/σm, where ρi,m denotes the correlation between 
the asset returns and the market returns, and σi and σm denote the standard 
deviation of the asset returns and the market returns, respectively. Thus, correlation 
ρi,m = βi × σm/σi = 0.35 × 0.18/0.12 = 0.525 ≈ 0.5.",,
Vikas Vohra,Portfolio Management,3,Basics of Portfolio Planning and Construction,88,"A bank determines that its value at risk (VaR) is £5 million at 5% for one day. The 
bank is expecting a minimum loss of £5 million once every:",5 business days.,13 business days.,20 business days.,C,20 business days.,"88. C is correct because with a probability of 5% and a measurement period of one day, 
we can interpret the bank’s VaR as expecting a minimum loss of £5 million once every 
20 business days.",,
Vikas Vohra,Portfolio Management,5,Introduction to Risk Management,89,A good risk management process should:,predict when a crisis will occur.,consider the balance between expected returns and losses.,only consider losses occurring from events that have a high likelihood.,B,consider the balance between expected returns and losses.,"89. B is correct because a good risk management process would include a deep discussion 
at the governance level about the balance between the likely returns and the 
unlikely—but sizable—losses and whether such losses are tolerable.",,
Vikas Vohra,Portfolio Management,2,Understanding Focus on Risk and Return,90,"A portfolio consisting of two securities has the following characteristics: 
 
If the correlation of returns between the two securities is 0.20, the portfolio's 
standard deviation of returns is closest to:",1.8%.,9.1%.,13.4%.,C,13.4%.,90. C is correct because σport =,,
Vikas Vohra,Portfolio Management,3,Basics of Portfolio Planning and Construction,91,"An investor has a 15-year time horizon but needs to withdraw funds from her 
portfolio in one year's time to pay for tuition fees. Which of the following 
investments is most suitable to cover the investor's liquidity requirement due to the 
tuition fees?",Commercial paper,Private equity securities,Large-capitalization stocks,A,Commercial paper,"91. A is correct because, although the investor has a time horizon of 15 years, she has 
liquidity needs in one year. When the client does have such a requirement, the 
manager should allocate part of the portfolio to cover the liability. This part of the 
portfolio will be invested in assets that are liquid—that is, easily converted to cash—
and low risk at the point in time the liquidity need is actually present (e.g., a bond 
maturing at the time when private education expenses will be incurred), so that their 
value is known with reasonable certainty. Commercial paper is a short -term, 
negotiable, unsecured promissory note that represents a debt obligation of the 
issuer. Thus, commercial paper being a short-term investment, it is more suitable 
compared to private equity and large-capitalization stocks to be included in the 
portion of the investor's portfolio that has the short-term liquidity need.",,
Vikas Vohra,Portfolio Management,1,Portfolio Approach to Investing,92,"With respect to capital market theory, which of the following statements is most 
accurate?",The optimal risky portfolio is dependent on the risk-free rate.,The optimal risky portfolio is dependent on the investor's risk profile.,The investor's optimal portfolio must lie on the Markowitz efficient frontier.,A,The optimal risky portfolio is dependent on the risk-free rate.,"92. A is correct because, for a given Markowitz efficient frontier, a different risk-free 
rate will result in a different tangent to the frontier, hence a different optimal risky 
portfolio. CAL(P) is the optimal capital allocation line and Portfolio P is the optimal 
risky portfolio. Thus, with the addition of the risk-free asset, we are able to narrow 
our selection of risky portfolios to a single optimal risky portfolio, P, which is at the 
tangent of CAL(P) and the efficient frontier of risky assets.",,
Vikas Vohra,Portfolio Management,2,Understanding Focus on Risk and Return,94,"A security with a beta of 1.5 has an expected return of 11% according to the CAPM. 
If the risk-free rate is 2%, the market risk premium is closest to:",4.0%.,6.0%.,7.3%.,B,6.0%.,"94. B is correct because, according to the CAPM, the expected return of a security is 
E(Ri) = Rf + βi[E(Rm) – Rf], such that [E(Rm) – Rf ]= [E(Ri) – Rf]/βi = (0.11 – 0.02)/1.5 
= 0.06 = 6%. The market risk premium is E(Rm) – Rf = 6%.",,
Vikas Vohra,Portfolio Management,2,Understanding Focus on Risk and Return,95,"An analyst gathers the following information about a portfolio and the market: 
 
The portfolio's Treynor ratio is closest to:",0.060.,0.114.,0.413.,B,0.114.,95. B is correct because,,
Vikas Vohra,Portfolio Management,2,Understanding Focus on Risk and Return,96,"For an equally weighted portfolio, an increase in the correlations between asset 
returns most likely decreases the:",portfolio's expected return.,portfolio's standard deviation of returns.,level of risk reduction provided by the portfolio.,C,level of risk reduction provided by the portfolio.,"96. C is correct because, as the correlations between asset returns increase, the 
diversification benefit provided by portfolios decreases. A major reason that 
portfolios can effectively reduce risk is that combining securities whose returns do 
not move together provides diversification. However, an important issue is that the 
co-movement or correlation pattern of the securities' returns in the portfolio can 
change in a manner unfavorable to the investor. When we examine the returns of a 
set of global equity indexes over the last 15 years, we observe a reduction in the 
diversification benefit due to a change in the pattern of co-movements of returns. 
The degree to which these global equity indexes move together has increased over 
time. 
 
The lesson is that although portfolio diversification generally does reduce risk, it 
does not necessarily provide the same level of risk reduction during times of severe 
market turmoil as it does when the economy and markets are operating ‘normally'.",,
Vikas Vohra,Portfolio Management,1,Portfolio Approach to Investing,99,"In risk management, which of the following should be taken into account when 
determining an enterprise’s risk tolerance?",Management compensation,The enterprise’s value at risk (VaR),The government and regulatory landscape,C,The government and regulatory landscape,"99. C is correct because, in the context of risk management, factors such as a company’s 
goals, its expertise in certain areas, and its strategies will help a board determine 
which risks the company may pursue and with how much intensity. The government 
and regulatory landscape is important too, both in their ex ante demands on how 
companies approach risk and in the likely ex post reaction in the event of disasters.",,
Vikas Vohra,Portfolio Management,2,Understanding Focus on Risk and Return,100,"Two investors have indifference curves that are tangent to the same capital 
allocation line (CAL). If Investor 1 is more risk averse than Investor 2, Investor 1's 
optimal portfolio is:",to the left of Investor 2's optimal portfolio on the CAL.,at the same point on the CAL as Investor 2's optimal portfolio.,"to the right of Investor 2's optimal portfolio on the CAL. 
 
Solutions",A,to the left of Investor 2's optimal portfolio on the CAL.,"100. A is correct because the optimal portfolio maximizes the return per unit of risk 
(as it is on the capital allocation line), and it simultaneously supplies the investor with 
the most satisfaction (utility). 

Alternative Investments: Practice Pack 

candidates for practice purpose.",,
Vikas Vohra,Portfolio Management,1,Portfolio Approach to Investing,2,"Which of the following forms of digital asset investment most likely involves the use 
of a cryptocurrency wallet?",Direct investment,Indirect investment via ETFs,Indirect investment via coin trusts,B,Indirect investment via ETFs,"2. B is correct because risk management is the process by which an organization or 
individual defines the level of risk to be taken, measures the level of risk being taken, 
and adjusts the latter toward the former, with the goal of maximizing the company’s 
or portfolio’s value. Said differently, risk management comprises all the decisions and 
actions needed to best achieve organizational or personal objectives while bearing a 
tolerable level of risk.",,
Vikas Vohra,Portfolio Management,1,Portfolio Approach to Investing,3,The correlation of cryptocurrencies with traditional assets has been:,decreasing.,steady.,increasing.,C,increasing.,"3. C is correct because risk governance is the top-down (not bottom-up) process and 
guidance that directs risk management activities to align with and support the overall 
enterprise.",,
Vikas Vohra,Portfolio Management,1,Portfolio Approach to Investing,4,Which of the following is most likely a major driver of bitcoin returns?,Increased market adoption,The prospect of underlying cashflow generation,Consistently high correlation with traditional asset classes,C,Consistently high correlation with traditional asset classes,"4. C is correct because a benchmark is used as a relative return objective and a good 
benchmark should be investable.",,
Vikas Vohra,Portfolio Management,1,Portfolio Approach to Investing,5,Cryptocurrencies can be issued by:,individuals only.,corporations and organisations only.,"individuals, corporations and organisations.",B,corporations and organisations only.,"5. B is correct because a combination of the risk-free asset and a risky asset can result 
in a better risk–return trade-off than an investment in only one type of asset because 
the risk-free asset has zero correlation with the risky asset. The optimal risky 
portfolio is a risky asset, and thus has zero correlation with the risk-free asset.",,
Vikas Vohra,Portfolio Management,1,Portfolio Approach to Investing,6,"Compared to traditional financial assets, digital assets:",can be invested in through indirect investment vehicles such as ETFs.,are generally recorded in private ledgers maintained by central intermediaries.,"do not have an inherent value based on underlying assets or on potential cash 
flows.",B,are generally recorded in private ledgers maintained by central intermediaries.,"6. B is correct because a leveraged portfolio is a portfolio that has a negative 
investment in the risk-free asset. 
 
A portfolio's expected return, E(Rp), is calculated as: E(Rp) = w1Rf + (1 – w1)E(Rm), 
where w1 is the proportion invested in the risk-free asset, returning Rf, and E(Rm) is 
the expected return on the market portfolio. 
 
Thus, 0.18 = w1 × 0.03 + (1 – w1) × 0.15 
 
0.18 – 0.15 = w1 × (0.03 – 0.15) 
 
0.03 = w1 × (–0.12) 
 
w1 = 0.03/(–0.12) 
 
w1 = –0.25 
 
A negative proportion invested in the risk-free rate implies a leveraged portfolio.",,
Vikas Vohra,Portfolio Management,3,Basics of Portfolio Planning and Construction,7,"A measure that restricts new investors in a hedge fund from redeeming their capital 
for a set amount of time in order to implement the fund's investment strategy is 
known as a:",gate.,notice period.,lockup period.,B,notice period.,"7. B is correct because a risk-free asset (𝜎! = 0) generates the same utility for all 
individuals. If 𝜎! = 0, then U = E(r) - 1/2(A)(	𝜎!) = E(r) for all individuals.",,
Vikas Vohra,Ethical and Professional Standards,1,Ethics and Trust in the Investment Profession,6,Which of the following statements is most accurate? Cryptocurrencies:,exhibit low volatility.,have no limits on the total amount of currency that may be issued.,allow transactions between parties without the need for an intermediary.,A,exhibit low volatility.,"6. A is correct because (1) Kim discusses his concerns with Frost before executing the 
trade, (2) Frost acknowledges this discussion and accepts the conditions of 
unsuitability, (3) Kim's firm does not require approval for unsuitable trades since it 
has no policy on the subject, and (4) the request does not have a material impact on 
Frost's portfolio since it represents only one percent of its value, hence no 
modification of the IPS is required. According to Standard III(C), Suitability, in 
cases of unsolicited trade requests that a member or candidate knows are unsuitable 
for a client, the member or candidate should refrain from making the trade until he 
or she discusses the concerns with the client. Following the discussion, the member 
or candidate may follow his or her firm’s policies regarding the necessary client 
approval for executing unsuitable trades. At a minimum, the client should acknowledge 
the discussion and accept the conditions that make the recommendation unsuitable. 
Should the unsolicited request be expected to have a material impact on the portfolio, 
                                                                         
 
the member or candidate should use this opportunity to update the investment policy 
statement.",,
Vikas Vohra,Ethical and Professional Standards,3,Guidance for Standards I–VII,7,"Which of the following is a recommended procedure for compliance with the Standard 
relating to loyalty, prudence, and care? Members should:",eliminate all actual and potential conflicts of interest.,make their clients aware of all forms of manager compensation.,"submit to each client, at least annually, an itemized statement showing the funds 
and securities in custody.",B,make their clients aware of all forms of manager compensation.,"7. B is correct because a recommended procedure for Standard III (A), Loyalty, 
Prudence, and Care is members and candidates should make their clients aware of all 
forms of manager compensation.",,
Vikas Vohra,Ethical and Professional Standards,3,Guidance for Standards I–VII,8,"According to the Standards, a member who is asked to produce an issuer -paid 
research report is required to:",avoid cash compensation.,disclose the nature of their compensation in the report.,"decline to write the report if the member's firm provides investment banking 
services to the issuer.",B,disclose the nature of their compensation in the report.,"8. B is correct because according to Standard I (B), Independence and Objectivity, 
members are required to disclose their compensation. Members and candidates must 
adhere to strict standards of conduct that govern how the research is to be 
conducted and what disclosures must be made in the report. Analysts must engage in 
thorough, independent, and unbiased analysis and must fully disclose potential 
conflicts of interest, including the nature of their compensation.",,
Vikas Vohra,Ethical and Professional Standards,3,Guidance for Standards I–VII,9,"Ann Jules, CFA, discovered that her employer, Plutus Investments Inc. (PII), inflates 
investment performance in PII's marketing brochure. In accordance with firm policy, 
Jules uses PII’s marketing brochure to present to prospective clients. In addition, 
Jules emails stock recommendations to her clients in capsule form and offers 
additional information only upon request. Jules has most likely violated the 
Standards:",by emailing stock recommendations to her clients in capsule form.,only by using PII’s marketing brochure to present to prospective clients.,"both by emailing stock recommendations to her clients in capsule form and by 
using PII’s marketing brochure to present to prospective clients.",B,only by using PII’s marketing brochure to present to prospective clients.,"9. B is correct because according to Standard I(C), Misrepresentation members and 
Candidates must not knowingly make any misrepresentations relating to investment 
analysis, recommendations, actions, or other professional activities. By using PII’s 
marketing brochure that inflates performance to present to prospective clients, 
Jules has violated Standard I(C).",,
Vikas Vohra,Ethical and Professional Standards,3,Guidance for Standards I–VII,10,"Maria Jennings, CFA, overhears the CEO of United Retail saying that the quarterly 
report to be released next week will miss analysts' expectations. Jennings 
immediately calls her brother who owns the stock to tell him what she overheard. 
One week later, Jennings writes a report on another company, KTD retail. She uses 
public and nonmaterial nonpublic information for her analysis to issue a ""buy"" 
recommendation. Has Jennings most likely violated the Standards?",No,"Yes, by calling her brother to tell him what she overheard 
Ethical and Professional Standards 
Faculty: Vikas Vohra                                                                        Page 3 of 58","Yes, by using public and nonmaterial nonpublic information for her analysis to issue 
a ""buy"" recommendation",B,"Yes, by calling her brother to tell him what she overheard 
Ethical and Professional Standards 
Faculty: Vikas Vohra                                                                        Page 3 of 58","10. B is correct because according to Standard II (A), Material Nonpublic Information, 
Members and Candidates who possess material nonpublic information that could 
affect the value of an investment must not act or cause others to act on the 
information. Also, Information is “material” if its disclosure would probably have an 
impact on the price of a security or if reasonable investors would want to know the 
information before making an investment decision -- such as the results of an 
upcoming quarterly report from a reliable source (the CEO). Jennings prompted her 
sister to act on it, hence, violated the Standard.",,
Vikas Vohra,Ethical and Professional Standards,3,Guidance for Standards I–VII,11,"According to the Standards, which of the following is most likely considered material 
nonpublic information?",The recent execution of a large buy order from a hedge fund.,"Significant legal challenges revealed at an internal meeting of the company's 
management.","Recent increases in a company's board remuneration discussed at the annual 
general meeting.",B,"Significant legal challenges revealed at an internal meeting of the company's 
management.","11. B is correct because according to Standard II(A) Material Nonpublic Information, 
material information may include, but is not limited to, information on the following: 
significant legal disputes.",,
Vikas Vohra,Ethical and Professional Standards,3,Guidance for Standards I–VII,12,"According to the Standard relating to fair dealing, when members disseminate 
investment recommendations, they are most likely required to make every effort to 
treat individual clients in a(n):",fair and equal manner.,fair and impartial manner.,equal and impartial manner.,B,fair and impartial manner.,"12. B is correct because according to Standard III (B), Fair Dealing, members and 
candidates must make every effort to treat all individual and institutional clients in 
a fair and impartial manner. Additionally, the term 'fairly' implies that the member 
or candidate must take care not to discriminate against any clients when 
disseminating investment recommendations or taking investment action. Standard 
III(B) does not state 'equally' because members and candidates could not possibly 
reach all clients at exactly the same time...",,
Vikas Vohra,Ethical and Professional Standards,3,Guidance for Standards I–VII,13,"According to the recommended procedure for compliance with the Standard relating 
to fair dealing, a member who works in a large firm should:","offer different levels of service to clients selectively based on the clients' 
investment needs.","disclose to clients and prospective clients how she selects accounts to participate 
in an order.","inform all firm staff of the content of upcoming investment recommendations to 
assure that all clients' investment needs are met.",B,"disclose to clients and prospective clients how she selects accounts to participate 
in an order.","13. B is correct because according to Standard III (B), Fair Dealing, Members and 
candidates should disclose to clients and prospective clients how they select accounts 
to participate in an order.",,
Vikas Vohra,Ethical and Professional Standards,3,Guidance for Standards I–VII,14,"Which of the following statements is accurate according to the Standards? 
Statement 1: A member, prior to leaving his current employer, may contact potential 
clients for purposes of soliciting their business for their new employer. 
Statement 2: A member, while still employed, is free to make arrangements outside 
of normal working hours to apply for a license with the local regulator to set up a 
competing business.",Statement 1 only.,Statement 2 only.,Both Statement 1 and Statement 2.,B,Statement 2 only.,"14. B is correct because according to Standard IV(A), Loyalty, a departing employee is 
generally free to make arrangements or preparations to go into a competitive business 
before terminating the relationship with his or her employer as long as such 
preparations do not breach the employee’s duty of  loyalty. Also, Allen’s [the 
member's] preparation for the new business by registering with the regulatory 
authorities does not conflict with the work for her employer if the preparations have 
been done on Allen’s [the member's] own time outside the office and if Allen [the 
member] will not be soliciting clients for the business or otherwise operating the new 
company until she has left her current employer. Therefore, Statement 2 is accurate.",,
Vikas Vohra,Ethical and Professional Standards,3,Guidance for Standards I–VII,15,"According to the Standard relating to disclosure of conflicts, buy-side members 
should disclose to clients their:",beneficial ownership in any security.,firm's procedures for reporting requirements for personal transactions.,"firm's policies on blackout periods during which the member cannot trade for 
clients.",B,firm's procedures for reporting requirements for personal transactions.,"15. B is correct because according to Standard VI(A), Disclosure of Conflicts, buy-side 
members and candidates should disclose their procedures for reporting requirements 
for personal transactions. Conflicts arising from personal investing are discussed 
more fully in the guidance for Standard VI(B). Therefore, not disclosing the 
procedure for a buy-side member is a violation.",,
Vikas Vohra,Ethical and Professional Standards,3,Guidance for Standards I–VII,16,"Michael Mak, CFA, is a portfolio manager at an investment firm. After comprehensive 
research, Mak buys Advance One Tech's (AOT) stock for all his clients for whom the 
investment is suitable. He then buys AOT shares for his brother's fee -paying 
account, in which Mak has beneficial ownership. AOT's stock price declines 
significantly after a month, resulting in substantial losses for all his clients. Are 
Mak's actions consistent with the Standards?",Yes,"No, Mak's actions are not consistent with the Standard relating to priority of 
transactions","No, Mak's actions are not consistent with the Standard relating to diligence and 
reasonable basis",B,"No, Mak's actions are not consistent with the Standard relating to priority of 
transactions","16. B is correct because according to Standard VI(B), Priority of Transactions, family 
accounts that are client accounts should be treated like any other firm account and 
should neither be given special treatment nor be disadvantaged because of the family 
relationship. If a member or candidate has a beneficial ownership in the account, 
however, the member or candidate may be subject to preclearance or reporting 
requirements of the employer or applicable law. Mak should treat his brother's fee 
paying account like any other firm account and should not be disadvantaged. 
Therefore, Mak's actions are not consistent with the Standard relating to priority 
of transactions.",,
Vikas Vohra,Ethical and Professional Standards,4,Introduction to the Global Investment Performance Standards (GIPS),17,"With respect to the GIPS standards, which of the following statements is most 
accurate? Verification:",of GIPS compliance is mandatory if the firm claims GIPS compliance.,"is performed by the firm when self -regulating and certifying its claim of 
compliance.","tests whether the firm's processes are designed to present performance results 
in compliance with the GIPS standards.",C,"tests whether the firm's processes are designed to present performance results 
in compliance with the GIPS standards.","17. C is correct because according to GIPS, Verification is a process by which an 
independent verification firm (verifier) conducts testing of a firm on a firm-wide 
basis in accordance with the required verification procedures of the GIPS standards. 
Verification provides assurance on whether the firm’s policies and procedures related 
to composite and pooled fund maintenance, as well as the calculation, presentation, 
and distribution of performance, have been designed in compliance with the GIPS 
standards and have been implemented on a firm-wide basis.",,
Vikas Vohra,Ethical and Professional Standards,3,Guidance for Standards I–VII,18,"Which of the following is a violation of the Standard relating to conduct as 
participants in CFA Institute Programs? A candidate:",discusses broad topic areas covered in the curriculum in an online forum.,"tells her brother, after taking the exam, how glad she was that no questions about 
the binomial model were asked.","publishes on a social media website her disappointment about what she thinks is 
an overly academic CFA Program.",B,"tells her brother, after taking the exam, how glad she was that no questions about 
the binomial model were asked.","18. B is correct because according to Standard VII (A), Conduct as Participants in CFA 
Institute Programs, CFA Institute program rules, regulations, and policies prohibit 
candidates from disclosing confidential material gained during the exam process. 
Examples of information that cannot be disclosed by candidates sitting for an exam 
include but are not limited to broad topical areas and formulas tested or not tested 
on the exam. Therefore, the candidate has violated Standard VII (A) by telling her 
brother how glad she was that no questions about the binomial model were asked.",,
Vikas Vohra,Ethical and Professional Standards,3,Guidance for Standards I–VII,19,"Johny Lumunon, CFA, shows prospective clients the investment performance of an 
account with ""balanced"" investment objectives and highlights how account has 
outperformed the benchmark in the last 10 years. He does not disclose that this is 
the best performing account, and that half of the accounts with “balanced” 
investment objectives managed by his firm underperformed the benchmark during 
the same period. Lumunon has most likely violated the Standard(s) relating to:",only misrepresentation.,only performance presentation.,both misrepresentation and performance presentation.,C,both misrepresentation and performance presentation.,"19. C is correct because according to Standard I (C), Misrepresentation, a member or 
candidate must not knowingly omit or misrepresent information or give a false 
impression of a firm, organization, or security in the member’s or candidate’s oral 
                                                                         
 
representations, advertising (whether in the press or through brochures), electronic 
communications, or written materials (whether publicly disseminated or not). By 
showing investment results of only one “balanced” account, and failing to disclose that 
that this is the best-performing account and that half of the balanced accounts 
underperformed the benchmark, Lumunon has violated Standard I (C). Further 
Standard III (D), Performance Presentation, requires members and candidates to 
avoid misstating performance or misleading clients and prospective clients about the 
investment performance of members or candidates or their firms. This standard 
encourages full disclosure of investment performance data to clients and prospective 
clients. Thus, Lumunon has also violated Standard III (D).",,
Vikas Vohra,Ethical and Professional Standards,3,Guidance for Standards I–VII,20,"Jordan Kope, CFA, is an analyst with a hedge fund and works closely with Deepa Bose 
who earned her CFA designation 15 years ago. Kope becomes aware that Bose uses 
her CFA designation even though she no longer pays her membership dues. During 
several meetings that Bose and Kope have with the firm’s clients, Bose emphasizes 
that all her team members, including herself, are CFA charterholde rs. To be 
consistent with the Standards, Kope should:","only dissociate himself from activities involving Bose. 
Ethical and Professional Standards 
Faculty: Vikas Vohra                                                                        Page 5 of 58",only report Bose's conduct to the fund's compliance department.,"dissociate himself from activities involving Bose and report Bose's conduct to the 
fund's compliance department.",C,"dissociate himself from activities involving Bose and report Bose's conduct to the 
fund's compliance department.","20. C is correct because according to Standard I(A), Knowledge of the Law, Members and 
Candidates must not knowingly participate or assist in and must dissociate from any 
violation of such laws, rules, or regulations. In this case, by staying silent in a client 
meeting in which he knows false information is being given to a potential investor that 
could cause harm to that investor, Kope would be seen as assisting Bose in providing 
that false information, even though Kope is not actively engaging in the misconduct 
himself. Kope should report her conduct to the fund’s compliance department for it 
to address and should dissociate himself from activities involving Bose and report 
Bose's conduct to the fund's compliance department.",,
Vikas Vohra,Ethical and Professional Standards,3,Guidance for Standards I–VII,21,"According to the recommended procedures for compliance with the Standard relating 
to responsibilities of supervisors, a firm's code of ethics should:",only be written in plain language.,only be integrated in the firm's compliance procedures.,"both be written in plain language and be integrated in the firm's compliance 
procedures.",A,only be written in plain language.,"21. A is correct because according to recommended procedures for compliance with 
Standard IV (C), Responsibilities of Supervisors, Stand-alone codes of ethics should 
be written in plain language and should address general fiduciary concepts.",,
Vikas Vohra,Ethical and Professional Standards,3,Guidance for Standards I–VII,22,"According to the Standard relating to diligence and reasonable basis, a member is 
required to:","exercise diligence, independence, and thoroughness in analyzing investments.","become an expert in the technical aspects of the models used for investment 
recommendations.","dissociate and remove her name from a company group report if the report does 
not reflect her opinion.",A,"exercise diligence, independence, and thoroughness in analyzing investments.","22. A is correct because according to Sta ndard V(A) Investment Analysis, 
Recommendations, and Actions - Diligence and Reasonable Basis, Members and 
Candidates must: Exercise diligence, independence, and thoroughness in analyzing 
investments, making investment recommendations, and taking investment actions.",,
Vikas Vohra,Ethical and Professional Standards,3,Guidance for Standards I–VII,23,"After completing Level II of the CFA exam, Aashi Banerjee posts several comments 
on an online chatroom for CFA program candidates. Which of the following comments 
violate the Standard relating to conduct as participants in CFA Institute programs? 
Comment 1: CFA Institute must revise the topic area weights on the exam. 
Comment 2: There were no questions on GIPS standards.",Comment 1 only,Comment 2 only,Both Comment 1 and Comment 2,B,Comment 2 only,"23. B is correct because according to Standard VII(A), when expressing a personal 
opinion, a candidate is prohibited from disclosing content -specific information, 
including any actual exam question and the information as to subject matter covered 
or not covered in the exam. By making Comment 2, Banerjee may have provided 
information on the subject matter covered on the exam and hence violated the 
Standard.",,
Vikas Vohra,Ethical and Professional Standards,3,Guidance for Standards I–VII,24,"Which of the following activities violates the Standard relating  to market 
manipulation? 
Activity 1: A member secures a dominant position in futures contracts to influence 
the price of the underlying. The transaction results in large losses for the member. 
Activity 2: A member frequently trades a stock in multiple client accounts with an 
intent to increase the volume of the stock. The transactions result in large gains for 
the clients.",Activity 1 only,Activity 2 only,Both Activity 1 and Activity 2,C,Both Activity 1 and Activity 2,"24. C is correct because according to Standard II(B), Market Manipulation, transaction-
based manipulation includes, but is not limited to, the following: transactions that 
artificially affect prices or volume to give the impression of activity or price 
movement in a financial instrument, which represent a diversion from the 
expectations of a fair and efficient market, and securing a controlling, dominant 
position in a financial instrument to exploit and manipulate the price of a related 
derivative and/or the underlying asset. Also, the intent of the action is critical to 
determining whether it is a violation of this standard."" Despite the losses, Activity 1 
                                                                         
 
is a violation of Standard II(B) because the intent was to influence the price of the 
underlying. Activity 2 is also a violation as the intent was to increase the volume of 
the stock.",,
Vikas Vohra,Ethical and Professional Standards,4,Introduction to the Global Investment Performance Standards (GIPS),25,Which of the following statements regarding the GIPS standards is accurate?,All fee-paying client portfolios must be included in at least one composite.,All portfolios with the same investment mandate are aggregated into a composite.,"Aggregation of portfolios into composites is based on the actual performance of 
the portfolios every year.",B,All portfolios with the same investment mandate are aggregated into a composite.,"25. B is correct because according to the GIPS standards, A composite is an aggregation 
of one or more portfolios managed according to a similar investment mandate, 
objective, or strategy.",,
Vikas Vohra,Ethical and Professional Standards,3,Guidance for Standards I–VII,26,"Claus Holm, CFA, directs most of his clients' trades to RRT Company (RRT), despite 
RRT's higher-than-average commissions. In return, RRT refers individual clients to 
Holm for asset management services. Holm does not disclose the arrangement to his 
clients or prospective clients. Holm has most likely violated the Standard(s) relating:",only to referral fees.,"only to loyalty, prudence, and care.","both to referral fees and to loyalty, prudence, and care.",C,"both to referral fees and to loyalty, prudence, and care.","26. C is correct because according to Standard III (A), Loyalty, Prudence and Care. 
Conflicts may arise when an investment manager uses client brokerage to purchase 
research services, a practice commonly called 'soft dollars' or 'soft commissions.' A 
member or candidate who pays a higher brokerage commission than he or she would 
normally pay to allow for the purchase of goods or services, without corresponding 
benefit to the client, violates the duty of loyalty to the client. Paying higher fees in 
return for referrals does not represent a corresponding benefit to Holm's clients. 
Therefore, this arrangement violates the duty of loyalty to his clients. In addition, 
Holm has violated Standard VI (C), Referral Fees, which states the responsibility of 
members and candidates to inform their employer, clients, and prospective clients of 
any benefit received for referrals of customers and clients.",,
Vikas Vohra,Ethical and Professional Standards,3,Guidance for Standards I–VII,27,"Emma Fischer, CFA, is an analyst covering the banking sector. She has declared 
bankruptcy due to large unpaid personal medical bills. On weekends, she participates 
in public protests for climate protection. She was recently arrested for trespassing 
during a protest, which is an act of civil disobedience in her country. Has Fischer 
violated the Standards?",No,"Yes, she has violated the Standard relating to misconduct","Yes, she has violated the Standard relating to loyalty, prudence and care",A,No,"27. A is correct because according to Standard I (D), Misconduct, personal bankruptcy 
may not reflect on the integrity or trustworthiness of the person declaring 
bankruptcy, but if the circumstances of the bankruptcy involve fraudulent or 
deceitful business conduct, the bankruptcy may be a violation of this standard. Also, 
generally, Standard I(D) is not meant to cover legal transgressions resulting from 
acts of civil disobedience in support of personal beliefs because such conduct does 
not reflect poorly on the member’s or candidate’s professional reputation, integrity, 
or competence. Therefore, Fischer has not violated Standard I (D). Further, 
Standard III (A), Loyalty, Prudence, and Care, states that Members and Candidates 
have a duty of loyalty to their clients and must act with reasonable care and exercise 
prudent judgment. Members and Candidates must act for the benefit of their clients 
and place their clients’ interests before their employer’s or their own interests. 
Neither Fischer's bankruptcy no nor the act of trespassing during a protest imposes 
on her duty of loyalty to her clients. She has not violated Standard III (A).",,
Vikas Vohra,Ethical and Professional Standards,3,Guidance for Standards I–VII,28,"Which of the following is a recommended procedure for compliance with the Standard 
relating to independence and objectivity? Members should encourage their firms to:",prohibit any employee participation in equity-related IPOs.,"remove a corporate client company from the research universe and put it on a 
restricted list if the firm is unwilling to disseminate adverse opinions about the 
company.","provide every client with the procedures and policies for reporting potentially 
unethical behaviour, violations of regulations, or other activities that may harm 
the firm’s reputation.",B,"remove a corporate client company from the research universe and put it on a 
restricted list if the firm is unwilling to disseminate adverse opinions about the 
company.","28. B is correct because according to the recommended procedures for compliance with 
Standard I (B), Independence and Objectivity, Create a restricted list: If the firm 
is unwilling to permit dissemination of adverse opinions about a corporate client, 
members and candidates should encourage the firm to remove the controversial 
company from the research universe and put it on a restricted list so that the firm 
disseminates only factual information about the company.",,
Vikas Vohra,Ethical and Professional Standards,3,Guidance for Standards I–VII,29,"According to the recommended procedure for compliance with the Standard relating 
to misconduct, members should encourage their firms to disseminate a list of 
potential violations and associated disciplinary sanctions to:",all clients only.,all employees only.,both all clients and all employees.,B,all employees only.,"29. B is correct because according to the recommended procedures for compliance with 
Standard I(D), misconduct, members and candidates should encourage their firms to 
adopt the following policies and procedures to support the principles of Standard 
                                                                         
 
I(D): List of violations: Disseminate to all employees a list of potential violations and 
associated disciplinary sanctions, up to and including dismissal from the firm.",,
Vikas Vohra,Ethical and Professional Standards,3,Guidance for Standards I–VII,30,"According to the recommended procedures for compliance with the Standard relating 
to misconduct, members should encourage their firms to:",conduct background checks of all employees at least annually.,develop and adopt a code of ethics to which every employee must subscribe.,check references of potential clients to ensure that they are of good character.,B,develop and adopt a code of ethics to which every employee must subscribe.,"30. B is correct because according to the recommended procedures for compliance with 
the Standard I (D), Misconduct, members should encourage their firms to develop 
and/or adopt a code of ethics to which every employee must subscribe.",,
Vikas Vohra,Ethical and Professional Standards,3,Guidance for Standards I–VII,31,"According to the guidance for the Standard relating to loyalty, prudence, and care, 
which of the following statements is most accurate?",Voting proxies is necessary in all instances.,"Members must maximize the economic value of proxies for clients. 
Ethical and Professional Standards 
Faculty: Vikas Vohra                                                                        Page 7 of 58","Consistent application of proxy policies includes voting with management on all 
nonroutine governance matters.",B,"Members must maximize the economic value of proxies for clients. 
Ethical and Professional Standards 
Faculty: Vikas Vohra                                                                        Page 7 of 58","31. B is correct because according to Standard III (A), Loyalty, Prudence, and Care, 
proxies have economic value to a client, and members and candidates must ensure 
that they properly safeguard and maximize this value.",,
Vikas Vohra,Ethical and Professional Standards,3,Guidance for Standards I–VII,32,"According to the guidance for the Standards, which of the following statements are 
accurate? 
Statement 1: Employees must place employer interests ahead of personal interests 
in all matters. 
Statement 2: Senior management of a member's firm should create financial 
compensation structures that do not drive unethical behavior.",Statement 1 only.,Statement 2 only.,Both Statement 1 and Statement 2.,B,Statement 2 only.,"32. B is correct because according to Standard IV (A), Loyalty, the employer is 
responsible for a positive working environment, which includes an ethical workplace. 
Senior management has the additional responsibility to devise compensation 
structures and incentive arrangements that do not encourage unethical behavior. 
Therefore, Statement 2 is accurate.",,
Vikas Vohra,Ethical and Professional Standards,3,Guidance for Standards I–VII,33,"A member believes a colleague is participating in unethical activities at work. The 
member does not disassociate himself from the activities of his colleague. The 
member has most likely violated:",only the Standard relating to knowledge of the law.,only the Standard relating to disclosure of conflicts.,"both the Standard relating to knowledge of the law and the Standard relating to 
disclosure of conflicts.",A,only the Standard relating to knowledge of the law.,"33. A is correct because according to Standard I(A) Knowledge of the Law, if a member 
or candidate has reasonable grounds to believe that imminent or ongoing client or 
employer activities are illegal or unethical, the member or candidate must 
disassociate, or separate, from the activity. Inaction combined with continuing 
association with those involved in illegal or unethical conduct may be constructed as 
participation or assistance in the illegal or unethical conduct.",,
Vikas Vohra,Ethical and Professional Standards,3,Guidance for Standards I–VII,34,"According to the Standard relating to loyalty, members must:",place their employer's interest above their personal interests in all matters.,"notify their employer before engaging in an independent practice while still 
employed.","never act against their employer’s interests when complying with their duties to 
clients.",B,"notify their employer before engaging in an independent practice while still 
employed.","34. B is correct because although Standard IV (A), Loyalty, ;does not preclude members 
or candidates from entering into an independent business  while still employed, 
members and candidates who plan to engage in independent practice for compensation 
must notify their employer and describe the types of services they will render to 
prospective independent clients, the expected duration of the services, and the 
compensation for the services. Members and candidates should not render services 
until they receive consent from their employer to all of the terms of the 
arrangement.",,
Vikas Vohra,Ethical and Professional Standards,3,Guidance for Standards I–VII,35,"Andrew Milton, CFA, is an advisor working with individual clients. Milton is careful to 
recommend investments for his clients that are consistent with their overall 
objectives and risk tolerance. His firm gives its advisors a bonus for recommending 
the firm's proprietary products. If all other variables are equal in an investment 
choice, Milton uses the proprietary products. Milton does not inform the clients of 
this bonus. Has Milton most likely violated the Standards?",No.,"Yes, the Standard relating to suitability.","Yes, the Standard relating to loyalty, prudence, and care.",C,"Yes, the Standard relating to loyalty, prudence, and care.","35. C is correct because according to Standard III (A), Loyalty, Prudence, and Care, 
Particular care must be taken to detect whether the goals of the investment manager 
or the firm in conducting business, selling products, and executing security 
transactions potentially conflict with the best interests and objectives of the client. 
When members and candidates cannot avoid potential conflicts between their firm 
and clients’ interests, they must provide clear and factual disclosures of the 
circumstances to the clients. Milton must disclose that he receives a bonus for using 
the firm's proprietary funds to the client, and is in violation of this Standard.",,
Vikas Vohra,Ethical and Professional Standards,3,Guidance for Standards I–VII,36,"Which of the following are among the recommended procedures for compliance with 
the Standard relating to independence and objectivity? 
Procedure 1: Impose limits on investment personnel acquiring securities in private 
placements. 
Procedure 2: Prohibit employees from receiving reimbursement from corporate 
issuers for air transportation when attending meetings at the issuers' headquarters. 
                                                                         
 
Procedure 3: Remove a company from the restricted list if the firm is unwilling to 
permit dissemination of adverse opinions about the company.",Procedure 1 and Procedure 2,Procedure 1 and Procedure 3,Procedure 2 and Procedure,A,Procedure 1 and Procedure 2,"36. A is correct because according to Standard I(B), Independence and Objectivity, 
members and Candidates must use reasonable care and judgment to achieve and 
maintain independence and objectivity in their professional activities. 
                                                                         
 
 
As for Procedure 1, restrict investments: Members and candidates should encourage 
their investment firms to develop formal policies related to employee purchases of 
equity or equity-related IPOs. Firms should require prior approval for employee 
participation in IPOs, with prompt disclosure of investment actions taken following 
the offering. Strict limits should be imposed on investment personnel acquiring 
securities in private placements. 
As for Procedure 2, restrict special cost arrangements: When attending meetings at 
an issuer’s headquarters, members and candidates should pay for commercial 
transportation and hotel charges. No corporate issuer should reimburse members or 
candidates for air transportation.",,
Vikas Vohra,Ethical and Professional Standards,3,Guidance for Standards I–VII,37,"Vinod Shah, CFA, is a fund manager for the employee pension plan of Jupiter 
Corporation, a publicly traded company. Shah owes a primary duty of loyalty, 
prudence, and care to the:",shareholders of Jupiter.,management of Jupiter.,beneficiaries of the pension fund.,C,beneficiaries of the pension fund.,"37. C is correct because according to Standard III (A), Loyalty, Prudence, and Care, the 
shareholders are not the beneficiaries of his fund. When the manager is responsible 
for the portfolios of pension plans or trusts, however, the client is not the person or 
entity who hires the manager but, rather, the beneficiaries of the plan or trust. The 
duty of loyalty is owed to the ultimate beneficiaries.",,
Vikas Vohra,Ethical and Professional Standards,3,Guidance for Standards I–VII,38,"Min Joon, CFA, works in the client services department at an investment firm. Joon 
has been short-selling stocks on his personal account in anticipation of a significant 
decline in the market. His transactions do not disadvantage his firm's clients. 
Following a dramatic rise in the markets, Joon is unable to cover his short positions 
and is forced to declare personal bankruptcy. Has Joon violated the Standards?",No,"Yes, the Standard relating to misconduct","Yes, the Standard relating to loyalty, prudence, and care",A,No,"38. A is correct because according to Standard I(D), Misconduct, Members and 
Candidates must not engage in any professional conduct involving dis­honesty, fraud, 
or deceit or commit any act that reflects adversely on their professional reputation, 
integrity, or competence. Joon’s actions do not result from fraudulent or deceitful 
business conduct and personal bankruptcy may not reflect on the integrity or 
trustworthiness of the person declaring bankruptcy. Also, according to Standard 
III(A), Loyalty, Prudence, and Care, Members and Candidates must act for the 
benefit of their clients and place their clients’ interests before their employer’s or 
their own interests. There is nothing here to suggest that Joon has not acted for the 
benefit of his clients.",,
Vikas Vohra,Ethical and Professional Standards,3,Guidance for Standards I–VII,39,"A member secures a controlling, dominant position in an option on a stock in order to 
benefit from trading the stock. The option trades are reported by the exchange and 
the increased option trading volume leads other traders to take positions in the option 
and in the underlying stock. The member has violated the Standards:",by engaging in transaction-based manipulation only.,by engaging in information-based manipulation only.,"by engaging in both transaction -based manipulation and information-based 
manipulation.",A,by engaging in transaction-based manipulation only.,"39. A is correct because according to Standard II (B), Market Manipulation, Transaction-
based manipulation involves instances where a member or candidate knew or should 
have known that his or her actions could affect the pricing of a security. This type 
of manipulation includes, but is not limited to, the following: securing a controlling, 
dominant position in a financial instrument to exploit and manipulate the price of a 
related derivative and/or the underlying asset.",,
Vikas Vohra,Ethical and Professional Standards,3,Guidance for Standards I–VII,40,"Which of the following is a recommended procedure for compliance with the Standard 
relating to performance presentation? When presenting performance, members 
should:",exclude terminated accounts.,use a single representative account for each investment mandate.,disclose that investment results are simulated when model results are used.,C,disclose that investment results are simulated when model results are used.,"40. C is correct because according to Standard III (D), Performance Presentation, 
""[m]embers and candidates can also meet their obligations under Standard III (D) 
[relating to performance presentation] by ... ■ including disclosures that fully explain 
the performance results being reported (for example, stating, when appropriate, that 
results are simulated when model results are used, clearly indicating when the 
performance record is that of a prior entity, or disclosing whether the performance 
is gross of fees, net of fees, or after tax)..."" Hence, the use of simulated results 
should be disclosed.",,
Vikas Vohra,Ethical and Professional Standards,3,Guidance for Standards I–VII,41,"Mary Rein, CFA, makes a brief presentation about her firm's performance to a group 
of current and prospective clients. According to the Standard relating to 
performance presentation, is Rein required to make available the detailed information 
supporting her presentation to clients upon request?",No.,"Yes, only to current clients.","Yes, both to current clients and to prospective clients.",C,"Yes, both to current clients and to prospective clients.","41. C is correct because according to Standard III (D), Performance Presentation, if the 
presentation is brief, the member or candidate must make available to clients and 
prospects, on request, the detailed information supporting that communication. Best 
practice dictates that brief presentations include a reference to the limited nature 
of the information provided.",,
Vikas Vohra,Ethical and Professional Standards,3,Guidance for Standards I–VII,42,"According to the Standard relating to suitability, a member who manages a mutual 
fund is required:",only to invest in a manner consistent with the fund's stated mandate.,"only to determine the suitability of the fund for investors who may be purchasing 
shares in the fund.","both to invest in a manner consistent with the fund's stated mandate and to 
determine the suitability of the fund for investors who may be purchasing shares 
in the fund.",A,only to invest in a manner consistent with the fund's stated mandate.,"42. A is correct because according to Standard III (C), Suitability, Some members and 
candidates do not manage money for individuals but are responsible for managing a 
fund to an index or an expected mandate. The responsibility of these members and 
candidates is to invest in a manner consistent with the stated mandate.",,
Vikas Vohra,Ethical and Professional Standards,3,Guidance for Standards I–VII,43,"Richard Hicks, CFA, is an investment advisor. A friend asks Hicks to share client 
contacts in order to solicit charitable donations. Hicks responds that he is unable to 
share current clients' contact details and instead provides e -mail addresses of 
several former clients. The next day, Hicks finds out that one of his colleagues, 
Claudia Moll, a Level III candidate in the CFA Program, has failed to inform her 
supervisor about her personal bankruptcy resulting from large medical bills. Have the 
Standards most likely been violated?",No.,"Yes, by Moll.","Yes, by Hicks.",C,"Yes, by Hicks.","43. C is correct because according to Standard III (E), Preservation of Confidentiality, 
This standard protects the confidentiality of client information even if the person 
or entity is no longer a client of the member or candidate. Therefore, members and 
candidates must continue to maintain the confidentiality of client records even after 
the client relationship has ended. Thus revealing e-mails of former clients is a 
violation.",,
Vikas Vohra,Ethical and Professional Standards,3,Guidance for Standards I–VII,44,"Tom Dixon, CFA, provides a brief summary of his investment performance to his 
clients. He indicates that further information is available upon request. He tells his 
clients they can expect a return of 5% in the next three years based on his strong 
track record. Has Dixon most likely violated the Standards?",No.,"Yes, by indicating that further information is available upon request.","Yes, by telling his clients they can expect a return of 5% in the next three years.",C,"Yes, by telling his clients they can expect a return of 5% in the next three years.","44. C is correct because according to Standard III(D), Performance Presentation, 
members and candidates should not state or imply that clients will obtain or benefit 
from a rate of return that was generated in the past. Also, If the presentation is 
brief, the member or candidate must make available to clients and prospects, on 
request, the detailed information supporting that communication.",,
Vikas Vohra,Ethical and Professional Standards,3,Guidance for Standards I–VII,45,"According to the Standard relating to additional compensation arrangements, a 
member who is offered additional compensation from a third party for services that 
conflict with his employer’s interest:",is prohibited from accepting the additional compensation in all cases.,"is required to notify his employer about compensation from the third party 
immediately after receiving it.","must obtain written consent from his employer and the third party offering fees 
to the member before accepting the compensation.",C,"must obtain written consent from his employer and the third party offering fees 
to the member before accepting the compensation.","45. C is correct because according to Standard IV (B), Additional Compensation 
Arrangements, Members and Candidates must not accept gifts, benefits, 
compensation, or consideration that competes with or might reasonably be expected 
to create a conflict of interest with their employer’s interest unless they obtain 
written consent from all parties involved. Also, Standard IV (B) requires members 
and candidates to obtain permission from their employer before accepting 
compensation or other benefits from third parties for the services rendered to the 
employer or for any services that might create a conflict with their employer’s 
interest. Thus, the consent in writing from both parties is needed before accepting 
the compensation.",,
Vikas Vohra,Ethical and Professional Standards,3,Guidance for Standards I–VII,46,"John Run, CFA, manages client accounts for an investment firm. A client says to Run: 
“For every year my portfolio beats the benchmark by 5%, you can use my beach home 
for a week.” Run also serves on the board of Core Air Ltd. (Core). He does not receive 
cash payments from Core for board services but Core sends Run a family voucher for 
a flight. Run accepts both offers and does not inform his firm about the beach home 
offer or the flight voucher. Has Run most likely violated the Standard relating to 
additional compensation arrangements?","No. 
Ethical and Professional Standards 
Faculty: Vikas Vohra                                                                        Page 10 of 58","Yes, only because Run accepts the beach home offer without i nforming his 
employer.","Yes, both because Run accepts the beach home offer and the family flight voucher 
without informing his employer.",C,"Yes, both because Run accepts the beach home offer and the family flight voucher 
without informing his employer.","46. C is correct because according to Standard IV (B), Additional Com pensation 
Arrangements, Members and Candidates must not accept gifts, benefits, 
compensation, or consideration that competes with or might reasonably be expected 
to create a conflict of interest with their employer's interest unless they obtain 
written consent from all parties involved. Further, Standard IV (B) states: 
Compensation and benefits include direct compensation by the client and any indirect 
compensation or other benefits received from third parties. Therefore, Run has to 
obtain written consent from his employer before accepting the beach home offer and 
the family flight voucher. By failing to do so, Run has violated Standard IV (B).",,
Vikas Vohra,Ethical and Professional Standards,3,Guidance for Standards I–VII,47,"Johanna Ayers, CFA, is a portfolio manager. She has a new client and develops an 
investment policy statement (IPS) that addresses the client's risk and return 
objectives and constraints. The client does not disclose assets managed by other 
firms and Ayers agrees to only manage the portion of the client's assets disclosed to 
her. In a separate document, Ayers develops an investment program and strategic 
asset allocation for the portion of client assets she manages. Has Ayers most likely 
violated the Standard relating to suitability?",No.,"Yes, by keeping the investment program and strategic asset allocation in a 
document that is separate from the IPS.","Yes, by agreeing to manage a portion of the client's assets without knowledge of 
the client's assets managed by other firms.",A,No.,"47. A is correct because according to Standard III (C), Suitability, suitability review can 
be done most effectively when the client fully discloses his or her complete financial 
portfolio, including those portions not managed by the member or candidate. If 
clients withhold information about their financial portfolios, the suitability analysis 
conducted by members and candidates cannot be expected to be complete; it must 
be based on the information provided. Ayers may develop an investment program that 
is suitable for the client without knowing about their other assets, even though the 
information is not complete. In addition, Standard III (C) also states after 
formulating long-term capital market expectations, members and candidates can 
assist in developing an appropriate strategic asset allocation and investment program 
for the client, whether these are presented in separate documents or incorporated 
in the IPS or in appendices to the IPS. Ayers may keep these records in a separate 
document.",,
Vikas Vohra,Ethical and Professional Standards,3,Guidance for Standards I–VII,48,"A member most likely violates the Standard relating to responsibilities of supervisors 
if she:","accepts supervisory duties before ensuring the firm has adopted a codes of 
ethics.","delegates supervisory duties to subordinates who have no prior compliance 
experience.","relies on a subordinate's statements without initiating an assessment about the 
extent of a potential violation of the Standards.",C,"relies on a subordinate's statements without initiating an assessment about the 
extent of a potential violation of the Standards.","48. C is correct because according to Standard IV (C) Responsibilities of Supervisors, 
once a supervisor learns that an employee has violated or may have violated the law 
or the Code and Standards, the supervisor must promptly initiate an assessment to 
determine the extent of the wrongdoing. Relying on an employee's statements about 
the extent of the violation or assurances that the wrongdoing will not reoccur is not 
enough.",,
Vikas Vohra,Ethical and Professional Standards,3,Guidance for Standards I–VII,49,"According to the Standard relating to loyalty, in the absence of a noncompete 
agreement and without employer consent, a member is permitted to:",email himself a list of his clients when leaving his employer.,enter into an independent competitive business while still employed.,"contact clients from his previous employer using public information to solicit 
business at his new firm.",C,"contact clients from his previous employer using public information to solicit 
business at his new firm.","49. C is correct because according to Standard IV(A), Loyalty, the standard does not 
prohibit former employees from contacting clients of their previous firm as long as 
the contact information does not come from the records of the former employer or 
violate an applicable 'noncompete agreement'. Members and candidates are free to 
use public information after departing to contact former clients without violating 
Standard IV(A) as long as there is no specific agreement not to do so.",,
Vikas Vohra,Ethical and Professional Standards,3,Guidance for Standards I–VII,50,"To use a quantitative model in her investment research, a member is required by the 
Standards to:",have developed or co-developed the model.,become an expert in every technical aspect of the model developed by others.,"understand the assumptions and limitations inherent in the model developed by 
others.",C,"understand the assumptions and limitations inherent in the model developed by 
others.","50. C is correct because according to Standard V (A), Diligence and Reasonable Basis, 
Members and candidates need to have an understanding of the parameters used in 
models and quantitative research that are incorporated into their investment 
recommendations. Although they are not required to become experts in  every 
technical aspect of the models, they must understand the assumptions and limitations 
inherent in any model and how the results were used in the decision-making process. 
Therefore, to use quantitative models in her investment research, a member is 
required to understand the assumptions and limitations inherent in the model 
developed by others.",,
Vikas Vohra,Ethical and Professional Standards,3,Guidance for Standards I–VII,51,"Tim Newman, CFA, is an investment manager. One of his clients directs Newman to 
use Mercer brokerage to execute trades. Newman believes Mercer does not offer 
best execution, but uses the brokerage commissions to purchase research services 
for his client. Newman informs the client that he may not be getting best execution. 
                                                                         
 
Are Newman’s actions consistent with the Standard relating to loyalty, prudence, and 
care?",Yes.,"No, because he used commissions to purchase research.","No, because he failed to achieve best execution for the client.",A,Yes.,"51. A is correct because according to Standard III(A) Loyalty, Prudence and Care, from 
time to time, a client will direct a manager to use the client’s brokerage to purchase 
goods or services for the client, a practice that is commonly called ""directed 
brokerage."" Because brokerage commission is an asset of the client and is used to 
benefit that client, not the manager, such a practice does not violate any duty of 
loyalty. Also, the member or candidate should disclose to the client that the client 
may not be getting best execution from the directed brokerage. In addition, conflicts 
                                                                         
 
may arise when an investment manager uses client brokerage to purchase research 
services, a practice commonly called ""soft dollars"" or ""soft commissions."" A member 
or candidate who pays a higher brokerage commission than he or she would normally 
pay to allow for the purchase of goods or services, without corresponding benefit to 
the client, violates the duty of loyalty to the client. In this case, the research is of 
high quality and benefits the client, so Newman is not in violation of the Standard.",,
Vikas Vohra,Ethical and Professional Standards,3,Guidance for Standards I–VII,52,"After thorough analysis, Algiris Vasilis, CFA, prepares a ""buy"" recommendation on a 
company's stock. In the report he writes: ""The company will beat analysts' earnings 
projections next month."" Vasilis first shares the recommendation with all clients by 
email. He then calls each of his clients by phone to present the recommendation. Has 
Vasilis violated the Standards?",No,"Yes, by calling each of his clients by phone to present the recommendation","Yes, by writing in the report, ""The company will beat analysts' earnings 
projections next month""",C,"Yes, by writing in the report, ""The company will beat analysts' earnings 
projections next month""","52. C is correct because according to Standard V (B), Communication with Clients and 
Prospective Clients, opinion be separated from fact. Violations often occur when 
reports fail to separate the past from the future by not indicating that earnings 
estimates, changes in the outlook for dividends, or future market price information 
are opinions subject to future circumstances.  In this case, the statement was 
referring to future outcome which may or may not turn out to be true, thus a violation.",,
Vikas Vohra,Ethical and Professional Standards,3,Guidance for Standards I–VII,53,"Melissa Kon, CFA, is an equity analyst. She recently left her job at Hamm Capital (HC) 
to join Eagle Investments (EI). Kon obtains the express consent of HC to take one of 
her historical research reports with her. At EI, she diligently updates and publishes 
the report. Afterwards, she re-creates supporting records from memory for record 
keeping purposes. Has Kon violated the Standards?",No.,"Yes, by publishing the updated research report.","Yes, by re-creating supporting records from memory.",C,"Yes, by re-creating supporting records from memory.","53. C is correct because according to Standard V (C), Record Retention, a member must 
not re-create supporting records from memory. Standard V(C), Record Retention, 
states The member or candidate cannot use historical recommendations or research 
reports created at the previous firm because the supporting documentation is 
unavailable. For future use, the member or candidate must re-create the supporting 
records at the new firm with information gathered through public sources or directly 
from the covered company and not from memory or sources obtained at the previous 
employer.",,
Vikas Vohra,Ethical and Professional Standards,3,Guidance for Standards I–VII,54,"Amy Joy, CFA, works at Parklane Investments Ltd. (PIL). When presenting to PIL’s 
prospective clients, Joy uses a brief investment performance summary and makes 
available detailed supporting information only upon client request. Has Joy violated 
the Standards?",No.,"Yes, the Standard relating to fair dealing.","Yes, the Standard relating to performance presentation.",A,No.,"54. A is correct because according to Standard III(D), Performance Presentation, if the 
presentation is brief, the member or candidate must make available to clients and 
prospects, on request, the detailed information supporting that communication. By 
making available detailed supporting information on request, Joy does not violate 
Standard III(D). In addition, Joy does not violate Standard III(B), Fair Dealing, 
which states that members and Candidates must deal fairly and objectively with all 
clients when providing investment analysis, making investment recommendations, 
taking investment action, or engaging in other professional activities.",,
Vikas Vohra,Ethical and Professional Standards,3,Guidance for Standards I–VII,55,"Hannah Hostettler, CFA, is a portfolio manager at a wealth management firm. 
Hostettler has an arrangement with a lawyer, whereby she refers clients who need 
legal advice to the lawyer, who in turn refers clients to Hostettler. Because no 
referral fees are involved, Hostettler does not disclose this arrangement to her 
existing or prospective clients. Has Hostettler most likely violated the Standards?",No.,"Yes, only by failing to disclose the arrangement to existing clients.","Yes, both by failing to disclose the arrangement to existing clients and to 
prospective clients.",C,"Yes, both by failing to disclose the arrangement to existing clients and to 
prospective clients.","55. C is correct because according to Standard VI (C), Referral Fees, members must 
disclose to clients and potential clients any referral arrangements and must disclose 
all consideration. “Consideration includes all fees, whether paid in cash, in soft dollars, 
or in-kind.” Thus, Hostettler would need to disclose the full bi -lateral referral 
arrangement to both clients and prospective clients.",,
Vikas Vohra,Ethical and Professional Standards,3,Guidance for Standards I–VII,56,"Thomas Huang, CFA, is an investment advisor for Newline Partners (NP). NP has an 
agreement with brokerage firm Ridge Capital (RC). Huang refers clients to RC in 
exchange for compensation. RC pays a cash fee to NP for referrals. Before entering 
into formal agreements for services, Huang makes the following disclosure to NP's 
clients: ""Please note that Newline Partners receives an annual cash percentage fee 
from Ridge Capital for the referral of clients."" Huang omits disclosure of the 
estimated dollar value of the referrals. Has Huang violated the Standards?",No.,"Yes, by accepting a cash fee for referral of clients.","Yes, by not disclosing the estimated dollar value of the fee.",C,"Yes, by not disclosing the estimated dollar value of the fee.","56. C is correct because according to Standard VI(C), Referral Fees, members must 
disclose both the nature of the cons ideration and the estimated dollar value. 
Appropriate disclosure means that members and candidates must advise the client or 
prospective client, before entry into any formal agreement for services, of any 
benefit given or received for the recommendation of any services provided by the 
member or candidate. In addition, the member or candidate must disclose the nature 
of the consideration or benefit—for example, flat fee or percentage basis, one-time 
                                                                         
 
or continuing benefit, based on performance, benefit in the form of provision of 
research or other noncash benefit—together with the estimated dollar value. 
Consideration includes all fees, whether paid in cash, in soft dollars, or in kind.",,
Vikas Vohra,Ethical and Professional Standards,3,Guidance for Standards I–VII,57,"Which of the following is a recommended procedure for compliance with the Standard 
relating to preservation of confidentiality? 
Procedure 1: Members should convey to clients that not all firm -sponsored 
communication methods may be suitable for transmitting confidential information. 
Procedure 2: Members should encourage their firms to provide periodic training on 
confidentiality procedures to all clients. 
Procedure 3: Members should become experts in information technology security in 
order to protect client confidentiality.",Procedure 1,Procedure 2,Procedure 3,A,Procedure 1,"57. A is correct because according to Standard III(E) relating to preservation of 
confidentiality, members and candidates should convey to clients that not all firm-
sponsored resources may be appropriate for such communications.",,
Vikas Vohra,Ethical and Professional Standards,3,Guidance for Standards I–VII,58,"Marianne Lynn is registered for the CFA Level I exam. A few weeks after 
registration, she realizes that she is unable to prepare for the exam due to work 
commitments, so she informs CFA Institute that she declines to sit for the exam. 
Afterwards, shortly before the exam date, she posts on social media that she is a 
CFA candidate. Separately, Thomas Petrov, CFA, posts his investment views 
anonymously on social media and tags his post using ""#CFAcharter."" Who has violated 
the Standards?",Lynn only,Petrov only,Both Lynn and Petrov,C,Both Lynn and Petrov,"58. C is correct because according to Standard VII(B), Reference to CFA Institute, the 
CFA Designation and the CFA Program, Petrov violates Standard VII(B) because 
where individuals may anonymously express their opinions, pseudonyms or online 
profile names created to hide a member’s identity should not be tagged with the CFA 
designation. Lynn violates Standard VII(B) because if an individual is registered for 
the CFA Program but declines to sit for an exam or otherwise does not meet the 
definition of a candidate as described in the CFA Institute Bylaws, then that 
individual is no longer considered an active candidate.",,
Vikas Vohra,Ethical and Professional Standards,3,Guidance for Standards I–VII,59,"Melinda Jacobs, CFA, is a portfolio manager with SFM Asset Managers (SFM). Jacobs 
teaches an investment course at a business school on weekends for a fee. Jacobs is 
planning to leave SFM and has begun to develop marketing materials for a new 
business that will compete with SFM. Has Jacobs most likely violated the Standards?",No,"Yes, by accepting a fee from the business school","Yes, by developing marketing materials for her new business that will compete 
with SFM",A,No,"59. A is correct because according to Standard IV (A), Loyalty, there is a requirement 
that members and candidates abstain from independent competitive activity that 
could conflict with the interests of their employer. Jacobs' teaching assignment at a 
business school on weekends does not appear to be in conflict with her role as a 
portfolio manager. Also, with respect to Standard IV (B), Additional Compensation 
Arrangements, Members and Candidates must not accept gifts, benefits, 
compensation, or consideration that competes with or might reasonably be expected 
to create a conflict of interest with their employer's interest unless they obtain 
written consent from all parties involved. Because her teaching activity is not in 
competition with, nor would it be expected to create a conflict of interest with her 
employer, she is not in violation of the Standards regarding her teaching assignment. 
Jacobs is also not in violation of the Standards with respect to her actions to make 
arrangements to start a competing business because a departing employee is generally 
free to make arrangements or preparations to go into a competitive business before 
terminating the relationship with his or her employer as long as such preparations do 
not breach the employee's duty of loyalty. There is nothing in this instance to suggest 
that is the case.",,
Vikas Vohra,Ethical and Professional Standards,3,Guidance for Standards I–VII,60,"Which of the following individuals can refer to themselves as a candidate in the CFA 
Program? 
Individual 1: Has passed Level II and expects to register for Level III in a couple of 
months 
Individual 2: Has failed Level I and expects to retake the exam in its next 
administration 
Individual 3: Is awaiting results of the Level III exam",Individual 1,Individual 2,Individual 3,C,Individual 3,"60. C is correct because according to Standard VII(B), Reference to CFA Institute, the 
CFA Designation, and the CFA Program, a person is a candidate in the CFA Program if 
the registered person has sat for a specified examination but exam results have not 
yet been received.",,
Vikas Vohra,Ethical and Professional Standards,3,Guidance for Standards I–VII,61,"Kelvin Lee, CFA, is a portfolio manager at an investment firm. His social media profile 
reads: ""Kelvin Lee passed all three CFA examinations in three consecutive years. As 
a CFA charterholder, Lee achieves better investment performance results."" Has Lee 
violated the Standards?",No,"Yes, by stating that he passed all three CFA Program examinations in three 
consecutive years","Yes, by stating that he achieves better investment performance results as a CFA 
charterholder",C,"Yes, by stating that he achieves better investment performance results as a CFA 
charterholder","61. C is correct because according to Standard VII(B), Reference to CFA Institute, the 
CFA Designation, and the CFA Program, those who have earned the right to use the 
Chartered Financial Analyst designation are encouraged to do so but only in a manner 
that does not misrepresent or exaggerate the meaning or implications of the 
designation. In addition, if the candidate then goes on to claim or imply superior 
                                                                         
 
ability by obtaining the designation in only three years, however, he or she is in 
violation of Standard VII(B). Lee states that as a CFA charterholder, he achieves 
better investment performance results. Therefore, he has violated the Standard 
VII(B).",,
Vikas Vohra,Ethical and Professional Standards,3,Guidance for Standards I–VII,62,"According to the Standards, which of the following statements relating to a member 
in a supervisory position is accurate? 
Statement 1: The member must make reasonable efforts to ensure that anyone 
subject to her supervision complies with the Code and Standards. 
Statement 2: The member must adopt the CFA Institute Code of Ethics to substitute 
for lack of compliance procedures until the firm adopts reasonable procedures to 
allow adequate exercise of supervisory responsibility.",Statement 1 only,Statement 2 only,Both Statement 1 and Statement 2,A,Statement 1 only,"62. A is correct because according to Standard IV(C), Responsibilities of Supervisors, 
Members and Candidates must make reasonable efforts to ensure that anyone 
subject to their supervision or authority complies with applicable laws, rules, 
regulations, and the Code and Standards. Therefore, Statement 1 is accurate.",,
Vikas Vohra,Ethical and Professional Standards,3,Guidance for Standards I–VII,63,"Emma Berkstein, CFA, uses third-party data to prepare a report on a company. 
Berkstein does not check the validity of this data herself, but instead relies on her 
senior colleagues to conduct due diligence. Another analyst at the same firm, Jimmy 
Brooks, CFA, prepares an industry report with a group of colleagues. After thorough 
research, the group agrees to issue a report with a positive outlook for the industry. 
Brooks disagrees with this conclusion, but leaves his name in the report. Has the 
Standard relating to diligence and reasonable basis most likely been violated?",No.,"Yes, by Brooks.","Yes, by Berkstein.",A,No.,"63. A is correct because according to Standard V (A), Diligence and Reasonable Basis, A 
member or candidate may rely on others in his or her firm to determine whether 
secondary or third-party research is sound and use the information in good faith 
unless the member or candidate has reason to question its validity or the processes 
and procedures used by those responsible for the research. Berkstein relied on her 
senior colleague's due diligence, and there is nothing in the case to suggest she has 
reason to question it, hence no violation. Nor did Brooks violate the Standard by 
leaving his name on the group report: The conclusions or recommendations of the 
group report represent the consensus of the group and are not necessarily the views 
of the member or candidate, even though the name of the member or candidate is 
included on the report. In some instances, a member or candidate will not agree with 
the view of the group. If, however, the member or candidate believes that the 
consensus opinion has a reasonable and adequate basis and is independent and 
objective, the member or candidate need not decline to be identified with the report. 
If the member or candidate is confident in the process, the member or candidate 
does not need to dissociate from the report even if it does not reflect his or her 
opinion.",,
Vikas Vohra,Ethical and Professional Standards,3,Guidance for Standards I–VII,64,"Tania Watt, CFA, issues ""buy"" recommendations for several bonds to her clients 
without providing further details. She notifies the clients that additional information 
is available upon request. One week later, the prices of all recommended bonds decline 
because of an unexpected increase in interest rates. Watt's clients suffer large 
losses as a result. Has Watt most likely violated the Standards?",No,"Yes, by issuing recommendations which result in large losses for her clients","Yes, by issuing ""buy"" recommendations for several bonds to her clients without 
providing further details.",A,No,"64. A is correct because according to Standard V (B), Communication with Clients and 
Prospective Clients, If recommendations are contained in capsule form (such as a 
recommended stock list), members and candidates should notify clients that 
additional information and analyses are available from the producer of the report. 
Also, Members and candidates must disclose significant risks known to them at the 
time of the disclosure. Members and candidates cannot be expected to disclose risks 
they are unaware of at the time recommendations or investment actions are made. In 
this case, the central bank action happened after the recommendation was sent out, 
and it was an unexpected move, so Watt cannot be blamed for not warning clients and 
causing portfolio losses.",,
Vikas Vohra,Ethical and Professional Standards,4,Introduction to the Global Investment Performance Standards (GIPS),65,"According to the GIPS standards, a firm:",must include non-discretionary portfolios in the firm’s composites.,"may refer to its performance calculation methodology as being ""in accordance 
with the GIPS standards.""","may determine a portfolio is non-discretionary if client imposed restrictions 
interfere with the implementation of the intended strategy.",C,"may determine a portfolio is non-discretionary if client imposed restrictions 
interfere with the implementation of the intended strategy.","65. C is correct because according to the fundamentals of compliance of the GIPS 
standards, If documented client -imposed restrictions interfere with the 
implementation of the intended strategy to the extent that the portfolio is no longer 
representative of the strategy, the firm may determine that the portfolio is non-
discretionary.",,
Vikas Vohra,Ethical and Professional Standards,4,Introduction to the Global Investment Performance Standards (GIPS),66,"Which of the following is not a key concept of the GIPS standards? The GIP S 
standards for firms:",require the use of composites.,rely on the integrity of input data.,address every aspect of performance measurement.,C,address every aspect of performance measurement.,"66. C is correct because according to the GIPS standards, the GIPS standards do not 
address every aspect of performance measurement. Therefore, it is not a key 
concept of the GIPS standards to address every aspect of performance 
measurement.",,
Vikas Vohra,Ethical and Professional Standards,3,Guidance for Standards I–VII,67,"Jayson Kite, CFA, a senior analyst, is preparing a research report on a shipping 
company. Kite concludes that the stock of a company is a good investment and decides 
to put a ""buy"" recommendation on the stock. According to the recommended 
procedures for compliance, Kite should communicate the recommendation:",within the firm first and then to customers.,to customers first and then within the firm.,simultaneously within the firm and to customers.,C,simultaneously within the firm and to customers.,"67. C is correct because according to the recommended procedures for compliance with 
Standard III (B), Fair Dealing, a common practice to assure fair dealing is to 
communicate recommendations simultaneously within the firm and to customers. 
Members and candidates should encourage firms to develop guidelines that prohibit 
personnel who have prior knowledge of an investment recommendation from 
discussing or taking any action on the pending recommendation. Members and 
candidates should encourage firms to develop guidelines that prohibit personnel who 
have prior knowledge of an investment recommendation from discussing or taking any 
action on the pending recommendation.",,
Vikas Vohra,Ethical and Professional Standards,3,Guidance for Standards I–VII,68,"Hugh Matthew, CFA, covers several companies within a sector. After thorough 
analysis of each company, he issues ""buy"" recommendations for each company. In each 
report, Matthew discloses the assumptions, methodology and risk factors used in his 
research. Two weeks later, an unexpected event occurs that negatively impacts the 
sector. As a result, all the companies Matthew covers experience significant losses. 
Has Matthew most likely violated the Standards?",No,"Yes, the Standard relating to diligence and reasonable basis","Yes, the Standard relating to communication with clients and prospective clients",A,No,"68. A is correct because according to Standard V (B), Investment Analysis, 
Recommendations, and Actions - Communication with Clients and Prospective Clients, 
Members and candidates cannot be expected to disclose risks they are unaware of at 
the time recommendations or investment actions are made. In assessing compliance 
with Standard V(B), it is important to establish knowledge of a purported significant 
risk or limitation. A one-time investment loss that occurs after the disclosure does 
not constitute a pertinent factor in assessing whether significant risks and 
limitations were properly disclosed. Having no knowledge of a risk or limitation that 
subsequently triggers a loss may reveal a deficiency in the diligence and reasonable 
basis of the research of the member or candidate but may not reveal a breach of 
Standard V(B).",,
Vikas Vohra,Ethical and Professional Standards,3,Guidance for Standards I–VII,69,"According to the recommended procedures for compliance with the Standard relating 
to diligence and reasonable basis, members should encourage their firms to:","evaluate the adequacy of external advisors by customizing the evaluation criteria 
for each advisor. 
Ethical and Professional Standards 
Faculty: Vikas Vohra                                                                        Page 15 of 58","establish maximum levels of scenario testing of all computer-based models used 
in evaluating financial instruments.","appoint a supervisory analyst to determine whether research reports have a 
reasonable and adequate basis prior to external circulation.",C,"appoint a supervisory analyst to determine whether research reports have a 
reasonable and adequate basis prior to external circulation.","69. C is correct because according to the recommended procedures for compliance with 
Standard V (A), Diligence and Reasonable Basis, members and candidates should 
encourage their firms to establish a policy requiring that research reports, credit 
ratings, and investment recommendations have a basis that can be substantiated as 
reasonable and adequate. An individual employee (a supervisory analyst) or a group of 
employees (a review committee) should be appointed to review and approve such items 
prior to external circulation to determine whether the criteria established in the 
policy have been met. Therefore, appointing a supervisory analyst to determine 
whether research reports have a reasonable and adequate basis, before circulating 
the reports externally, is a recommended procedure for compliance with Standard V 
(A).",,
Vikas Vohra,Ethical and Professional Standards,3,Guidance for Standards I–VII,70,"A member works for an investment firm. There are no applicable laws relating to 
record retention. The firm's policy requires staff to retain records for five years. A 
local investment association recommends retaining records for eight years. At a 
recent client briefing, some of the firm's largest clients expressed a preference for 
the firm to retain records for at least ten years. To be consistent with the 
Standards, records should be retained for:",5 years.,8 years.,10 years.,A,5 years.,"70. A is correct because according to Standard V (C), Record Retention, Local regulators 
often impose requirements on members, candidates, and their firms related to record 
retention that must be followed. Firms may also implement policies detailing the 
applicable time frame for retaining research and client communic ation records. 
Fulfilling such regulatory and firm requirements satisfies the requirements of 
Standard V(C). In the absence of regulatory guidance or firm policies, CFA Institute 
                                                                         
 
recommends maintaining records for at least seven years. Here, there is no applicable 
law. Also, the recommendation of the local industry body and the clients' preferences 
are not relevant. Instead, the member has to abide by the firm's policy to maintain 
records for at least 5 years.",,
Vikas Vohra,Ethical and Professional Standards,3,Guidance for Standards I–VII,71,"According to the recommended procedures for compliance with the Standard relating 
to priority of transactions, members should:",discourage clients from trading during blackout periods.,supply copies of their personal securities transactions to clients upon request.,"preclear their participation in IPOs even if there is no conflict of interest 
between their participation in an IPO and the client’s interests.",C,"preclear their participation in IPOs even if there is no conflict of interest 
between their participation in an IPO and the client’s interests.","71. C is correct because according to the recommended procedures for compliance with 
Standard VI(B), Priority of Transactions, members and candidates should preclear 
their participation in IPOs, even in situations without any conflict of interest between 
a member's or candidate's participation in an IPO and the client's interest.",,
Vikas Vohra,Ethical and Professional Standards,3,Guidance for Standards I–VII,72,"A member keeps all records supporting his decisions to buy or sell securities, but 
discards the records not leading to changes in positions. The member keeps some 
records in hard copy but others in electronic form. The member has most likely 
violated the Standard relating to record retention:",only by discarding the records not leading to changes in positions.,only by keeping some records in hard copy but others in electronic form.,"both by discarding the records not leading to changes in positions and by keeping 
some records in hard copy but others in electronic form.",A,only by discarding the records not leading to changes in positions.,"72. A is correct because according to Standard V (C), Record Retention, The retention 
requirement applies to decisions to buy or sell a security as well as reviews undertaken 
that do not lead to a change in position.",,
Vikas Vohra,Ethical and Professional Standards,3,Guidance for Standards I–VII,73,"Mary Lorraine, CFA, is a portfolio manager. She adds new factors to her stock 
selection process which affects all existing clients. She omits providing her clients 
with a written update regarding this change. Instead, Lorraine explains the change 
to her clients over the phone. Has Lorraine violated the Standards?",No,"Yes, because she adds new factors to her stock selection process which affects 
all existing clients","Yes, because she fails to provide her clients with a written update about adding 
new factors to her stock selection process",A,No,"73. A is correct because according to Standard V(B), Communication with Clients and 
Prospective Clients, The member or candidate must keep clients and other interested 
parties informed on an ongoing basis about changes to the investment process. Also, 
For purposes of Standard V(B), communication is not confined to a written report. A 
presentation of information can be made via any means of communication, including 
in-person recommendation or description, telephone conversation. Therefore, 
Lorraine does not violate Standard V(B) because changing the investment process is 
not prohibited and verbal communication by phone regarding this change is permitted.",,
Vikas Vohra,Ethical and Professional Standards,3,Guidance for Standards I–VII,74,"A member claims a professional designation she has not earned. This action most 
likely violates the Standard(s) relating to:",loyalty only.,"misconduct only. 
Ethical and Professional Standards 
Faculty: Vikas Vohra                                                                        Page 16 of 58",both loyalty and misconduct.,C,both loyalty and misconduct.,"74. C is correct because actions involving unearned designations are violations of 
Standard IV (A), Loyalty but also Standard I (D), Misconduct. The Standard relating 
to loyalty deals with matters related to employment, Members and Candidates must 
act for the benefit of their employer and not deprive their employer of the advantage 
of their skills and abilities, divulge confidential information, or otherwise cause harm 
to their employer. Actions regarding unearned designations are potentially harmful 
to an employer. The standard relating to misconduct requires, Members and 
Candidates must not engage in any professional conduct involving dishonesty, fraud, 
or deceit or commit any act that reflects adversely on their professional reputation, 
integrity, or competence. Actions regarding unearned designations are dishonest, an 
act of fraud and deceitful and will reflect adversely on a person's professional 
reputation, integrity and competence.",,
Vikas Vohra,Ethical and Professional Standards,3,Guidance for Standards I–VII,75,"Sharon Chan, CFA, is an analyst at an investment firm. Chan issues a ""buy"" rating on 
a company in which her brother holds shares. Chan does not disclose her brother's 
holdings in her report as she has no beneficial ownership in her brother's account. 
Has Chan violated the Standards?",No,"Yes, the Standard relating to disclosure of conflicts","Yes, the Standard relating to communication with clients and prospective clients",A,No,"75. A is correct because according to Standard VI(A), Disclosure of Conflicts, Members 
and Candidates must make full and fair disclosure of all matters that could reasonably 
be expected to impair their independence and objectivity or interfere with 
respective duties to their clients, prospective clients, and employer. In addition, sell-
side members and candidates should disclose any materially beneficial ownership 
interest in a security or other investment that the member or candidate is 
recommending. Chan has no beneficial ownership in her brother's account, so she is 
not required to disclose it. Therefore, Chan has not violated the Standard VI(A). 
 
                                                                         
 
In addition, Standard V(B), Communication with Clients and Prospective Clients, 
states that members and candidates should communicate in a recommendation the 
factors that were instrumental in making the investment recommendation. A critical 
part of this requirement is to distinguish clearly between opinions and facts. In 
preparing a research report, the member or ca ndidate must present the basic 
characteristics of the securities being analyzed, which will allow the reader to 
evaluate the report and incorporate information the reader deems relevant to his or 
her investment decision-making process. Standard V(B) is addressing the investment 
process communication with clients. Chan has not violated the Standard V(B).",,
Vikas Vohra,Ethical and Professional Standards,3,Guidance for Standards I–VII,76,"Jane Macmara, CFA, has just passed Level III of the CFA exam. In her blog, Macmara 
shares her views: “CFA exams are outrageously difficult,” and “Thankfully, the CAPM 
was not tested.” Macmara has most likely violated the Standards:","only by writing “Thankfully, the CAPM was not tested.”",only by writing “CFA exams are outrageously difficult.”,"by writing both “Thankfully, the CAPM was not tested” and “CFA exams are 
outrageously difficult.”",A,"only by writing “Thankfully, the CAPM was not tested.”","76. A is correct because according to Standard VII (A), Conduct as Participants in CFA 
Institute Programs, CFA Institute program rules, regulations, and policies prohibit 
candidates from disclosing confidential material gained during the exam process. 
Examples of information that cannot be disclosed by candidates sitting for an exam 
include but are not limited to: broad topical areas and formulas tested or not tested 
on the exam. Further, All aspects of the exam, including questions, broad topical 
areas, and formulas, tested or not tested, are considered confidential until such time 
as CFA Institute elects to release them publicly. There is no indication that CFA 
Institute has released details about the exam. Therefore, Macmara has violated 
Standard VII (A) by stating “Thankfully, the CAPM formula was not tested.",,
Vikas Vohra,Ethical and Professional Standards,3,Guidance for Standards I–VII,77,"Donovan Jones, CFA, works at Grae Investments (GI). GI's main product invests in 
liquid and illiquid assets. Prices for its illiquid holdings are determined by an 
independent valuation firm. Jones markets performance of the GI product without 
providing a comparison benchmark. Jones also switches to a different independent 
valuation firm because of the firm's reputation for giving illiquid assets higher 
valuations. Jones has most likely violated the Standard relating to misrepresentation:",only by switching valuation firms.,only by marketing performance without a benchmark.,"both by switching valuation firms and by marketing performance without a 
benchmark.",A,only by switching valuation firms.,"77. A is correct because according to Standard I (C), Misrepresentation, changing pricing 
providers should not be based solely on the justification that the new provider 
reports a higher current value of a security.",,
Vikas Vohra,Ethical and Professional Standards,4,Introduction to the Global Investment Performance Standards (GIPS),78,Which of the following can claim compliance with the GIPS standards?,Consultants who advise investment firms that manage discretionary client assets.,"Asset owners that do not compete for business but report their performance to 
oversight bodies.","Vendors that provide software to assist investment firms in claiming compliance 
with the GIPS standards.",B,"Asset owners that do not compete for business but report their performance to 
oversight bodies.","78. B is correct because asset owners may comply with the GIPS standards in the same 
way as firms if they compete for business. If they don’t compete for business but 
report their performance to an oversight body, asset owners may choose to comply 
with the GIPS Standards for Asset Owners.",,
Vikas Vohra,Ethical and Professional Standards,4,Introduction to the Global Investment Performance Standards (GIPS),79,"Which of the following statements is most accurate? In countries where regulations 
conflict with, or contradict, the GIPS standards, firms that claim compliance are 
required to comply with:",local regulations with full disclosure of the conflict.,the stricter of local regulations or the GIPS standards.,local regulations with optional disclosure of the conflict.,A,local regulations with full disclosure of the conflict.,"79. A is correct because according to the GIPS standards, in cases in which laws and/or 
regulations conflict with the GIPS standards, firms are required to comply with the 
laws and regulations and make full disclosure of the conflict in the GIPS Report.",,
Vikas Vohra,Ethical and Professional Standards,4,Introduction to the Global Investment Performance Standards (GIPS),80,"According to the GIPS standards, a firm must include a terminated composite on the 
firm's list of composite descriptions for at least:",5 years after the composite termination date.,7 years after the composite termination date.,10 years after the composite termination date.,A,5 years after the composite termination date.,"80. A is correct because according to the GIPS standards, The FIRM MUST include 
terminated COMPOSITES on this list for at least ﬁve years after the COMPOSITE 
TERMINATION DATE.",,
Vikas Vohra,Ethical and Professional Standards,4,Introduction to the Global Investment Performance Standards (GIPS),81,"According to the GIPS standards, verification is:",performed with respect to an entire firm.,performed by a firm's compliance department.,mandatory for firms that claim compliance with the GIPS standards.,A,performed with respect to an entire firm.,"81. A is correct because according to the GIPS standards, verification is performed with 
respect to an entire firm, not on specific composites or pooled funds.",,
Vikas Vohra,Ethical and Professional Standards,3,Guidance for Standards I–VII,82,"Which of the following is a recommended procedure for complying with the Standard 
relating to preservation of confidentiality? 
Procedure 1: Disclose to authorized fellow employees only information that will 
improve service to the client 
Procedure 2: Encourage the adoption of standard confidentiality procedures utilized 
by leading firms in the industry",Procedure 1 only,Procedure 2 only,Both Procedure 1 and Procedure 2,A,Procedure 1 only,"82. A is correct because according to the recommended procedures for compliance with 
Standard II (E), Preservation of Confidentiality, avoid disclosing any information 
received from a client except to authorized fellow employees who are also working 
                                                                         
 
for the client. Is the information background material that, if disclosed, will enable 
the member or candidate to improve service to the client?",,
Vikas Vohra,Ethical and Professional Standards,3,Guidance for Standards I–VII,83,"According to recommended procedures for compliance with the Standard relating to 
material nonpublic information, firms should:",review employee trading through the maintenance of watch lists.,"prohibit all types of proprietary activity when a firm comes into possession of 
material nonpublic information.","permit regular interdepartmental communication of nonpublic information 
between the corporate finance and equity research departments of a firm.",A,review employee trading through the maintenance of watch lists.,"83. A is correct because according to the recommended procedures for compliance with 
Standard II(A) Material Nonpublic Information the use of watch lists is a minimum 
element of such a system. The minimum elements of such a system include, but are 
not limited to, the review of employee trading through the maintenance of “watch,” 
“restricted,” and “rumor” lists.",,
Vikas Vohra,Ethical and Professional Standards,3,Guidance for Standards I–VII,84,"Tim Howley, CFA, “pumps up” the price of a security by s preading misleading 
information and later “dumps” the security after the price reaches an artificially high 
level. Howley has most likely violated the Standard relating to:",market manipulation.,independence and objectivity.,material nonpublic information.,A,market manipulation.,"84. A is correct because according to the Standard II(B), market manipulation includes 
(1) the dissemination of false or misleading information. Also, information -based 
manipulation includes, but is not limited to, spreading false rumors to induce trading 
by others. For example, members and candidates must refrain from “pumping up” the 
price of an investment by issuing misleading positive information or overly optimistic 
projections of a security’s worth only to later “dump” the investment (i.e., sell it) once 
the price, fueled by the misleading information’s effect on other market participants, 
reaches an artificially high level.",,
Vikas Vohra,Ethical and Professional Standards,4,Introduction to the Global Investment Performance Standards (GIPS),85,Which of the following entities can claim compliance with the GIPS standards?,A pension fund that manages investments for its beneficiaries,"An investment consulting firm that focuses on enabling clients to self-manage 
their investments","A vendor that offers software products designed to help firms achieve 
compliance with the GIPS standards",A,A pension fund that manages investments for its beneficiaries,"85. A is correct because according to the GIPS standards, only a firm managing assets 
can claim compliance once the firm has satisfied all applicable requirements of the 
GIPS standards. Further, asset owners may comply with the GIPS standards in the 
same way as firms if they compete for business. If they don’t compete for business 
but report their performance to an oversight body, asset owners may choose to 
comply with the GIPS Standards for Asset Owners. Therefore, a pension fund that 
manages investments for its beneficiaries can claim compliance with the GIPS 
standards.",,
Vikas Vohra,Ethical and Professional Standards,3,Guidance for Standards I–VII,86,"Timothy Charles, CFA, applies for a role as an investment analyst. In his resume he 
states, ""CFA charterholders achieve better performance results."" He adds, ""As a 
                                                                         
 
CFA charterholder, I am the most qualified to manage client investments."" Charles 
has most likely violated the Standards:","only by stating, ""CFA charterholders achieve better performance results.""","only by stating, ""As a CFA charterholder, I am the most qualified to manage client 
investments.""","both by stating, ""CFA charterholders achieve better performance results"" and by 
stating, ""As a CFA charterholder, I am the most qualified to manage client 
investments.""",C,"both by stating, ""CFA charterholders achieve better performance results"" and by 
stating, ""As a CFA charterholder, I am the most qualified to manage client 
investments.""","86. C is correct because both statements violate Standard VII(B), Reference to CFA 
Institute, the CFA Designation, and the CFA Program by implying that superior 
performance from someone with the CFA designation can be expected. Statements 
referring to CFA Institute, the CFA designation, or the CFA Program that overstate 
the competency of an individual or imply, either directly or indirectly, that superior 
performance can be expected from someone with the CFA designation are not allowed 
under the standard. Improper References ... 'CFA charterholders achieve better 
performance results' ... 'As a CFA charterholder, I am the most qualified to manage 
client investments.'""",,
Vikas Vohra,Ethical and Professional Standards,3,Guidance for Standards I–VII,87,"David Bravoria, CFA, is an independent financial advisor for a high-net-worth client 
with whom he had not had contact in more than two years. During a recent brief 
telephone conversation, the client states that he wants to increase his risk exposure. 
Bravoria subsequently recommends and invests in several high-risk venture capital 
funds on behalf of the client. Bravoria continues, as he has done in the past, to send 
to his client monthly, detailed, itemized investment statements. Did Bravoria most 
likely violate any CFA Standards?",No.,"Yes, with regard to investment statements.","Yes, with regard to purchasing venture capital funds.",C,"Yes, with regard to purchasing venture capital funds.","87. C is correct because Bravoria violated Standard III(A)–Loyalty, Prudence, and Care 
as he had not updated his client’s profile in more than two years and thus should not 
have made further investments, particularly in high-risk investments, until such time 
as he updated the client’s risk and return objectives, financial constraints, and 
financial position. Bravoria provided his client with investment statements more 
frequently than that which is required, i.e., quarterly, so was not in violation of regular 
account information.",,
Vikas Vohra,Ethical and Professional Standards,4,Introduction to the Global Investment Performance Standards (GIPS),88,Which of the following is most accurate? GIPS compliance:,"eliminates investors' need for in-depth due diligence of the GIPS-compliant firm 
only.","enables the GIPS-compliant firm to participate in competitive bids against other 
GIPS-compliant firms only.","both eliminates investors' need for in-depth due diligence of the GIPS-compliant 
firm and enables the GIPS-compliant firm to participate in competitive bids 
against other GIPS-compliant firms.",B,"enables the GIPS-compliant firm to participate in competitive bids against other 
GIPS-compliant firms only.","88. B is correct because compliance enables the GIPS-compliant firm to participate in 
competitive bids against other compliant firms throughout the world.",,
Vikas Vohra,Ethical and Professional Standards,4,Introduction to the Global Investment Performance Standards (GIPS),89,"Which of the following statements is most accurate? Compliance with the GIPS 
standards:",by firms eliminates the need for in-depth due diligence by investors.,"enables firms to participate in competitive bids against other GIPS-compliant 
firms.","is mandatory for firms conducting business in countries that do not ha ve 
regulations relating to investment performance presentation.",B,"enables firms to participate in competitive bids against other GIPS-compliant 
firms.","89. B is correct because compliance enables the GIPS-compliant firm to participate in 
competitive bids against other compliant firms throughout the world.",,
Vikas Vohra,Ethical and Professional Standards,4,Introduction to the Global Investment Performance Standards (GIPS),90,A firm claiming compliance with GIPS standards is required to:,perform verification of the firm's claim of compliance.,"maintain its compliance even after the firm has been verified by an independent 
third party.","determine selection criteria regarding which existing portfolios to include in a 
composite at the end of the reporting period.",B,"maintain its compliance even after the firm has been verified by an independent 
third party.","90. B is correct because firms that claim compliance with the GIPS standards are 
responsible for their claim of compliance and for maintaining that compliance. That 
is, firms self-regulate their claim of compliance. Therefore, including when 
compliance is verified by an independent third party, the firm is always responsible 
for maintaining that compliance.",,
Vikas Vohra,Ethical and Professional Standards,3,Guidance for Standards I–VII,91,"Anita Delgado is a candidate in the CFA Program. After taking the Level II 
examination, Delgado posts on a social networking website that she found the exam 
to be very difficult and that in her opinion, the CFA Program and CFA Institute were 
losing credibility with the public. Has Delgado most likely violated the Standards?",No,"Yes, by posting information about the exam on a public website","Yes, by compromising the reputation or integrity of CFA Institute",A,No,"91. A is correct because Delgado did not violate Standard VII (A), Responsibilities as a 
CFA Institute Member of CFA Candidate. Candidates are prohibited from disclosing 
confidential material gained during the exam process but are free to discuss the 
examination in a general manner, such as the fact that she found the exam difficult. 
Regarding her opinion about the CFA Institute, a member must not engage in any 
conduct that compromises the reputation or integrity of CFA Institute. However, 
Standard VII (A) does not cover expressing opinions regarding the CFA Program or 
CFA Institute. Therefore, Delgado's voicing her opinion is not a conduct that 
compromises the reputation or integrity of CFA Institute.",,
Vikas Vohra,Ethical and Professional Standards,3,Guidance for Standards I–VII,92,"A member manages two fee-paying family accounts at her firm. The member has the 
power to vote on the shares held in Account 1 and the discretion to sell shares held 
in Account 2. According to the Standards, is the member considered a beneficial 
owner of the shares held in her family accounts?",No,"Yes, for Account 1 only","Yes, for both Account 1 and Account 2",C,"Yes, for both Account 1 and Account 2","92. C is correct because for the purposes of Standard VI(A) Disclosure of Conflicts, 
members and candidates beneficially own securities or other investments if they have 
a direct or indirect pecuniary interest in the securities, have the power to vote or 
direct the voting of the shares of the securities or investments, or have the power 
to dispose or direct the disposition of the security or investment. Therefore, the 
member is considered a beneficial owner for shares held in both Account 1 and 
Account 2.",,
Vikas Vohra,Ethical and Professional Standards,4,Introduction to the Global Investment Performance Standards (GIPS),93,"Which of the following comments concerning composites meeting the requirements 
of the GIPS standards is correct?","A firm's claim of compliance requires all fee-paying accounts managed by the firm 
be included in at least one composite.","The requirement to create, use and maintain composites is designed to prevent 
firms using the best-performing accounts to represent an investment strategy.","A composite must include all actual, fee -paying, discretionary and non-
discretionary portfolios managed in accordance with the same investment 
mandate, objective, or strategy.",B,"The requirement to create, use and maintain composites is designed to prevent 
firms using the best-performing accounts to represent an investment strategy.","93. B is correct because one of the key concepts of the standards is the required use of 
composites. A composite is an aggregation of one or more portfolios managed 
according to a similar investment mandate, objective, or strategy. The requirement 
to create, use and maintain composites is designed to prevent firms from cherry-
picking—using the best-performing accounts to represent the performance of an 
investment strategy.",,
Vikas Vohra,Ethical and Professional Standards,3,Guidance for Standards I–VII,94,A member most likely violates the Standard relating to market manipulation if he:,secures a dominant position in a stock to win a proxy vote.,exploits market inefficiencies in a thinly traded penny stock.,"places both buy and sell orders of a stock at the same price to increase trading 
volume.",C,"places both buy and sell orders of a stock at the same price to increase trading 
volume.","94. C is correct because Members and Candidates must not engage in practices that 
distort prices or artificially inflate trading volume with the intent to mislead market 
participants. Transactions that artificially affect prices or volume to give the 
impression of activity or price movement in a financial instrument, which represent a 
diversion from the expectations of a fair and efficient market.",,
Vikas Vohra,Ethical and Professional Standards,4,Introduction to the Global Investment Performance Standards (GIPS),95,The objectives of the GIPS standards include:,promoting financial regulators' interests.,promoting industry self-regulation on a global basis.,"obtaining acceptance of multiple local standards for accurate perf ormance 
presentation.",B,promoting industry self-regulation on a global basis.,"95. B is correct because one of the objectives of the GIPS standards is to promote 
industry self-regulation on a global basis.",,
Vikas Vohra,Ethical and Professional Standards,3,Guidance for Standards I–VII,96,"Which of the following is a recommended procedure for compliance with the Standard 
relating to knowledge of the law? Members should encourage their firms to:",distribute summaries of applicable security laws to clients at least annually.,provide written protocols for reporting suspected legal or regulatory violations.,"seek the advice of a regulatory agency when in doubt about which action to take 
regarding potential violations.",B,provide written protocols for reporting suspected legal or regulatory violations.,"96. B is correct because recommended procedures for compliance with Standard I (A), 
Knowledge of the Law, state: Establish procedures for reporting violations: Firms 
might provide written protocols for reporting suspected viola tions of laws, 
regulations, or company policies.",,
Vikas Vohra,Ethical and Professional Standards,3,Guidance for Standards I–VII,97,"Stella Murphy, CFA, a portfolio manager, meets with a client who is concerned about 
a security recently added to the portfolio. Murphy review s with the client the 
decision for buying the security and the risks associated with the company and stock. 
The following week, the company announces it is buying a company in a non-related 
industry and the stock falls sharply. The client accuses Murphy of not disclosing all 
the risks associated with holding the security.  Murphy explains the company's 
acquisition was unexpected and not factored into the forecast. Has Murphy most 
likely violated the Standards?",No,"Yes, the Standard relating to communication with clients","Yes, the Standard relating to diligence and reasonable basis",A,No,"97. A is correct because Murphy has not violated any Standards. Standard V(B), 
Communication with Clients and Prospective Clients, requires members, use 
reasonable judgment in identifying which factors are important to their investment 
analyses, recommendations, or actions and include those factors in communications 
with clients and prospective client. Murphy has done this when she reviewed the 
investment rationale behind buying the security and the potential investment risks. 
The appropriateness of risk disclosure should be assessed on the basis of what was 
known at the time the investment action was taken (often called an ex ante basis). 
Members must disclose significant risks known to them at the time of the disclosure. 
Members cannot be expected to disclose risks they are unaware of at the time 
recommendations or investment actions are made. A one-time investment loss that 
occurs after the disclosure does not constitute a pertinent factor in assessing 
whether significant risks and limitations were properly disclosed. Murphy has also not 
violated Standard V(A), Diligence and Reasonable Basis, which requires members, 
have a reasonable and adequate basis, supported by appropriate research and 
investigation, for any investment analysis, recommendation, or action. Murphy has 
explained the investment thesis supporting the purchase of the security as well as 
the risk to the earnings stream.  While having no knowledge of a risk or limitation 
that subsequently triggers a loss may reveal a deficiency in the diligence and 
reasonable basis of the research it is not a violation of the Standard.",,
Vikas Vohra,Ethical and Professional Standards,3,Guidance for Standards I–VII,98,"Which of the following member actions most likely violates the Standard relating to 
market manipulation?",Selling one security and buying another to minimize tax liability,Writing misleading posts on social media about the development of a new product,"Dividing a large block order into a series of smaller orders to achieve better 
execution",B,Writing misleading posts on social media about the development of a new product,"98. B is correct because Standard II(B), Market Manipulation, require members to uphold 
market integrity by prohibiting market manipulation. Market manipulation includes 
practices that distort security prices or trading volume with the intent to deceive 
people or entities that rely on information in the market. This is an example of 
information-base manipulation as misleading fake information affects other market 
participants.",,
Vikas Vohra,Ethical and Professional Standards,3,Guidance for Standards I–VII,99,"Elana Paralova, a Level I CFA candidate working at an asset management firm, wants 
to make a good impression on a prospective client. She tells the prospect: ""Getting 
the CFA Charter will show I am serious about protecting the interests of my clients 
and it will boost my reputation. Once I get the Charter, I also hope to make more 
money by getting promoted!"" Her colleague, Jacob Klemmer, CFA, tells Paralova: 
""Study all subjects for each exam, you never know what will be included. The three 
exams will be the most difficult exams you will ever take. Any promotion and pay raise 
will reflect your enhanced skills."" Did either Paralova or Klemmer violate the 
Standards?",No.,Only Paralova violates the Standards.,Only Klemmer violates the Standards.,A,No.,"99. A is correct because neither Paralova or Klemmer violated CFA Standards through 
their statements.  Paralova did not violate Standard VII(B) Reference to CFA 
Institute, the CFA Designation, and the CFA Program when she made her comments 
about what getting the Charter will reflect and the hope for a pay raise. The 
Standard states, When referring to CFA Institute, CFA Institute membership, the 
CFA designation, or candidacy in the CFA Program, Members and Candidates must not 
misrepresent or exaggerate the meaning or implications of membership in CFA 
Institute, holding the CFA designation, or candidacy in the CFA program. Klemmer 
did not violate Standard VII (B) Reference to CFA Institute, the CFA Designation, 
and the CFA Program when he expressed his opinion that Paralova's potential pay 
raise will reflect her enhanced skills.   Klemmer also complied with Standard VII(A) 
                                                                         
 
Responsibilities as a CFA Institute Member or CFA Candidate, Conduct as 
Participants in CFA Institute Programs when stating an opinion about the difficulty 
of the exam without revealing any specific details or the need to study all subjects. 
The Standard states that candidates must not engage in any conduct that 
compromises . . . the integrity, validity, or security of CFA Institute programs.",,
Vikas Vohra,Ethical and Professional Standards,3,Guidance for Standards I–VII,100,"Amanda Covington, CFA, works for McJan Investment Management. McJan 
employees must receive prior clearance of their personal investments in accordance 
with McJan’s compliance procedures. To obtain prior clearance, McJan employees 
must provide a written request identifying the security, the quantity of the security 
to be purchased, and the name of the broker through which the transaction will be 
made. Pre-cleared transactions are approved only for that trading day. As indicated 
below, Covington received prior clearance. 
 
Two days after she received prior clearance, the price of Stock B had decreased, so 
Covington decided to purchase 250 shares of Stock B only. In her decision to 

                                                                         
 
purchase 250 shares of Stock B only, did Covington violate any CFA Institute 
Standards of Professional Conduct?",No.,"Yes, relating to diligence and reasonable basis.","Yes, relating to her employer’s compliance procedures.",C,"Yes, relating to her employer’s compliance procedures.","100. C is correct because prior clearance processes guard against potential and actual 
conflicts of interest; members are required to abide by their employer’s compliance 
procedures, Standard VI(B).",,
Vikas Vohra,Ethical and Professional Standards,3,Guidance for Standards I–VII,101,"Cecilia Foster, CFA, starts a job as director of research for Sisyphus 
Investments (SI). In her new job, Foster oversees a small team analysts. Foster 
discovers the compliance system at SI is not up to her expectations and tells her 
supervisor the system needs improvement. The supervisor tells Foster that the firm 
will consider compliance system improvements in four months, at the start of the 
next fiscal year. To comply with the Standards, Foster most likely should initially:",resign her new position.,decline in writing to accept supervisory responsibility.,"establish departmental procedures to ensure fellow Charterholders comply with 
applicable regulations.",B,decline in writing to accept supervisory responsibility.,"101. B is correct because Standard IV (C), Responsibilities of Supervisors, states if 
the member or candidate clearly cannot discharge supervisory responsibilities 
because of the absence of a compliance system or because of an inadequate 
compliance system, the member or candidate should decline in writing to accept 
supervisory responsibility until the firm adopts reasonable procedures to allow 
adequate exercise of supervisory responsibility.",,
Vikas Vohra,Ethical and Professional Standards,3,Guidance for Standards I–VII,102,"Wang Dazong, CFA, is a sole proprietor investment advisor. Dazong believes in 
putting his money at risk along with his clients and trades the same securities as his 
clients. In order to ensure fair treatment of all accounts, he rotates trade allocations 
so that each account has an equal likelihood of receiving a fill on their orders. This 
allocation procedure also applies to Dazong's own account. According to the CFA CFA 
Institute Code of Ethics and Standards of Professional Conduct, the allocation 
procedure used by Dazong:",complies with the Standards.,requires revision to ensure client trades take precedence.,should be disclosed and written approval received from clients.,B,requires revision to ensure client trades take precedence.,"102. B is correct because Standard VI(B)–requires client transactions to be given 
precedence over transactions made on behalf of the member’s or candidate’s firm or 
personal transactions. Because the advisor trades alongside his clients and allocates 
trades on a rotating basis, there are times when the advisor’s trades will receive 
priority over his clients in violation of the Code and Standards. A member or 
candidate having the same investment positions or being co-invested with clients does 
not always create a conflict. Some clients in certain investment situations require 
members or candidates to have aligned interests. Personal investment positions or 
transactions of members or candidates or their firms should never, however, 
adversely affect client investments.",,
Vikas Vohra,Ethical and Professional Standards,3,Guidance for Standards I–VII,103,"Ken Kawasaki, CFA, shares a building with a number of other professionals who 
are also involved in the investment management business. Kawasaki makes 
arrangements with several of these professionals, including accountants and lawyers, 
to refer clients to each other. An informal score is kept on the expectation the 
referrals will equal out over time, eliminating the need for any cash payments. 
Kawasaki never mentions this arrangement to clients or prospective clients. Does 
Kawasaki's agreement with the other building occupants most likely violate any CFA 
Institute Standards of Professional Conduct?",No.,"Yes, related to referral fees.","Yes, related to communication with clients.",B,"Yes, related to referral fees.","103. B is correct because Standard VI(C) requires disclosure of any compensation, 
consideration, or benefit received from or paid to others for the recommendation of 
products or services. Even without cash changing hands the arrangement provides for 
a quid pro quo referral of clients and should be disclosed.",,
Vikas Vohra,Ethical and Professional Standards,3,Guidance for Standards I–VII,104,"François Bernod, CFA, wrote questions for the Level I CFA exam for sev eral 
years. After leaving the exam writing team, Bernod issues new marketing material for 
his investment firm, in which he states: “As someone who helped write CFA exams, I 
have learned unique insights into portfolio management that will be valuable for my 
firm's clients.” However, in his public blog, Bernod makes several negative statements 
                                                                         
 
about certain policies of CFA Institute. Bernod has most likely violated the 
Standards:",only by expressing negative opinions regarding CFA Institute policies.,only by using an association with CFA Institute to further professional goals.,"both by expressing negative opinions regarding CFA Institute policies and by using 
an association with CFA Institute to further professional goals.",B,only by using an association with CFA Institute to further professional goals.,"104. B is correct because Standard VII (A), Conduct as Participants in CFA Institute 
Programs, states: Standard VII (A) covers the conduct of CFA Institute members 
and candidates involved with the CFA Program and prohibits any conduct that 
undermines the public's confidence that the CFA charter represents a level of 
achievement based on merit and ethical conduct. Conduct covered includes but is not 
limited to improperly using an association with CFA Institute to further personal or 
professional goals. Bernod violated the Standard by stating that his involvement in 
exam writing gave him unique investment insights that will be of value to his firm's 
clients.",,
Vikas Vohra,Ethical and Professional Standards,3,Guidance for Standards I–VII,105,"Disclosure of confidential CFA exam information will most likely be detected by 
the Professional Conduct staff through:",monitoring online and social media.,analysis of Proctor Reports.,annual Professional Conduct Statements.,A,monitoring online and social media.,"105. A is correct because Professional Conduct inquiries come from a number of 
sources including the monitoring of online and social media to detect disclosure of 
confidential exam information.",,
Vikas Vohra,Ethical and Professional Standards,3,Guidance for Standards I–VII,106,According to the Standard relating to independence and objectivity:,a gift from a client could be considered supplementary compensation.,"compensation arrangements should link analyst remuneration to investment 
banking assignments.","portfolio managers may report sell-side analysts to covered companies if analysts' 
changes in recommendation adversely affect client portfolios.",A,a gift from a client could be considered supplementary compensation.,"106. A is correct because receiving a gift, benefit, or consideration from a client can 
be distinguished from gifts given by entities seeking to influence a member or 
candidate to the detriment of other clients. In a client relationship, the client has 
already entered some type of compensation arrangement with the member, candidate, 
or his or her firm. A gift from a client could be considered supplementary 
compensation.",,
Vikas Vohra,Ethical and Professional Standards,3,Guidance for Standards I–VII,107,"Shirin Regali, CFA, is a well-respected, sell-side analyst covering the biotech 
sector. While researching the market prospects for a drug being trialed by BioHeal 
Inc., Regali interviews industry experts who are not affiliated with the trials or 
BioHeal. These experts express confidence that the drug will pass the trials and be 
a market success. After thorough analysis and based on these experts' insights, 
Regali issues a ""buy"" recommendation for BioHeal and distributes it to her clients and 
not to the public. Has Regali most likely violated the Standard relating to material 
nonpublic information?",No,"Yes, by distributing the recommendation to her clients and not to the public","Yes, by issuing a ""buy"" recommendation for BioHeal based on insights from 
industry experts",A,No,"107. A is correct because Regali did not violate Standard II (A), Nonpublic Material 
Information. The Standards permit the use of in dustry experts. Members and 
candidates may provide compensation to individuals [industry experts] for their 
insights without violating this standard. In this case, the industry experts are 
unaffiliated with the trials and thus do not have access to inside information on the 
trials, so their insights can be used to make investment decisions. The Standards also 
permit the sell-side analysts to distribute material information to only clients. Simply 
because the public in general would find the conclusions material does not require 
that the analyst make his or her work public.",,
Vikas Vohra,Ethical and Professional Standards,3,Guidance for Standards I–VII,108,"Which of the following member actions most likely violates the Standard relating 
to material nonpublic information? 
Action 1: An analyst buys call options on a stock after learning from the company's 
CEO that the company will report earnings exceeding analyst expectations. 
Action 2: An analyst buys an oil company stock after speaking to a well-known industry 
expert who believes oil prices will rise due to geopolitical risk.",Action 1 only,Action 2 only,both Action 1 and Action 2,A,Action 1 only,"108. A is correct because Standard II(A), Material Nonpublic Information, states that 
Members and Candidates who possess material nonpublic information that could 
affect the value of an investment must not a ct or cause others to act on the 
information. Also, Members and candidates must not use material nonpublic 
information to influence their investment actions related to derivatives. Therefore, 
a member analyst buying call option on a company stock after learning from its CEO 
that the company will report earnings exceeding analyst expectation is a violation of 
Standard II(A). In contrast, a member analyst buying an oil company stock after 
speaking to a well-known industry expert who believes oil prices will rise due to 
geopolitical risk is not a violation of Standard II(A). This is because a well-known 
industry expert's view is unlikely to be nonpublic information. Therefore, only Action 
1 violates Standard II(A).",,
Vikas Vohra,Ethical and Professional Standards,3,Guidance for Standards I–VII,109,"David Andrews, CFA, is an investment manager with Aldona Investments. Aldona 
secures a block of stock in an oversubscribed initial public offering. Andrews decides 
to prorate the issue to all fee-paying accounts for which it is appropriate, including 
the fee-paying accounts of his immediate family members. Has Andrews violated the 
Standard relating to fair dealing?",No.,"Yes, by prorating the issue to all subscribers.","Yes, by including immediate family members in the transaction.",A,No.,"109. A is correct because Standard III (B), Fair Dealing, states that if the issue is 
oversubscribed, then the issue should be prorated to all subscribers. In addition, if 
the investment professional’s family-member accounts are managed similarly to the 
accounts of other clients of the firm, however, the family-member accounts should 
not be excluded from buying such shares.",,
Vikas Vohra,Ethical and Professional Standards,3,Guidance for Standards I–VII,110,"John Lee, CFA, manages portfolios for several individuals, including his brother. 
All of Lee's clients are standard fee-paying clients. Lee subscribes to an IPO for only 
those clients for whom the IPO is suitable, which includes his brother. Lee does not 
receive the number of shares requested by his clients and allocates shares of the 
IPO pro-rata to those clients, including his brother. Are Lee's actions most likely 
consistent with the Standards?",Yes,"No, because he allocates the IPO shares to his brother","No, because he fails to allocate the IPO shares to all of his clients",A,Yes,"110. A is correct because Standard III (B), Fair Dealing, states: For example, when 
making investments in new offerings or in secondary financings, members and 
candidates should distribute the issues to all customers for whom the investments 
are appropriate in a manner consistent with the policies of the firm for allocating 
blocks of stock. In addition, if the issue is oversubscribed, members and candidates 
                                                                         
 
should forgo any sales to themselves or their immediate families in order to free up 
additional shares for clients. If the investment professional's family -member 
accounts are managed similarly to the accounts of other clients of the firm, however, 
the family-member accounts should not be excluded from buying such shares. In this 
case, Lee's brother has a standard fee-paying, regular account, the IPO is suitable, 
so Lee should include his brother in the pro-rata allocation of the IPO shares.",,
Vikas Vohra,Ethical and Professional Standards,3,Guidance for Standards I–VII,111,"Which of the following most likely violates the Standard relating to preservation of 
confidentiality?",Recommending a former client as a potential donor for a local charity,"Disclosing details of client activity to the CFA Institute Professional Conduct 
Program","Providing confidential information about a prospective client when permitted by 
the prospective client",A,Recommending a former client as a potential donor for a local charity,"111. A is correct because Standard III (E), Preservation of Confidentiality, requires 
Members and Candidates must keep information about current, former, and 
prospective clients confidential.  Also, this standard protects the confidentiality of 
client information even if the person or entity is no longer a client of the member or 
candidate.",,
Vikas Vohra,Ethical and Professional Standards,3,Guidance for Standards I–VII,112,"Linda Barr, CFA, a portfolio manager, receives an unsolicited stock order from a 
client. She discusses the order with her firm's analysts to determine how it will 
impact that client's portfolio. The analysts determine the stock to be highly 
undervalued and suitable for many of Barr's clients. Barr calls clients for whom the 
stock is suitable to recommend the stock. She then executes a single block trade for 
the original client as well as other clients for whom the stock is suitable. Barr most 
likely violated the Standards:",only by executing the single block trade.,only by discussing unsolicited client orders with her analysts.,"both by executing the single block trade and by discussing unsolicited client 
orders with her analysts.",A,only by executing the single block trade.,"112. A is correct because Standard III (E), Preservation of Confidentiality, requires 
that members and candidates preserve the confidentiality of information 
communicated to them by their clients, prospective clients, and former clients. 
Further, if a client or former client expressly authorizes the member or candidate 
to disclose information, however, the member or candidate may follow the terms of 
the authorization and provide the information. The unsolicited stock order from the 
client is confidential. So, Barr must obtain the original client's authorization before 
recommending the stock to other clients. Therefore, Barr has violated Standard III 
(E) by executing without the original's client authorization, a single block trade for 
the original client as well as other clients for whom the stock is suitable.",,
Vikas Vohra,Ethical and Professional Standards,3,Guidance for Standards I–VII,113,"A member works for a large investment firm. CFA Institute contacts the member 
to request support for a professional conduct investigation. In his response, the 
member discloses the requested information regarding client activities. Applicable 
law requires to maintain client confidentiality. Has the member most likely violated 
the Standards?","No. 
Ethical and Professional Standards 
Faculty: Vikas Vohra                                                                        Page 24 of 58","Yes, the Standard relating to fair dealing.","Yes, the Standard relating to knowledge of the law.",C,"Yes, the Standard relating to knowledge of the law.","113. C is correct because Standard I (A), Knowledge of the Law, states that Members 
and Candidates must understand and comply with all applicable laws, rules, and 
regulations. While Standard III (E), Preservation of Confidentiality, states that 
When permissible under applicable law, members and candidates shall consider the 
PCP an extension of themselves when requested to provide information about a client 
in support of a PCP investigation into their own conduct, this case clearly states that 
disclosure is not permitted by applicable law. Therefore, the member violates 
Standard I (A) by disclosing client information.",,
Vikas Vohra,Ethical and Professional Standards,3,Guidance for Standards I–VII,114,"Iris Hadid, CFA, works as an investment banking analyst. She builds a financial 
model to value Ski Mountain Lodge (SML). Hadid's friend, Peter Jackson, CFA, works 
for a different advisory firm. Hadid shares with Jackson details about her analysis 
to receive his feedback on her valuation of SML. Based on this information, Jackson 
buys call options on SML. Who has violated the Standards?",Hadid only,Jackson only,Both Hadid and Jackson,C,Both Hadid and Jackson,"114. C is correct because Standard II(A), Material Nonpublic Information, states that 
Members and Candidates who possess material nonpublic information that could 
affect the value of an investment must not act or cause others to act on the 
information. Also, Members and candidates must not use material nonpublic 
information to influence their investment actions related to derivatives. Hadid 
caused Jackson to act by telling Jackson about her work on SML. Jackson acts on the 
information and buys call options on SML. Therefore, both Hadid and Jackson violate 
Standard II(A).",,
Vikas Vohra,Ethical and Professional Standards,3,Guidance for Standards I–VII,115,"Which statement regarding market manipulation is consistent with the 
Standards? Members must refrain from:",inducing trading by disseminating verifiable information.,engaging in practices which exploit perceived market inefficiencies.,"securing a dominant position in a financial instrument to exploit the price of the 
underlying asset.",C,"securing a dominant position in a financial instrument to exploit the price of the 
underlying asset.","115. C is correct because Standard II(B), Market Manipulation, prohibits such activity. 
Transaction-based manipulation includes, but is not limited to securing a controlling, 
                                                                         
 
dominant position in a financial instrument to exploit the price of the underlying 
asset.",,
Vikas Vohra,Ethical and Professional Standards,3,Guidance for Standards I–VII,116,"To comply with the Standards, if applicable law requires members to maintain 
confidentiality of client information, confidentiality must be maintained unless:",the client has died.,the client's information involves illegal activities.,the client permits the disclosure of the information.,C,the client permits the disclosure of the information.,"116. C is correct because Standard III (E), Preservation of Confidentiality, states 
that members must keep information about current, former, and prospective clients 
confidential unless: the client or prospective client permits disclosure of the 
information.",,
Vikas Vohra,Ethical and Professional Standards,3,Guidance for Standards I–VII,117,"Grace Lee, CFA, is an investment advisor. The investment policy statement of one 
of her clients specifies an equal-weighted portfolio of consumer durables, clean 
energy, and technology stocks. Over time, the portfolio has become significantly 
over-weighted toward technology stocks due to their superior performance. Lee 
expects technology stocks to outperform for another year and decides  not to 
rebalance the portfolio. Has Lee violated the Standards?",No.,"Yes, only the Standard relating to suitability.","Yes, both the Standard relating to suitability and the Standard relating to loyalty, 
prudence, and care.",C,"Yes, both the Standard relating to suitability and the Standard relating to loyalty, 
prudence, and care.","117. C is correct because Standard III(C), Suitability, When Members and Candidates 
are in an advisory relationship with a client, they must determine that an investment 
is suitable to the client’s financial situation and consistent with the client’s written 
objectives, mandates, and constraints before making an investment recommendation 
or taking investment action. Also, the investment professional’s determination of 
suitability should reflect only the investment recommendations or actions that a 
prudent person would be willing to undertake. Not every investment opportunity will 
be suitable for every portfolio, regardless of the potential return being offered. Lee 
has ignored her client’s mandate of an equal-weighted portfolio and is in violation of 
this standard. Further, according to Standard III(A), Loyalty, Prudence, and Care, 
;Members and Candidates have a duty of loyalty to their clients and must act with 
rea­sonable care and exercise prudent judgment. Also, members and candidates must 
follow any guidelines set by their clients for the management of their assets. Lee’s 
decision not to rebalance the portfolio is a violation of this Standard. So, Lee has 
violated both Standard III(C) and Standard III(A).",,
Vikas Vohra,Ethical and Professional Standards,3,Guidance for Standards I–VII,118,"According to the Standards, members are required to obtain permission from 
their employer before accepting additional compensation from:",clients only.,third parties only.,both clients and third parties.,C,both clients and third parties.,"118. C is correct because Standard IV (B), Additional Compensation Arrangements, 
requires members and candidates to obtain permission from their employer before 
accepting compensation or other benefits from third parties for the services 
rendered to the employer or for any services that might create a conflict with their 
employer's interest. Compensation and benefits include direct compensation by the 
client and any indirect compensation or other benefits received from third parties.",,
Vikas Vohra,Ethical and Professional Standards,3,Guidance for Standards I–VII,119,"Frank Taylor, CFA, manages a portfolio for a football club. The club’s chairman is 
pleased with Taylor’s work and offers him a front-row ticket to an upcoming, sold-out 
match. Taylor accepts the ticket without informing his employer. The chairman also 
provides Taylor with a performance-based cash incentive for which he receives 
permission from his employer to accept. Has Taylor most likely violated the 
Standards?",No.,"Yes, the Standard relating to loyalty, prudence, and care.","Yes, the Standard relating to additional compensation arrangements.",C,"Yes, the Standard relating to additional compensation arrangements.","119. C is correct because Standard IV (B), Additional Compensation Arrangements, 
states that Members and Candidates must not accept gifts, benefits, compensation, 
or consideration that competes with or might reasonably be expected to create a 
conflict of interest with their employer’s interest unless they obtain consent from 
all parties involved.Taylor must inform his employer and obtain consent for accepting 
the front-row ticket to an upcoming sold out match. Therefore, he has violated this 
Standard.",,
Vikas Vohra,Ethical and Professional Standards,3,Guidance for Standards I–VII,120,"Applying standardized criteria for the selection of external managers is a 
requirement of the Standard relating to:",suitability.,independence and objectivity.,diligence and reasonable basis.,C,diligence and reasonable basis.,"120. C is Correct because Standard V (A), Diligence and Reasonable Basis, s tates 
members and candidates who are directly involved with the use of external advisers 
need to ensure that their firms have standardized criteria for reviewing these 
selected external advisers and managers. Such criteria would include, but would not 
be limited to, the following: 
 
                                                                         
 
• reviewing the adviser's established code of ethics, 
• understanding the adviser's compliance and internal control procedures, 
• assessing the quality of the published return information, and 
• reviewing the adviser's investment process and adherence to its stated 
strategy.",,
Vikas Vohra,Ethical and Professional Standards,3,Guidance for Standards I–VII,121,The Standard relating to disclosure of conflicts requires a member to:,avoid all actual and potential conflicts of interest.,"treat all clients equally when disseminating investment recommendations or taking 
investment action.","provide clients and prospective clients with information needed to evaluate the 
objectivity of investment advice given by the member.",C,"provide clients and prospective clients with information needed to evaluate the 
objectivity of investment advice given by the member.","121. C is correct because Standard VI(A), Disclosure of Conflicts requires members 
and candidates to make full and fair disclosure of all matters that could reasonably 
be expected to impair their independence and obje ctivity or interfere with 
respective duties to their clients, prospective clients, and employer and protects 
investors and employers by requiring members and candidates to fully disclose to 
clients, potential clients, and employers all actual and potential conflicts of interest. 
Once a member or candidate has made full disclosure, the member’s or candidate’s 
employer, clients, and prospective clients will have the information needed to evaluate 
the objectivity of the investment advice or action taken on their behalf.",,
Vikas Vohra,Ethical and Professional Standards,3,Guidance for Standards I–VII,122,"A member uses his firm's composite to show performance to a prospective client. 
The member states ""Our composite shows that we have outperformed the benchmark 
over the last five years, gross of fees."" Has the member most likely violated the 
Standards?",No.,"Yes, the Standard relating to misrepresentation.","Yes, the Standard relating to performance presentation.",A,No.,"122. A is correct because the member has not violated either of the Standards.  
Standard I (C), Misrepresentation, prohibits members and candidates from 
guaranteeing clients any specific return on volatile investments. The member is not 
making a guarantee or implying a future return to the prospective client, and 
therefore is not in violation of this Standard. Standard III (D), Performance 
Presentation, states a member or candidate must give a fair and complete 
presentation of performance information whenever communicating data with respect 
to the performance history of individual accounts, composites or groups of accounts, 
or composites of an analyst’s or firm’s performance results. Furthermore, members 
and candidates should not state or imply that clients will obtain or benefit from a 
rate of return that was generated in the past. The member is stating a fact that the 
composite shows outperformance, gross of fees, and not implying future returns and 
therefore is not in violation of this Standard.",,
Vikas Vohra,Ethical and Professional Standards,3,Guidance for Standards I–VII,123,"Belen Zapata, CFA, is the owner of Kawah Investments. Kawah promises investors 
returns of up to 12% per year and claims to achieve this by investing in non -
investment-grade bonds and other fixed-income instruments. Over the next 12 
months, bond market yields reach unprecedented lows, and Zapata finds it impossible 
to achieve the returns she expected. No investments are ever made by Kawah, and 
clients are completely paid back all of their original investment. Zapata most likely 
violated the CFA Institute Standards of Professional Conduct because of the:",return of capital.,promised returns.,investment mandate.,B,promised returns.,"123. B is correct because the member has misrepresented the returns she could 
realistically achieve for her clients, violating Standard I(C), which prohibits members 
and candidates from guaranteeing clients any specific return on volatile investments.",,
Vikas Vohra,Ethical and Professional Standards,4,Introduction to the Global Investment Performance Standards (GIPS),124,The GIPS standards:,"allow the use of a representative account to present the firm's overall investment 
results.","require firms to present performance history that only includes accounts 
remaining at the firm.","establish a standardized approach to presenting historical investment results to 
prospective clients.",C,"establish a standardized approach to presenting historical investment results to 
prospective clients.","124. C is correct because the GIPS standards are a practitioner-driven set of ethical 
principles that establish a standardized, industry-wide approach for investment firms 
to follow in calculating and presenting their historical investment results to 
prospective clients. Therefore, the GIPS standard establish a standardized approach 
to presenting historical investment results to prospective clients, and this answer is 
correct.",,
Vikas Vohra,Ethical and Professional Standards,4,Introduction to the Global Investment Performance Standards (GIPS),125,The GIPS standards were created to:,"promote fair, global competition among investment firms.",eliminate the need for costly in-depth due diligence by investors.,"serve as a mandatory performance standard for asset management firms in 
countries without investment performance regulation.",A,"promote fair, global competition among investment firms.","125. A is correct because the objectives of the GIPS standards are as follows: 
Promote fair, global competition among investment firms.",,
Vikas Vohra,Ethical and Professional Standards,3,Guidance for Standards I–VII,126,"Jan Loots, CFA, quit his job as a portfolio manager at an investment firm with 
which he had a non-solicitation agreement he signed several years ago. Loots received 
permission to take his investment performance history with him and also took a copy 
of the firm’s software-trading platform. Subsequently, Loots sent out messages on 
social media sites announcing he was looking for clie nts for his new investment 
management firm. Access to Loots’ social media sites is restricted to friends, family, 
and former clients. Loots least likely violated the CFA Institute Standards of 
Professional Conduct concerning his:",trading software.,non-solicitation agreement.,investment performance history.,C,investment performance history.,"126. C is correct because the portfolio manager received permission to use his 
investment performance history from his prior employer. The member violated his 
non-solicitation agreement by indicating his availability to new clients on several social 
media sites accessible by clients of his former employer. This is a violation of 
Standard IV(A)–Loyalty because he did not act for the benefit of his former 
employer. In this case, the member may cause harm to his former employer if his 
weekend messages result in clients moving to his new business from his former 
employer. The member also violated this standard by taking his employer’s property, 
trading software.",,
Vikas Vohra,Ethical and Professional Standards,3,Guidance for Standards I–VII,127,"Which of the following is a recommended procedure for compliance with the 
Standard relating to misrepresentation? Firms can help prevent misrepresentation 
by:","specifically designating which employees are authorized to speak on behalf of the 
firm.","performing quarterly competence reviews of employees who deliver firm 
presentations to clients.","ensuring that each employee develops procedures for verifying information of 
third-party firms provided to clients.",A,"specifically designating which employees are authorized to speak on behalf of the 
firm.","127. A is correct because the recommended procedures for compliance with Standard 
I (C), Misrepresentation, state that firms can also help prevent misrepresentation by 
specifically designating which employees are authorized to speak on behalf of the 
firm.",,
Vikas Vohra,Ethical and Professional Standards,3,Guidance for Standards I–VII,128,"Which of the following is a recommended procedure for compliance with the 
Standard relating to priority of transactions? Investment personnel should:","examine all personal trades for possible conflicts immediately after execution of 
the trades.","direct their brokers to supply their firms with duplicate confirmations of all their 
personal securities transactions.","make a one-time disclosure of holdings in which they have a beneficial interest to 
their firm upon commencement of the employment relationship.",B,"direct their brokers to supply their firms with duplicate confirmations of all their 
personal securities transactions.","128. B is correct because the recommended procedures for compliance with Standard 
VI (B), Priority of Transactions, recommend that investment personnel should be 
required to direct their brokers to supply to firms duplicate copies or confirmations 
of all their personal securities transactions and copies of periodic statements for all 
securities accounts.",,
Vikas Vohra,Ethical and Professional Standards,3,Guidance for Standards I–VII,129,"Which of the following is a recommended procedure for compliance with the 
Standard relating to suitability? 
Procedure 1: An investor's objectives and constraints should be reviewed annually 
unless there is a reason that dictates more frequent review. 
Procedure 2: A member in an investment advisory relationship with clients should take 
into consideration performance measurement benchmarks in formulating an 
investment policy statement.",Procedure 1 only.,Procedure 2 only.,Both Procedure 1 and Procedure 2.,C,Both Procedure 1 and Procedure 2.,"129. C is correct because the recommended procedures for compliance with Standard 
III(C), Suitability, state that an investor’s objectives and constraints should be 
maintained and reviewed periodically to reflect any changes in the client’s 
circumstances. Annual review is reasonable unless business or other reasons, such as 
a major change in market conditions, dictate more frequent review. In addition, in 
formulating an investment policy for the client, the member or candidate should take 
the following into consideration: performance measurement benchmarks. Therefore, 
both procedures are recommended for compliance with Standard III(C).",,
Vikas Vohra,Ethical and Professional Standards,3,Guidance for Standards I–VII,130,"According to the Standard related to independence and objectivity, a member 
must:",refuse all business-related gifts.,"adhere to strict standards of conduct that govern how issuer-paid research is 
conducted.","pay for transportation, hotel and meal expenses when attending meetings at an 
issuer’s headquarters.",B,"adhere to strict standards of conduct that govern how issuer-paid research is 
conducted.","130. B is correct because this is a requirement of Standard I(B), Independence and 
Objectivity. Issuer-paid research conducted by independent analysts, however, is 
fraught with potential conflicts. Members must adhere to strict standards of 
conduct that govern how the research is to be conducted and what disclosures must 
be made in the report. Analysts must engage in thorough, independent, and unbiased 
analysis and must fully disclose potential conflicts of interest, including the nature 
of their compensation.",,
Vikas Vohra,Ethical and Professional Standards,3,Guidance for Standards I–VII,131,"A member most likely violates the Standard relating to knowledge of the law if 
she fails to:",dissociate from unethical conduct.,report illegal activity to the appropriate regulatory organization.,"have detailed knowledge of all the laws potentially governing her professional 
activities.",A,dissociate from unethical conduct.,"131. A is correct because under Standard I(A), Knowledge of the Law, members and 
candidates have a responsibility to step away and dissociate from the [unethical] 
activity. Inaction combined with continuing association with those involved in illegal 
or unethical conduct may be construed as participation or assistance in the illegal or 
unethical conduct.",,
Vikas Vohra,Ethical and Professional Standards,3,Guidance for Standards I–VII,132,"Recommended procedures for compliance with the Standard relating to 
responsibilities of supervisors include:",encouraging employers to provide a copy of the firm's code of ethics to clients.,"requiring firms to adopt the CFA Code of Ethics and Standards of Professional 
Conduct.","consolidating a code of ethics and specific policies and procedures to ensure 
compliance.",A,encouraging employers to provide a copy of the firm's code of ethics to clients.,"132. A is correct because under Standard IV(C), Responsibilities of Supervisors, 
members and candidates should encourage their employers to provide their codes to 
clients... the code of ethics will be effective in conveying that the firm is committed 
to conducting business in an ethical manner and in the best interests of the clients.",,
Vikas Vohra,Ethical and Professional Standards,4,Introduction to the Global Investment Performance Standards (GIPS),133,"According to the GIPS standards, verification must be performed:",with respect to an entire firm.,on specific composites of a firm.,by a firm’s compliance department.,A,with respect to an entire firm.,"133. A is correct because verification is performed with respect to an entire firm, not 
on specific composites or pooled funds.",,
Vikas Vohra,Ethical and Professional Standards,3,Guidance for Standards I–VII,134,"A member leaves her employer to start at a new firm. According to the Standards, 
at her new firm, the member is permitted to recreate supporting records of her work 
at her previous employer from:",memory.,sources obtained at the previous employer.,information provided directly by the covered company.,C,information provided directly by the covered company.,"134. C is correct because this is consistent with Standard V(C), Record Retention. For 
future use, the member or candidate must re-create the supporting records at the 
new firm with information gathered through public sources or directly from the 
covered company and not from memory or sources obtained at the previous employer.",,
Vikas Vohra,Ethical and Professional Standards,4,Introduction to the Global Investment Performance Standards (GIPS),135,"According to the GIPS standards, verification:",is performed on a firm-wide basis.,must be performed by a firm's compliance department.,ensures the accuracy of specific composite presentations.,A,is performed on a firm-wide basis.,"135. A is correct because verification is performed with respect to an entire firm, not 
on specific composites.",,
Vikas Vohra,Ethical and Professional Standards,4,Introduction to the Global Investment Performance Standards (GIPS),136,"Verification provides assurance that which of the following have been designed in 
compliance with the GIPS standards?",Only the calculation and presentation of the firm's performance.,Only the firm's policies related to composite and pooled fund maintenance.,"Both the calculation and presentation of the firm's performance, and the firm's 
policies related to composite and pooled fund maintenance.",C,"Both the calculation and presentation of the firm's performance, and the firm's 
policies related to composite and pooled fund maintenance.","136. C is correct because verification provides assurance on whether the firm’s policies 
and procedures related to composite and pooled fund maintenance, as well as the 
calculation, presentation, and distribution of performance, have been designed in 
compliance with the GIPS standards and have been implemented on a firm-wide basis.",,
Vikas Vohra,Ethical and Professional Standards,3,Guidance for Standards I–VII,137,"Sue Yong, CFA, is an analyst at a large investment firm. After thorough research, 
she issues a ""buy"" rating on a company and submits her report to her firm's 
investment committee for review. The committee disagrees with Yong's assumptions 
in the report. As a result, the report is changed to a ""neutral"" rating. The final report 
is issued and Yong agrees to leave her name on the report. Has Yong violated the 
Standards?",No.,"Yes, the Standard relating to loyalty, prudence, and care.","Yes, the Standard relating to diligence and reasonable basis.",A,No.,"137. A is Correct because according to Standard V (A), Diligence and Reasonable basis, 
Members and Candidates must:",,
Vikas Vohra,Ethical and Professional Standards,3,Guidance for Standards I–VII,138,"According to the Standard relating to independence and objectivity, which of the 
following is accurate? 
Statement 1: A member should encourage her firm to remove a covered company from 
a restricted list if the firm is unwilling to permit dissemination of an adverse opinion 
about the company. 
Statement 2: A member is prohibited from accepting benefits from corporate issuers 
in the form of allocation of shares in oversubscribed IPOs suitable for firm's clients.",Statement 1 only,Statement 2 only,Both Statement 1 and Statement 2,B,Statement 2 only,"138. B is correct because according to Standard I (B), Independence and Objectivity, 
one type of benefit is the allocation of shares in oversubscribed IPOs to investment 
managers for their personal accounts. This practice affords managers the 
opportunity to make quick profits that may not be available to their clients. Such a 
practice is prohibited under Standard I (B). Therefore, a member is prohibited from 
accepting benefits from corporate issuers in the form of allocation of shares in 
oversubscribed IPOs that are suitable for firm's clients. So, Statement 2 is 
accurate.",,
Vikas Vohra,Ethical and Professional Standards,3,Guidance for Standards I–VII,139,"Rita Melmo, CFA, is an analyst at a Greensky Investment (GI). On weekends, she 
works as a paid employee of a local charity where she negotiates purchase 
agreements. Melmo does not disclose the charity employment to GI. Melmo is asked 
to purchase a new truck for the charity and she negotiates a purchase agreement 
with a local truck dealership. In the purchase agreement, the charity is charged $500 
more than the truck's normal sale price. In return, Melmo receives retail vouchers 
worth $500 from the dealership for her private use. Melmo has most likely violated 
the Standards:",only by failing to disclose the charity employment to GI.,"only by negotiating a purchase agreement in which the charity is charged more 
than the truck's normal sale price. 
Ethical and Professional Standards 
Faculty: Vikas Vohra                                                                        Page 29 of 58","both by failing to disclose the charity employment to GI and by negotiating a 
purchase agreement in which the charity is charged more than the truck's normal 
sale price.",B,"only by negotiating a purchase agreement in which the charity is charged more 
than the truck's normal sale price. 
Ethical and Professional Standards 
Faculty: Vikas Vohra                                                                        Page 29 of 58","139. B is correct because according to Standard I (D), Misconduct, Members and 
Candidates must not engage in any professional conduct involving dishonesty, fraud, 
or deceit or commit any act that reflects adversely on their professional reputation, 
integrity, or competence. Overcharging the charity by any amount is fraud and 
reflects adversely on Melmo as an investment professional and potentially on her 
employer and the investment profession.",,
Vikas Vohra,Ethical and Professional Standards,3,Guidance for Standards I–VII,140,"According to the Standard relating to disclosure of conflicts, a member should:","reject a board position in a company on which the member's firm is planning to 
initiate a research report.","ensure that her firm discloses to clients any rebates received from the service 
fee some classes of mutual funds charge to investors.","place a company on a restricted list and issue factual information about the 
company if the member's firm holds options on the company's shares.",B,"ensure that her firm discloses to clients any rebates received from the service 
fee some classes of mutual funds charge to investors.","140. B is correct because according to Standard VI(A), Disclosure of Conflicts, equally 
important is the disclosure of arrangements in which the firm benefits directly from 
investment recommendations. An obvious conflict of interest is the rebate of a 
portion of the service fee some classes of mutual funds charge to investors. Members 
and candidates should ensure that their firms disclose such relationships so clients 
can fully understand the costs of their investments and the benefits received by 
their investment manager’s employer.",,
Vikas Vohra,Ethical and Professional Standards,3,Guidance for Standards I–VII,141,"Which of the following is a recommended procedure for compliance with the 
Standard relating to priority of transactions? 
Procedure 1: Members should disclose personal transactions relating to shares in 
their firm's research universe to clients upon request. 
Procedure 2: Members should establish blackout periods prior to trades for clients. 
Procedure 3: Members should treat fee-paying family accounts in which they have 
beneficial ownership in the same manner as they would treat their personal accounts.",Procedure 1,Procedure 2,Procedure 3,B,Procedure 2,"141. B is correct because according to Standard VI(B), Priority of Transactions, 
investment personnel involved in the investment decision-making process should 
establish blackout periods prior to trades for clients so that managers cannot take 
advantage of their knowl­edge of client activity by “front-running” client trades 
(trading for one’s personal account before trading for client accounts).",,
Vikas Vohra,Ethical and Professional Standards,3,Guidance for Standards I–VII,142,"Susana Garcia, CFA, is a widely respected analyst covering the transportation 
sector. She completes a new recommendation for a company. The next morning, she 
emails the recommendation to her firm's largest client. After lunch, she emails the 
recommendation to all other firm clients. One hour later, she calls the largest client 
to discuss the recommendation in detail. Garcia has violated the Standard relating to 
fair dealing:",only by calling the largest client to discuss the recommendation in detail.,"only by emailing the recommendation to the largest client prior to sending it to all 
other clients.","both by calling the largest client to discuss the recommendation in detail and by 
emailing the recommendation to the largest client prior to sending it to all other 
clients.",B,"only by emailing the recommendation to the largest client prior to sending it to all 
other clients.","142. B is correct because Garcia has violated Standard III (B), Fair Dealing, by 
disseminating the sell recommendation to her largest client before th e 
recommendation is sent to all clients. Each member or candidate is obligated to ensure 
that information is disseminated in such a manner that all clients have a fair 
opportunity to act on every recommendation. Garcia has not violated Standard III 
(B) by calling her largest client, since she widely disseminated the recommendation 
and provided the information to all her clients prior to discussing it with her largest 
client. Members and candidates should establish procedures for the timing of 
dissemination of investment recommendations so that all clients are treated fairly—
that is, are informed at approximately the same time. Once this distribution has 
occurred, the member or candidate may follow up separately with individual clients, 
                                                                         
 
but members and candidates should not give favored clients advance information 
when such advance notification may disadvantage other clients.",,
Vikas Vohra,Ethical and Professional Standards,3,Guidance for Standards I–VII,143,"In the absence of regulatory guidance or firm policies, CFA Institute recommends 
maintaining records for at least:",three years.,five years.,seven years.,C,seven years.,"143. C is correct because according to Standard V (C), Investment Analysis, 
Recommendations, and Actions - Record Retention, Local regulators often impose 
requirements on members, candidates, and their firms related to record retention 
that must be followed. Firms may also implement policies detailing the applicable time 
frame for retaining research and client communication records. Fulfilling such 
regulatory and firm requirements satisfies the requirements of Standard V(C). In 
the absence of regulatory guidance or firm policies, CFA Institute recommends 
maintaining records for at least seven years.",,
Vikas Vohra,Ethical and Professional Standards,3,Guidance for Standards I–VII,144,"The Standards require a member to inform which of the following parties of any 
benefit received for referrals of clients?",Only his employer.,Only his potential clients.,Both his employer and his potential clients.,C,Both his employer and his potential clients.,"144. C is correct because Standard VI (C), Referral Fees, states the responsibility of 
members and candidates to inform their employer, clients, and prospective clients of 
any benefit received for referrals of customers and clients.",,
Vikas Vohra,Ethical and Professional Standards,4,Introduction to the Global Investment Performance Standards (GIPS),145,"Asset managers are most likely required to do which of the following as part of 
their adherence to the GIPS standards?",Adhere to certain calculation methodologies,Only follow the minimum GIPS requirements at the time of composite creation,"Include all non-discretionary funds in at least one composite reflecting the 
investment mandate",A,Adhere to certain calculation methodologies,"145. A is correct because the GIPS standards rely on the integrity of input data, the 
quality of which is critical to creating accurate performance presentations. The 
underlying valuations of portfolio holdings drive performance. It is essential for 
these and other inputs to be accurate. The GIPS standards require firms to adhere 
to certain calculation methodologies to allow for comparability across firms.",,
Vikas Vohra,Ethical and Professional Standards,3,Guidance for Standards I–VII,146,"A member employed by an investment firm carries out research at the request of 
a client. The records of that research are the property of the:",client.,member.,investment firm.,C,investment firm.,"146. C is correct because, according to Standard V (C), Record Retention, records 
created as part of a member’s or candidate’s professional activity on behalf of his or 
her employer are the property of the firm.",,
Vikas Vohra,Ethical and Professional Standards,3,Guidance for Standards I–VII,147,"Ann Macharia, CFA, is an independent consultant hired by MK Investment (MKI) 
to review its proposal to manage a large pension fund. While reviewing a draft of the 
document, Macharia notices a large section of material has been added to the 
proposal by MKI's CIO. The additional material looks exactly like what Macharai 
wrote for a previous client, describing the client's proprietary investment process. 
Macharia is most likely required to:",remove the added material and report her suspicions to MKI.,"wait to say anything until the proposal is submitted to meet the conditions of her 
consulting contract.","confirm her client uses the same thorough investment process as described in the 
added material, and make a few minor changes.",A,remove the added material and report her suspicions to MKI.,"147. A is correct because the identical material reflected in her previous client's 
proposal belongs to that client, even though she wrote it on their behalf as their 
consultant. To use it in its identical format would be considered plagiarism. In 
addition, the description also identifies a proprietary process and is therefore not 
applicable to her existing client's investment process. Consequently, to prevent 
violating Standard I(C) Misrepresentation the material should be removed. The 
Standard states Members and Candidates must not knowingly make any 
misrepresentations relating to investment analysis, recommendations, actions, or 
other professional activities. Standard I(C) Misrepresentation prohibits plagiarism in 
the preparation of material for distribution to employers, associates, clients, 
prospects, or the general public. Macharia should also report the use of plagiarized 
material to the client so they can take action to prevent the event being repeated in 
the future (Standard I(A) Knowledge of the Law). Allowing the use of plagiarized 
material reflects poorly on a firm and can hurt their reputation.  By reporting to the 
client Macharia is also protecting the interests of her clients (Standard III(A) 
Loyalty, Prudence, and Care).",,
Vikas Vohra,Ethical and Professional Standards,4,Introduction to the Global Investment Performance Standards (GIPS),148,"Which of the following statements describe the key concepts of the GIPS 
standards? 
Statement 1: The GIPS standards are ethical standards to ensure full disclosure of 
investment performance. 
Statement 2: The GIPS standards require firms to maintain composites for all 
strategies for which the firm manages discretionary and nondiscretionary accounts. 
Statement 3: The GIPS standards address all aspects of performance measurement.",Statement 1,Statement 2,"Statement 3 
 
 
 
 
                                                                         
 
Solutions",A,Statement 1,"148. A is correct. GIPS standards are ethical standards for investment performance 
presentation to ensure fair representation and full disclosure of investment 
performance. So, Statement 1 is a key concept of the GIPS standards. 
Quantitative Methods: Practice Pack 

candidates for practice purpose.",,
Vikas Vohra,Ethical and Professional Standards,1,Ethics and Trust in the Investment Profession,1,Which of the following factors is not used in the calculation of a confidence interval?,Point estimate,Sampling error,Reliability factor,A,Point estimate,"1. A is correct. CFA charterholders and candidates must place the integrity of the 
investment profession and the interests of clients above their own personal interests.",,
Vikas Vohra,Ethical and Professional Standards,1,Ethics and Trust in the Investment Profession,2,"An analyst performs a simple linear regression of a stock's monthly return on the 
monthly return of a market index (both in %) and gathers the following information: 
 
The 95% prediction interval for the stock's monthly return, given that the 
forecasted monthly return on the index is 3.5%, is closest to:",0.7% to 6.3%.,1.9% to 7.5%.,3.3% to 6.1%.,B,1.9% to 7.5%.,"2. B is correct. A profession is practiced by members who share and agree to adhere to 
a common code of ethics, and a profession is based on a specialized knowledge and 
skills and service to others.",,
Vikas Vohra,Ethical and Professional Standards,1,Ethics and Trust in the Investment Profession,3,"An investor purchases a stock for $100. Immediately after receiving a dividend of 
$7, the investor sells the stock for $107. The holding period return of the investment 
is closest to:",0%.,7%.,14%.,B,7%.,"3. B is correct. Most societies acknowledge the ethical principles of honesty, fairness 
or justice, diligence, and respect for the rights of others. Duplicity or deception 
would be in violation of most ethical principles.",,
Vikas Vohra,Ethical and Professional Standards,1,Ethics and Trust in the Investment Profession,4,"For a sample of 50 observations, in which of the following situations is a 
nonparametric test least likely to be appropriate? The data:",contain outliers.,are given in ranks.,come from a population with a lognormal distribution.,A,contain outliers.,"4. A is correct as members and candidates must self-disclose on the annual Professional 
Conduct Statement all matters that question their professional conduct, such as 
involvement in civil litigation or a criminal investigation or being the subject of a 
written complaint.",,
Vikas Vohra,Ethical and Professional Standards,1,Ethics and Trust in the Investment Profession,5,"Which of the following test statistics is most appropriate for a hypothesis test 
concerning the mean difference between two normally distributed populations?",t-statistic,F-statistic,Chi-square statistic,A,t-statistic,"5. A is correct as soliciting the bank’s client did not violate Standard IV(A)–Loyalty 
because the manager is no longer an employee of the bank and there is no indication 
she obtained the client information from bank sources. The member, however, has 
violated Standard V(C)–Record Retention, because when she left the bank she took 
the property of the bank without express permission to do so. In addition, the analyst 
violated Standard I(C)–Misrepresentation by creating research materials without 
attribution, which is demonstrated when the manager adds to the new report a real 
estate study she saw in the Wall Street Journal, referencing the Journal only. In all 
instances, a member or candidate must cite the actual source of the information. If 
she does not obtain the report and review the information, the manager runs the risk 
of relying on second-hand information that may misstate facts. Best practice would 
be either to obtain the complete study from its original author and cite only that 
author or to use the information provided by the intermediary and cite both sources.",,
Vikas Vohra,Alternative Investments,7,Introduction to Digital Assets,9,A leveraged loan is best defined as a loan:,that is itself levered.,to mature companies in financial difficulty.,that comes with warrants or conversion rights.,A,that is itself levered.,"9. A is correct because a leveraged loan is a loan that is itself levered. Private debt 
firms that invest in leveraged loans first borrow money to finance the debt and then 
extend it to another borrower. By using leverage, a private debt firm can enhance 
the return on its loan portfolio.",,
Vikas Vohra,Alternative Investments,3,Investments in Private Capital: Equity and Debt,10,"From the perspective of a private equity firm, an advantage of exiting a portfolio 
company through a special purpose acquisition company (SPAC) most likely include:",floating valuation.,flexibility of the transaction structure.,lower deal risk due to restrictions on redemptions.,B,flexibility of the transaction structure.,"10. B is correct because advantages of a SPAC exit include:  
a. extended time for public disclosure on company prospects to build investor 
interest, 
b. fixed valuation with lower volatility of share pricing, 
c. flexibility of transaction structure to best suit the company’s context, and 
d. association with potentially high-profile and seasoned sponsors and their 
extensive investor network.",,
Vikas Vohra,Alternative Investments,3,Investments in Private Capital: Equity and Debt,11,"With respect to private equity, the growth capital strategy is also known as:",venture capital.,recapitalization.,minority equity investing.,C,minority equity investing.,"11. C is correct because among several other specialties, some private equity firms 
specialize in growth capital, also known as growth equity or minority equity investing. 
Growth capital generally refers to minority equity investments, whereby the firm 
takes a less-than-controlling interest in more mature companies that are looking for 
capital to expand or restructure operations, enter new markets, or finance major 
acquisitions.",,
Vikas Vohra,Alternative Investments,3,Investments in Private Capital: Equity and Debt,12,"Which of the following hedge fund investments require the highest level of scrutiny 
and due diligence?",Level 1 assets,Level 2 assets,Level 3 assets,C,Level 3 assets,"12. C is correct because any investment vehicle that is heavily involved with Level 3–
priced assets deserves increased scrutiny and due diligence. The following is a 
methodology that involves the categorization of investments into three buckets: 
Level 1, 2, and 3 asset pricing. Level 3 asset values are computed using only internal 
models when outsider broker (Level 2) quotes are not available or not reliable.",,
Vikas Vohra,Alternative Investments,6,Hedge Funds,13,Hedge funds are most likely to place restrictions on:,redemptions.,the use of leverage.,the use of derivatives.,A,redemptions.,"13. A is correct because alternative investments often have many of the following 
characteristics. Restrictions on redemptions (i.e., 'lockups' and 'gates'). As such, 
restrictions on redemptions are typically imposed [by hedge funds]. Investors may be 
required to keep their money in the hedge fund for a minimum period (referred to as 
a lockup period) before they are allowed to make withdrawals or redeem shares. 
Investors may be required to give notice of their intent to redeem; the notice period 
is typically 30–90 days. To redeem shares, investors may be charged a fee, typically 
payable to the fund itself (rather than the manager) so as not to disadvantage 
remaining investors in the fund, particularly in circumstances where the redemption 
takes place during the lockup period.",,
Vikas Vohra,Alternative Investments,3,Investments in Private Capital: Equity and Debt,14,Crude oil is categorized as:,a soft commodity.,a hard commodity.,neither a soft commodity nor a hard commodity.,B,a hard commodity.,"14. B is correct because commodities are considered either 'hard' (those mined, such as 
copper, or extracted, such as oil) or 'soft' (those grown over a period of time, such 
as livestock, grains, and cash crops, such as coffee).",,
Vikas Vohra,Alternative Investments,3,Investments in Private Capital: Equity and Debt,15,"Compared with direct investing, co-investing in alternative investments most likely 
offers:",reduced control over the investment selection process.,the same level of control over the investment selection process.,higher control over the investment selection process.,A,reduced control over the investment selection process.,"15. A is correct because co-investing offers reduced control over the investment 
selection process compared with direct investing.",,
Vikas Vohra,Alternative Investments,1,"Alternative Investment Features, Methods, and Structures",16,"Which of the following methods of investing in alternative investments provides the 
most flexibility to the investor?",Co-investing,Fund investing,Direct investing,C,Direct investing,"16. C is correct because direct investing allows the investor to build a portfolio of 
investments to her exact requirements. Direct investing provides the greatest 
amount of flexibility for the investor and grants the highest level of control over how 
the asset is managed.",,
Vikas Vohra,Alternative Investments,3,Investments in Private Capital: Equity and Debt,17,Which of the following is best classified as a commodity?,Livestock,Timberland,Agricultural land,A,Livestock,"17. A is correct because commodity investments may involve investing in actual physical 
commodities or in producers of commodities. Commodities are considered either 
'hard' (those mined, such as copper, or extracted, such as oil) or 'soft' (those grown 
over a period of time, such as livestock, grains, and cash crops, such as coffee).",,
Vikas Vohra,Alternative Investments,4,Real Estate and Infrastructure,18,Investors in greenfield infrastructure projects typically:,rely on the assets' financial and operating history.,invest alongside strategic investors or developers.,have lower development risk than investors in brownfield projects.,B,invest alongside strategic investors or developers.,"18. B is correct because greenfield investors typically invest alongside strategic 
investors or developers who specialize in developing the underlying assets.",,
Vikas Vohra,Alternative Investments,6,Hedge Funds,19,"An analyst gathers the following information about a hedge fund: 
 
The incentive fee (in $ millions) based on returns net of management fees is closest 
to:",7.2.,13.0.,14.7.,A,7.2.,"19. A is correct because End-of-year AUM = $500 million × 22% = $610 million. 
 
Management fee = $610 million × 2% = $12.2 million. 
 
The hurdle rate is a minimum rate of return, typically 8%, that the GP must exceed 
in order to earn the performance fee. GPs typically receive 20% of the total profit 
of the private equity fund net of any hard hurdle rate, in which case the GP earns 
fees on annual returns in excess of the hurdle rate, or net of the soft hurdle rate, in 
which case the fee is calculated on the entire annual gross return as long as the set 
hurdle is exceeded. 
 
Hard hurdle = $500 million × 10% = $50 million. 
 
Incentive fee (based on returns net of management fees) = ($610 million – $500 
million – $50 million – $12.2 million) × 15% = $47.8 million × 15% = $7.17 million ≈ $7.2 
million.",,
Vikas Vohra,Alternative Investments,6,Hedge Funds,20,"A hedge fund strategy that seeks to influence a company's policies through the 
purchase of equity is best described as a(n):",activist strategy.,market-neutral strategy.,merger arbitrage strategy.,A,activist strategy.,"20. A is correct because event-driven strategies, which include ""activist"", seek to profit 
from defined catalyst events, typically those that involve changes in corporate 
structure, such as an acquisition or restructuring. In activist strategies, hedge fund 
managers secure sufficient equity holdings to allow them to influence a company’s 
policies or direction. The hedge fund manager thus tries to create his or her own 
catalyst, influencing the investment’s ultimate destiny by creating a desired 
corporate outcome.",,
Vikas Vohra,Alternative Investments,6,Hedge Funds,21,Event-driven hedge fund strategies are most likely:,long biased.,based on 'top-down' analysis.,exploiting short-term pricing discrepancies between two related securities.,A,long biased.,"21. A is correct because event-driven strategies tend to be long biased, with merger 
arbitrage having the least bias.",,
Vikas Vohra,Alternative Investments,4,Real Estate and Infrastructure,22,Which of the following are best categorized as social infrastructure assets?,Airports,Correctional facilities,Telecommunication towers,B,Correctional facilities,"22. B is correct because infrastructure investments are frequently categorized on the 
basis of the underlying assets. The broadest categorization organizes investments 
into economic and social infrastructure assets. ... Social infrastructure assets are 
directed toward human activities and include such assets as educational, health care, 
social housing, and Correct ional facilities, with the focus on providing, operating, and 
maintaining the asset infrastructure.",,
Vikas Vohra,Alternative Investments,3,Investments in Private Capital: Equity and Debt,23,Which of the following statements is most accurate? Alternative investments:,tend to be more efficiently priced than traditional investments.,"fall outside of the definition of long-only positions in stocks, bonds, and cash.",have relatively high correlation of returns with those of traditional investments.,B,"fall outside of the definition of long-only positions in stocks, bonds, and cash.","23. B is correct because investing in alternative assets can require handling illiquidity, 
transacting on private markets, operating sophisticated investment strategies, or 
risk–return profiles that are very different from those of traditional long -only 
investments.",,
Vikas Vohra,Alternative Investments,6,Hedge Funds,24,"An analyst gathers the following information about a hedge fund: 
• $200 million in assets under management at the beginning of year 
• a 2% management fee based on year-end assets under management 
• a 20% incentive fee calculated net of the management fee 
If the fund's gross return is 25% during the year, the total fees earned by the fund 
manager are:",$11 million.,$14 million.,$15 million.,B,$14 million.,"24. B is correct because it calculates the incentive fee net of the management fee. That 
is, the total fee is the sum of the management fee of $5 million ($250 million AUM 
times 0.02) and the incentive fee of $9 million ($250 million less $200 million less 
the $5 million incentive times 0.20), which is $14 million.",,
Vikas Vohra,Alternative Investments,6,Hedge Funds,25,Management fees are most likely based on assets under management for:,hedge funds only.,private equity funds only.,both hedge funds and private equity funds.,A,hedge funds only.,"25. A is correct because funds are generally structured with a management fee typically 
ranging from 1% to 2% of assets under management (e.g. for hedge funds) or 
committed capital (e.g. private equity funds), which is how much money in total that 
LP's have committed to the fund's future investments.",,
Vikas Vohra,Alternative Investments,6,Hedge Funds,26,"A leveraged private investment vehicle that employs both long and short positions is 
most likely a:",hedge fund.,private equity fund.,venture capital fund.,A,hedge fund.,"26. A is correct because hedge funds are private investment vehicles that manage 
portfolios of securities and/or derivative positions using a variety of strategies. 
Although hedge funds may be invested entirely in traditional assets, these vehicles 
are considered alternative because of their private nature. Hedge funds typically 
have more leeway to pursue investments and strategies offering the potential for 
higher returns, whether absolute or compared with a specific market benchmark, but 
these strategies may increase the risk of investment loss. They may involve long and 
short positions and may be highly leveraged.",,
Vikas Vohra,Alternative Investments,6,Hedge Funds,27,"A feature that protects hedge fund clients from paying twice for the same 
performance is most likely a:",discount.,hurdle rate.,high-water mark.,C,high-water mark.,"27. C is correct because in hedge funds, fee calculations also take into account a high-
water mark, which reﬂects the highest value used to calculate an incentive fee. A 
high-water mark is the highest value of the fund investment ever achieved at a 
performance fee crystallization date, net of fees, by the individual LP. A high-water 
mark clause states that a hedge fund manager must recuperate declines in value from 
the high-water mark before performance fees can be charged on newly generated 
profits. The use of high-water marks protects clients from paying twice for the same 
performance.",,
Vikas Vohra,Alternative Investments,2,Alternative Investment Performance and Returns,28,A joint venture is an alternative investment structure that is most likely used for:,infrastructure investment.,private equity investment.,real estate direct investment.,C,real estate direct investment.,"28. C is correct because in real estate fund investing, investors may be classified as unit 
holders, and joint ventures are a partnership structure common in real estate direct 
investing.",,
Vikas Vohra,Alternative Investments,1,"Alternative Investment Features, Methods, and Structures",29,"Regarding distribution methods in alternative investments, which of the following is 
most advantageous to the limited partners? A(n):",American waterfall.,deal-by-deal waterfall.,whole-of-fund waterfall.,C,whole-of-fund waterfall.,"29. C is correct because in whole-of-fund (European) waterfalls, all distributions go to 
the LPs as deals are exited and the GP does not participate in any profits until the 
LPs receive their initial investment and the hurdle rate has been met. In contrast to 
deal-by-deal (American) waterfalls, whole-of-fund waterfalls occur at the aggregate 
fund level and are more advantageous to the LPs.",,
Vikas Vohra,Alternative Investments,6,Hedge Funds,30,"Which of the following hedge fund mechanisms is most likely used to impose a 
temporary restriction on redemptions if needed?",Gate,Notice period,Lockup period,A,Gate,"30. A is correct because in addition to lockup periods, funds sometimes impose a gate, 
which limits or restricts redemptions for a period of time.",,
Vikas Vohra,Alternative Investments,4,Real Estate and Infrastructure,31,Which of the following infrastructure investments most likely have the highest risk?,Brownfield investments with the majority of their return from current yield.,"Brownfield investments with the majority of their return from capital 
appreciation.","Greenfield investments with the majority of their return from capital 
appreciation.",C,"Greenfield investments with the majority of their return from capital 
appreciation.","31. C is correct because infrastructure funds with a higher -risk profile invest in 
Greenfield projects without guarantees of demand upon completion and with high 
weighting to capital appreciation. Investing in infrastructure assets that are to be 
constructed is generally referred to as greenfield investment. Greenfield 
investments are early-stage investments with a higher-risk profile.",,
Vikas Vohra,Alternative Investments,1,"Alternative Investment Features, Methods, and Structures",32,"Which of the following methods of investing in alternative investments requires the 
least amount of investment expertise?",Co-investing,Fund investing,Direct investing,B,Fund investing,"32. B is correct because one of the advantages of fund investing is that it provides access 
to alternative investments without possessing a high degree of investment expertise.",,
Vikas Vohra,Alternative Investments,4,Real Estate and Infrastructure,33,"The benefits of adding investments in infrastructure assets to a portfolio most likely 
include:",inflation protection only.,low correlation with existing portfolio assets only.,both inflation protection and low correlation with existing portfolio assets.,C,both inflation protection and low correlation with existing portfolio assets.,"33. C is correct because investing in infrastructure may add an income stream, increase 
portfolio diversification by adding an asset class with typically low correlation with 
existing investments, and offer some protection against inflation. Low exposure to 
short-term GDP growth issues may also be a factor.",,
Vikas Vohra,Alternative Investments,2,Alternative Investment Performance and Returns,34,"In co-investing, the investor invests in alternative assets indirectly through a fund 
but also has the:",right to invest directly in the same assets alongside the fund.,obligation to invest directly in the same assets alongside the fund.,right to invest in the general partner's fund management company.,A,right to invest directly in the same assets alongside the fund.,"34. A is correct because in co-investing, the investor invests in assets indirectly through 
the fund but also possesses rights (known as co-investment rights) to invest directly 
in the same assets. Through co-investing, an investor is able to make an investment 
alongside a fund when the fund identifies deals; the investor is not limited to 
participating in the deal solely by investing in the fund.",,
Vikas Vohra,Alternative Investments,4,Real Estate and Infrastructure,35,A disadvantage of direct real estate investing is:,a lack of control.,unfavorable tax rules.,the time required to manage the property.,C,the time required to manage the property.,"35. C is correct because major disadvantages to investing directly [in real estate] include 
extensive time required to manage the property. The owner may choose to handle all 
aspects of investing in and operating the property, including property selection, asset 
management, property management, leasing, and administration.",,
Vikas Vohra,Alternative Investments,3,Investments in Private Capital: Equity and Debt,36,"Which of the following statements about private debt is most accurate? Mezzanine 
debt:",is subordinated to equity in a borrower's capital structure.,is less risky than senior secured debt issued by the same company.,"may include additional features such as warrants to provide equity participation 
to lenders.",C,"may include additional features such as warrants to provide equity participation 
to lenders.","36. C is correct because mezzanine debt often comes with additional features, such as 
warrants or conversion rights, which provide equity participation to 
lenders/investors, meaning they have the option of converting their debt into equity 
or purchasing the equity of the underlying borrower under certain circumstances.",,
Vikas Vohra,Alternative Investments,3,Investments in Private Capital: Equity and Debt,37,"Which of the following statements about private equity performance evaluation is 
most accurate?",Private equity fund management fees are based on capital called.,Cash flows are frequently described in terms of the J-curve effect.,Managers have no discretion on the timing of the distribution of proceeds.,B,Cash flows are frequently described in terms of the J-curve effect.,"37. B is correct because private equity investments generally involve an initial capital 
commitment, but actual capital flows often lag that commitment because capital 
                                                                         
 
'calls' are staggered over substantive periods of time. Private equity returns are 
frequently described in terms of the J-curve effect.",,
Vikas Vohra,Alternative Investments,3,Investments in Private Capital: Equity and Debt,38,"Which of the following is most likely a primary exit strategy for a company held by a 
private equity fund's portfolio?",IPO,Management buy-in,Management buyout,A,IPO,"38. A is correct because key private equity investment strategies include leveraged 
buyouts (e.g., MBOs and MBIs) and venture capital. Primary exit strategies include 
trade sale, IPO, and recapitalization.",,
Vikas Vohra,Alternative Investments,6,Hedge Funds,39,"A hedge fund that seeks to profit from a view on overall market direction as 
influenced by economic trends best describes a:",macro hedge fund.,multi-strategy hedge fund.,market-neutral hedge fund.,A,macro hedge fund.,"39. A is correct because macro hedge funds use long and short positions to profit from 
a view on the overall direction of the market as it is inﬂuenced by major economic 
trends and events.",,
Vikas Vohra,Alternative Investments,4,Real Estate and Infrastructure,40,Which of the following is best categorized as core real estate?,A high-quality office building in a rural area,A low-quality office building in a major urban center,A high-quality office building in a major urban center,C,A high-quality office building in a major urban center,"40. C is correct because open-end funds generally offer exposure to core real estate, 
characterized by well-leased, high-quality institutional real estate in the best 
markets. Investors expect core real estate to deliver stable returns, primarily from 
income.",,
Vikas Vohra,Alternative Investments,3,Investments in Private Capital: Equity and Debt,41,"Compared with fund investing in alternative investments, the co-investing method 
most likely has:",lower management fees.,the same level of management fees.,higher management fees.,A,lower management fees.,"41. A is correct because one of the advantages of co-investing is that it has reduced 
management fees. In co-investing, investors co-invest an additional amount into that 
same investment often without paying management fees on the capital they used for 
the direct investment (a co-investment, in this case).",,
Vikas Vohra,Alternative Investments,6,Hedge Funds,42,Which of the following is best described as a relative value hedge fund strategy?,Short biased,Special situations,Convertible bond arbitrage,C,Convertible bond arbitrage,"42. C is correct because relative value funds seek to profit from a pricing discrepancy 
between related securities based on an unusual short -term relationship. The 
expectation is that the discrepancy will be resolved over time. Examples of relative 
value strategies include the following: Convertible bond arbitrage. This conceptually 
market-neutral investment strategy seeks to exploit a perceived mispricing between 
a convertible bond and its component parts—namely, the underlying bond and the 
embedded stock option—relative to the pricing of a reference equity into which the 
bond may someday convert. The strategy typically involves buying convertible debt 
securities and simultaneously selling a certain amount of the same issuer’s common 
stock. As this type of strategy seeks to profit from a pricing discrepancy (an unusual 
short-term relationship) between related securities, it is best described as a relative 
value strategy.",,
Vikas Vohra,Alternative Investments,4,Real Estate and Infrastructure,43,Which of the following statements about real estate assets is most accurate?,Real estate assets are heterogeneous,Commercial property represents the majority of real estate assets by value,Private real estate has historically had high correlations with other asset classes,A,Real estate assets are heterogeneous,"43. A is correct because real estate property has some unique features, including 
heterogeneity (no two properties are identical) and fixed location.",,
Vikas Vohra,Alternative Investments,6,Hedge Funds,44,Which of the following hedge funds most likely have a beta close to zero?,Short-biased funds,Market-neutral funds,Fundamental long/short growth funds,B,Market-neutral funds,"44. B is correct because the hedge fund takes long positions in securities identified as 
undervalued and short positions in overvalued securities. The hedge fund tries to 
maintain a net position that is neutral with respect to market risk and other risk 
factors (size, industry, momentum, value, etc.). Ideally, the portfolio has an overall 
beta of approximately zero.",,
Vikas Vohra,Alternative Investments,6,Hedge Funds,45,"A hedge fund has the following characteristics: 
 

                                                                         
 
If the performance fee is calculated net of the management fee and there were no 
capital contributions or withdrawals, the net annual return to the investor is closest 
to:",16.3%.,16.4%.,16.5%.,B,16.4%.,"45. B is correct because the hurdle rate is a minimum rate of return, typically 8%, that 
the GP must exceed in order to earn the performance fee. GPs typically receive 20% 
                                                                         
 
of the total profit of the private equity fund net of any hard hurdle rate, in which 
case the GP earns fees on annual returns in excess of the hurdle rate, or net of the 
soft hurdle rate, in which case the fee is calculated on the entire annual gross return 
as long as the set hurdle is exceeded. 
 
Management fee = $100 million × 120% × 1% = $1.200 million. 
 
Performance fee = [($100 million × 20%) – ($100 million × 3%) − $1.200 million)] × 15% 
= $2.370 million. 
 
Total fee = $1.200 million + $2.370 million = $3.570 million. 
 
Investor return = ($20 – $3.570) / $100 = 16.430% ≈ 16.4%.",,
Vikas Vohra,Alternative Investments,6,Hedge Funds,46,"An analyst collects the following information about a hedge fund: 
 
If the incentive fee is calculated on returns in excess of a 6% hurdle rate, total 
annual fees earned by the fund manager are closest to:","$34,800,000.","$70,800,000.","$78,000,000.",B,"$70,800,000.","46. B is correct because the hurdle rate is a minimum rate of return, typically 8%, that 
the GP must exceed in order to earn the performance fee. GPs typically receive 20% 
of the total profit of the private equity fund net of any hard hurdle rate, in which 
case the GP earns fees on annual returns in excess of the hurdle rate, or net of the 
soft hurdle rate, in which case the fee is calculated on the entire annual gross return 
as long as the set hurdle is exceeded. 
 
The management fee is calculated as $1,500,000,000 × (1 + 20%) × 2% = $36,000,000 
and the incentive fee is calculated as [$1,800,000,000 − $1,500,000,000 – 
($1,500,000,000 × 6%) − $36,000,000] × 20% = $34,800,000. Therefore, the total 
fees earned by the manager are $36,000,000 + $34,800,000 = $70,800,000.",,
Vikas Vohra,Alternative Investments,6,Hedge Funds,47,"What is the most likely effect of a redemption fee on the returns of the remaining 
investors in a hedge fund? A redemption fee:",reduces investor returns.,has no effect on investor returns.,enhances investor returns.,C,enhances investor returns.,"47. C is correct because the fee increases the value of the hedge fund by the fee amount. 
A redemption fee may be charged, typically payable to the fund itself (rather than 
the manager). This is to protect remaining investors in the fund, particularly in 
circumstances where the redemption takes place during the lockup period. This 
characteristic is called a soft lockup, and it offers a path (albeit an expensive one) 
to redeem early.",,
Vikas Vohra,Alternative Investments,5,Natural Resources,48,"If a commodity's storage cost is equal to its convenience yield, its futures prices will 
be greater than its spot price if the risk-free rate is:",negative.,zero.,positive.,C,positive.,"48. C is correct because the futures price can be formalized in the following form: 
Futures price ≈ Spot price(1 + r) + Storage costs − Convenience yield, where r is the 
period's short-term risk-free interest rate. Thus, if Storage costs = Convenience 
yield, then Futures price ≈ Spot price(1 + r), from which Futures price > Spot price if 
r > 0.",,
Vikas Vohra,Alternative Investments,6,Hedge Funds,49,"An analyst gathers the following information about a hedge fund: 
 
If the incentive fee is based on returns net of management fees, total fees for the 
year are closest to:",€6.8 million.,"€7.5 million. 

Alternative Investments: Practice Pack 
Faculty: Vikas Vohra                                                                        Page 8 of 18",€8.8 million.,A,€6.8 million.,"49. A is correct because the partnership agreement usually specifies that the 
performance fee is earned only after the fund achieves a return known as a hurdle 
rate. The hurdle rate is a minimum rate of return, typically 8%, that the GP must 
exceed in order to earn the performance fee. GPs typically receive 20% of the total 
profit of the private equity fund net of any hard hurdle rate, in which case the GP 
earns fees on annual returns in excess of the hurdle rate, or net of the soft hurdle 
                                                                         
 
rate, in which case the fee is calculated on the entire annual gross return as long as 
the set hurdle is exceeded. 
 
AUM at year-end = €200 million × 115% = €230 million. 
 
Management fee = €230 million × 1.5% = €3.45 million. 
 
The incentive fee is calculated net of management fees and there is also a hard hurdle 
rate. Accordingly, Incentive fee = (€230 million – €200 million – €3.45 million – €10 
million) × 20% = €16.55 million × 20% = €3.31 million; where hard hurdle = €200 million 
× 5% = €10 million.",,
Vikas Vohra,Alternative Investments,3,Investments in Private Capital: Equity and Debt,50,"In the private debt market, venture debt:",entails buying the debt of mature companies in financial difficulty.,provides capital to early-stage companies that may be generating little cash flow.,"entails buying the debt of mature companies in financial difficulty and provides 
capital to early-stage companies that may be generating little cash flow.",B,provides capital to early-stage companies that may be generating little cash flow.,"50. B is correct because this is the definition of venture debt. Venture debt is private 
debt funding that provides venture capital backing to start -up or early-stage 
companies that may be generating little or negative cash flow.",,
Vikas Vohra,Alternative Investments,5,Natural Resources,51,Timberland investments offer:,an income stream only.,the potential for capital gain only.,both an income stream and the potential for capital gain.,C,both an income stream and the potential for capital gain.,"51. C is correct because timberland investment involves ownership of raw land and the 
harvesting of its trees for lumber, thus generating an income stream and the 
potential for capital gain.",,
Vikas Vohra,Alternative Investments,4,Real Estate and Infrastructure,52,"Which of the following real estate investing strategies is most likely to focus on 
modest redevelopment or upgrades, the leasing of vacant space, and the repositioning 
of underlying properties to earn a higher return?",Core-plus,Value-add,Opportunistic,B,Value-add,"52. B is correct because value-add investments may require modest redevelopment or 
upgrades, the leasing of vacant space, or repositioning the underlying properties to 
earn a higher return than core properties.",,
Vikas Vohra,Alternative Investments,5,Natural Resources,53,"All else being equal, when a commodity futures market is in contango, the forward 
curve is most likely:",downward sloping.,flat.,upward sloping.,C,upward sloping.,"53. C is correct because when futures prices are higher than the spot price, the 
commodity forward curve is upward sloping, and the prices are referred to as being 
in contango.",,
Vikas Vohra,Alternative Investments,4,Real Estate and Infrastructure,54,"With respect to infrastructure investments, a take-or-pay arrangement is most likely 
used to mitigate:",demand risk.,operational risk.,construction risk.,A,demand risk.,"54. A is correct because take-or-pay arrangements, where payments are based upon the 
availability rather than the use of an asset, are used to mitigate demand/volume risk.",,
Vikas Vohra,Alternative Investments,2,Alternative Investment Performance and Returns,55,Which of the following is most appropriately categorized as a traditional investment?,Gold,Cash,Real estate,B,Cash,"55. B is correct because alternative investments' is a label for a disparate group of 
investments that are distinguished from long-only, publicly traded investments in 
stocks, bonds, and cash (often referred to as traditional investments).",,
Vikas Vohra,Alternative Investments,4,Real Estate and Infrastructure,56,Which of the following is most likely a characteristic of private real estate markets?,Transaction costs are high,Private market indexes are investable,"It is easy for small investors to establish a diversified portfolio of wholly owned 
properties",A,Transaction costs are high,"56. A is correct because, for private real estate markets, transaction costs are high.",,
Vikas Vohra,Alternative Investments,1,"Alternative Investment Features, Methods, and Structures",57,Alternative investments:,"include tangible assets only. 
Alternative Investments: Practice Pack 
Faculty: Vikas Vohra                                                                        Page 9 of 18",include intangible assets only.,may include both tangible and intangible assets.,C,may include both tangible and intangible assets.,"57. C is correct because alternative Investments into three categories and several 
subcategories as follows: 1. Private Capital 2. Real Assets 3. Hedge Funds. Other “real 
asset” investments may include tangible assets, such as fine wine, art, antique 
furniture and automobiles, stamps, coins, and other collectibles, and intangible assets, 
such as patents and litigation actions.",,
Vikas Vohra,Alternative Investments,3,Investments in Private Capital: Equity and Debt,58,"In alternative investments, a clawback provision represents the right of:",limited partners to reclaim performance losses.,the general partner to reclaim part of limited partners' distributions.,limited partners to reclaim part of the general partner's performance fee.,C,limited partners to reclaim part of the general partner's performance fee.,"58. C is correct because if a general partner (GP) accrues an incentive fee on gains not 
yet fully realized and then subsequently gives back those gains, a limited partner (LP) 
                                                                         
 
may claw back prior incentive fee payments. A clawback provision reflects the right 
of LPs to reclaim part of the GP’s performance fee.",,
Vikas Vohra,Alternative Investments,6,Hedge Funds,59,"Which of the following is the most conservative approach to valuing a hedge fund's 
underlying positions?",Using bid prices for long positions and ask prices for short positions,Using bid prices for short positions and ask prices for long positions,Using the average of the bid and ask prices for both long and short positions,A,Using bid prices for long positions and ask prices for short positions,"59. A is correct because, when market prices or quotes are used for valuation, funds may 
differ in which price or quote they use (bid price, ask price, average quote, or median 
quote). A more conservative and accurate approach is to use bid prices for long 
positions and ask prices for short positions because these are more realistic prices 
at which the positions could be closed. However, some managers use a simplifying 
approach whereby they take the average of the bid and the ask; this approach is not 
as accurate and could be misleading.",,
Vikas Vohra,Alternative Investments,3,Investments in Private Capital: Equity and Debt,60,"All else being equal, which of the following types of private debt is most likely to have 
the lowest level of risk?",Mezzanine debt,Unitranche debt,Infrastructure debt,C,Infrastructure debt,"60. C is correct because, as a junior form of subordinated debt, mezzanine private debt 
offers higher growth potential, equity upside, and higher risk, with the comparatively 
highest returns. Infrastructure debt is senior and poses the lowest risk, as compared 
to unitranche debt and mezzanine debt.",,
Vikas Vohra,Alternative Investments,6,Hedge Funds,61,"An analyst gathers the following information about a hedge fund: 
 
An investor's net return is:",13.60%.,14.08%.,"14.40%. 
 
 
 
 
 
 
 
 
 
 
 
 

                                                                         
 
Solutions",B,14.08%.,"61. B is correct because: 
 
$60 million × 2% = $1.2 million management fee. 
 
($60 – $50 – $1.2) million × 20% = $1.76 million incentive fee. 
 
Total fees = $2.96 million. 
 
Investor return = ($60 – $50 – $2.96)/$50 million = 14.08%. 
Equity Investments: Practice Pack 

candidates for practice purpose.",,
Vikas Vohra,Alternative Investments,3,Investments in Private Capital: Equity and Debt,1,"A firm reports negative earnings for the year just ended. The price multiple of the 
firm’s stock that is least likely to be meaningful is:",trailing price to earnings.,price to cash flow.,leading price to earnings.,A,trailing price to earnings.,"1. A is correct because decentralized exchanges lack a centralized control mechanism 
and operate on a distributed platform without central coordination or control. This 
comes with the benefit that should one of the computers on the network be attacked, 
the exchange remains operational since there are numerous other computers that 
continue to operate on the network. That is why attacking decentralized exchanges 
is substantially more difficult, rendering such attacks almost certain to fail. However, 
for a centralized exchange, trading is hosted on private servers, exposing the 
centralized exchanges and their clients to security vulnerabilities. Should the 
exchange's servers become compromised, the entire system may become paralyzed, 
halting trade, and leaking vital user information. Hence, decentralized exchanges are 
less susceptible to attacks from hackers. Moreover, decentralized exchanges are 
difficult to regulate because no single individual, organization, or group controls the 
system. This means that those trading on decentralized exchanges are generally free 
to transact without any regulatory scrutiny. However, some [centralized] exchanges 
are regulated, and depending on jurisdiction, these exchanges may be regulated as 
financial exchanges or other types of financial intermediaries. Hence, decentralized 
exchanges are less likely to be regulated.",,
Vikas Vohra,Alternative Investments,1,"Alternative Investment Features, Methods, and Structures",2,Which of the following dates in the dividend chronology can fall on a weekend?,The payment date.,The record date.,The ex-date.,A,The payment date.,"2. A is correct because digital asset investment can take the form of direct investment 
on the blockchain or indirect investments. Direct ownership of bitcoin and other  
cryptocurrencies involves the use of a cryptocurrency wallet, which stores the (public 
and private) digital codes required to access the asset on a computer website or 
mobile device application.",,
Vikas Vohra,Alternative Investments,1,"Alternative Investment Features, Methods, and Structures",3,"An investor writes a put option on FTSE 100 Index futures. Which of the following 
best describes the investor’s position with respect to the put contract and her 
exposure to the underlying index future, respectively?","Long, short","Short, long","Short, short",C,"Short, short","3. C is correct because the correlation of cryptocurrencies with traditional assets is on 
the rise.",,
Vikas Vohra,Alternative Investments,1,"Alternative Investment Features, Methods, and Structures",4,"Which of the following financial intermediaries is most likely to provide liquidity 
service to its clients?",Brokers,Dealers,Exchanges,A,Brokers,"4. A is correct because in practice, prices (or returns) of cryptocurrencies are driven 
more by market adoption, network effects, technological advancement, regulatory 
development, and general market risk appetite.",,
Vikas Vohra,Alternative Investments,1,"Alternative Investment Features, Methods, and Structures",5,"The value effect market-pricing anomaly most likely occurs when stocks that have 
below-average price-to-earnings and market-to-book ratios, as well as above-average 
dividend yields, consistently outperform:",large-cap stocks.,growth stocks.,stocks that have had negative earnings surprises.,C,stocks that have had negative earnings surprises.,"5. C is correct because while there were around 70 cryptocurrencies recorded in 2013, 
by early 2022, there were close to 10,000 different cryptocurrencies issued by 
corporations, organizations, and in many cases, individuals.",,
Vikas Vohra,Alternative Investments,1,"Alternative Investment Features, Methods, and Structures",6,Depreciation expense is best used in forecasting:,growth capital expenditure only.,maintenance capital expenditure only.,both growth capital expenditure and maintenance capital expenditure.,C,both growth capital expenditure and maintenance capital expenditure.,"6. C is correct because, unlike financial assets, most digital assets do not have an 
inherent value based on underlying assets or on the potential cash flow.",,
Vikas Vohra,Alternative Investments,1,"Alternative Investment Features, Methods, and Structures",7,"Which of the following forecast objects for a bank's revenue is best classified as a 
top-down driver?",Net interest income,Growth in market share,Growth in the number of branches,C,Growth in the number of branches,"7. C is correct because lockup periods—time periods when investors cannot withdraw 
their capital—provide the hedge fund manager the required time to implement and 
potentially realize a strategy’s expected results. Lockup periods apply to new 
investors in a hedge fund with the goal of allowing the hedge fund manager time to 
implement the fund's investment strategy.",,
Vikas Vohra,Corporate Issuers,1,"Organizational Forms, Corporate Issuer Features, and Ownership",8,"Which of the following would most likely be included on a company's ""financial"" 
balance sheet?",Short-term debt obligations,Relationships with customers,Relationships with key suppliers,A,Short-term debt obligations,"8. A is correct because short-term debt is included in a company's financial balance 
sheet.",,
Vikas Vohra,Corporate Issuers,1,"Organizational Forms, Corporate Issuer Features, and Ownership",9,"[Question is incorrect on CFA Website] Which of the following is a recommended 
procedure for complying with the Standard relating to preservation of 
confidentiality? 
• Procedure 1: Disclose to authorized fellow employees only information that will 
improve service to the client 
• Procedure 2: Encourage the adoption of standard confidentiality procedures 
utilized by leading firms in the industry",tiered pricing.,dynamic pricing.,value-based pricing.,A,tiered pricing.,"9. A is correct because tiered pricing is charging different prices to different buyers, 
often based on volume purchased but also based on product features (e.g., base 
versus premium trims of vehicles).",,
Vikas Vohra,Corporate Issuers,4,Working Capital & Liquidity,10,Which of the following is a pull on a company's liquidity?,Obsolete inventory,Reduced credit limits,Uncollected receivables,B,Reduced credit limits,"10. B is correct because a pull on liquidity is when disbursements (outflows) are paid too 
quickly by the company or trade credit availability is limited, requiring companies to 
expend funds before they receive funds from sales that could cover the liability. 
Also, major pulls on payments include Reduced credit limits. >If a company has a 
history of making late payments, suppliers might cut the amount of credit they will 
allow to be outstanding at any time.” So, reduced credit limits are a pull on a company’s 
liquidity.",,
Vikas Vohra,Corporate Issuers,7,Business Models,11,"Which of the following pricing models is most likely used when a firm willingly 
sacrifices margins to build market share?",Dynamic pricing,Freemium pricing,Penetration pricing,C,Penetration pricing,"11. C is correct because penetration pricing is an example of discount pricing and is used 
when a firm willingly sacrifices margins in order to build scale and market share.",,
Vikas Vohra,Corporate Issuers,7,Business Models,12,"The sequence of processes involved in the creation of a product, both within and 
external to a firm, is best referred to as a:",value chain.,supply chain.,business model.,B,supply chain.,"12. B is correct because a supply chain refers to the sequence of processes involved in 
the creation of a product, both within and external to a firm. A supply chain includes 
all the steps involved in producing and delivering a physical product to the end 
customer, regardless of whether those steps are performed by a single firm.",,
Vikas Vohra,Corporate Issuers,7,Business Models,13,"A company manufacturing and selling a product using someone else's brand name in 
return for a royalty most likely operates:",under a franchise model.,as a contract manufacturer.,under a licensing arrangement.,C,under a licensing arrangement.,"13. C is correct because a company will produce a product using someone else’s brand 
name in return for a royalty under a licensing arrangement.",,
Vikas Vohra,Corporate Issuers,3,Corporate Governance: Conflicts and Mechanisms,14,"When analyzing a company, analysts should:",ignore the company’s business model.,develop their own understanding of the company’s business model.,rely on management’s description of the company’s business model.,B,develop their own understanding of the company’s business model.,"14. B is correct because a clearly described business model helps the analyst understand 
a business: how it operates, its strategy, target customers, key partners, prospects, 
risks, and financial profile. Rather than rely on management’s description of its 
business model, analysts should develop their own understanding.",,
Vikas Vohra,Corporate Issuers,4,Working Capital & Liquidity,15,Which of the following is best categorized as a drag on liquidity?,Insufficient credit lines,Uncollected receivables,Early payments to vendors,B,Uncollected receivables,"15. B is Correct because a drag on liquidity is when receipts lag, creating pressure from 
the decreased available funds. Major drags on receipts involve pressures from credit 
management and deterioration in other assets and include: Uncollected receivables. 
The longer these are outstanding, the greater the risk that they will not be collected 
at all.",,
Vikas Vohra,Corporate Issuers,6,Capital Structure,16,"Which of the following combination of factors most likely increases a company's 
ability to support debt in its capital structure?","High revenue, low cash flow volatility, and a low level of fungible assets","High revenue, low operating leverage, and a high level of fungible assets","Low cash flow volatility, low operating leverage, and a low level of fungible assets",B,"High revenue, low operating leverage, and a high level of fungible assets","16. B is correct because an increased ability to support debt is indicated by high revenue, 
low operating leverage, and greater fungible assets.",,
Vikas Vohra,Corporate Issuers,6,Capital Structure,17,"According to the Modigliani–Miller propositions, if a company's debt-to-equity ratio 
increases, which of the following costs is most likely to exhibit the largest increase?",WACC,Cost of debt,Cost of equity,C,Cost of equity,"17. C is correct because as the debt-to-equity ratio increases and the company uses more 
debt, its risk goes up and the cost of equity must increase. MM Proposition II holds 
                                                                                    
 
that the increase in the cost of equity must exactly offset the greater use of lower 
cost debt.",,
Vikas Vohra,Corporate Issuers,6,Capital Structure,18,"At which stage in its life cycle would a typical company most likely have more debt 
than equity in its capital structure?",Start-up stage,Growth stage,Mature stage,C,Mature stage,"18. C is correct because at the mature stage, the company becomes able to support low-
cost debt, often on an unsecured basis. From the company’s perspective, debt 
financing is likely to be more attractive than higher-cost equity financing. Also, as 
companies mature, business risk typically declines, and their cash flows turn positive 
and become increasingly predictable, allowing for greater use of leverage on more 
attractive (less costly) financing terms. Debt then becomes a larger component of 
their capital structures.",,
Vikas Vohra,Corporate Issuers,3,Corporate Governance: Conflicts and Mechanisms,19,"With respect to a publicly listed company, a conflict of interest due to information 
asymmetry is most likely to occur between shareholders and:",creditors.,managers.,customers.,B,managers.,"19. B is correct because compared with shareholders, managers typically have greater 
access to information about the business and are more knowledgeable about its 
operations. Such 'information asymmetry' (that is, unequal access to information) 
makes it easier for managers to make strategic decisions that are not necessarily in 
the best interest of shareholders and weakens the ability of shareholders to 
exercise control.",,
Vikas Vohra,Corporate Issuers,5,Capital Investment and Capital Allocation,20,"Compared to going concern projects, expansion projects most likely involve:",greater uncertainty only.,greater amounts of capital only.,both greater uncertainty and greater amounts of capital.,C,both greater uncertainty and greater amounts of capital.,"20. C is correct because expansion projects typically involve greater uncertainty, time, 
and amounts of capital than going concern projects.",,
Vikas Vohra,Corporate Issuers,5,Capital Investment and Capital Allocation,21,"From the perspective of a corporate issuer, which of the following is a benefit of 
issuing debt rather than equity as a source of capital? Debt is most likely:","cheaper. 
Corporate Issuers: Practice Pack 
Faculty: Vikas Vohra                                                                                   Page 4 of 20",less risky.,more permanent.,A,"cheaper. 
Corporate Issuers: Practice Pack 
Faculty: Vikas Vohra                                                                                   Page 4 of 20","21. A is correct because debt represents a cheaper financing source for companies and 
a lower risk for investors. Because the returns to lenders are capped and because 
the cost of debt is lower than the cost of equity, corporations with predictable cash 
flows may prefer to borrow money rather than sell an ownership stake to raise the 
capital they need to finance their investments. This is because issuing more equity 
dilutes upside return for existing equity owners given that residual value must be 
shared across more owners.",,
Vikas Vohra,Corporate Issuers,3,Corporate Governance: Conflicts and Mechanisms,22,An improvement in corporate governance structure most likely results in:,lower cost of debt borrowing.,less control by management.,reduced operational efficiency.,A,lower cost of debt borrowing.,"22. A is correct because default risks are also mitigated by properly functioning audit 
systems, transparent and better reporting of earnings, and controlling information 
asymmetries between the company and its capital providers. Lower default risks are 
associated with better credit ratings for the company and lower costs of debt 
borrowing, given that creditors typically require a lower return when their funds are 
better secured and their rights protected. Thus, an effective corporate governance 
structure will result in lower cost of debt borrowing for the company.",,
Vikas Vohra,Corporate Issuers,5,Capital Investment and Capital Allocation,23,"An analyst gathers the following information about a company's capital investment: 
• Initial cash outlay $90 million 
• Annual before-tax cash flows (year-end) for Year 1 to Year 6 $50 million 
• Marginal tax rate 15% 
• Required rate of return 12% 
The net present value of the investment is closest to:",$85 million.,$116 million.,$175 million.,A,$85 million.,"23. A is correct because for a capital investment with one investment outlay, made 
initially, the net present value (NPV) is the present value of the future after-tax cash 
flows minus the investment outlay  
 
                                                                                    
 
We calculate the present value of the future after -tax cash flows using the 
calculator with the following parameters: 
Yearly after-tax payment/cash-flow: PMT = 50 × (1 – 0.15) = 42.5 
Number of payments: N = 6 
Int. rate = 12%, 
 
To calculate the NPV, from the present value we subtract the initial $90 million 
outflow. Accordingly, NPV = $174.7 million – $90.0 million = $84.7 ≈ $85 million.",,
Vikas Vohra,Corporate Issuers,7,Business Models,24,Which of the following is most likely a feature of sole proprietorships?,Existence of a legal identity,Operational simplicity and flexibility,Taxation of business profits as corporate income,B,Operational simplicity and flexibility,"24. B is correct because key features of sole proprietorships include the following: 
Operational simplicity and flexibility.",,
Vikas Vohra,Corporate Issuers,5,Capital Investment and Capital Allocation,25,The source of capital that most likely benefits from a tax shield is:,debt.,equity.,preferred equity.,A,debt.,"25. A is correct because if interest can be deducted in full, the tax deductibility of debt 
reduces the effective marginal cost of debt to reflect the income shielded from 
taxation and the marginal cost of debt is rd(1 – t). The cost of debt capital is the only 
cost of capital that can benefit from a tax shield.",,
Vikas Vohra,Corporate Issuers,6,Capital Structure,26,"Which of the following mature companies is most likely to use the greatest amount 
of leverage in its capital structure?",Mining company,Software company,Shipping company,C,Shipping company,"26. C is correct because in real estate, utilities, shipping, airlines, and certain other highly 
capital-intensive businesses, the underlying assets can be bought and sold fairly 
easily, tend to retain their value regardless of who owns them, and can therefore 
support substantial debt secured by those assets.",,
Vikas Vohra,Corporate Issuers,5,Capital Investment and Capital Allocation,27,"A company should exercise the abandonment option on an investment if the present 
value of the cash flows from continuing the investment is:",lower than the cash flow from abandoning the investment.,the same as the cash flow from abandoning the investment.,greater than the cash flow from abandoning the investment.,A,lower than the cash flow from abandoning the investment.,"27. A is correct because if the cash flow from abandoning an investment exceeds the 
present value of the cash flows from continuing the investment, the company should 
exercise the abandonment option. Conversely, if the PV of the cash flows from 
continuing the investment is lower than the cash flow from abandoning the 
investment, the company should exercise the abandonment option.",,
Vikas Vohra,Corporate Issuers,6,Capital Structure,28,"Consider the following information about a company: 
 
Based on the Modigliani-Miller propositions, the company's cost of equity is closest 
to:",10.4%.,11.3%.,12.0%.,B,11.3%.,"28. B is correct because Modigliani and Miller also show that the cost of equity for the 
same company with debt is: re = r0 + (r0 – rd)(1 – t)(D/E), where: 
 
re = cost of equity 
 
ro = cost of capital for a company financed only with equity 
 
rd = cost of debt 
 
D = market value of debt 
 
E = market value of equity. 
 
                                                                                    
 
Cost of equity = 0.09 + (0.09 – 0.04)×(1 – 0.25)×(£15,000/(£40,000 – 15,000)) = 0.1125 
≈ 11.3%.",,
Vikas Vohra,Corporate Issuers,6,Capital Structure,29,"All else being equal, a company most likely has a reduced debt capacity when its:",current ratio increases.,leverage ratio decreases.,interest coverage ratio decreases.,C,interest coverage ratio decreases.,"29. C is correct because interest coverage ratios are also commonly used to assess 
companies’ debt capacities. Generally, these ratios provide an estimate of how many 
times a company can cover its interest expense (or interest expense plus lease 
payments) with current earnings (usually measured as EBIT or EBITDA). In other 
words, interest coverage ratios provide an indication of a company’s financial cushion 
in meeting its debt service obligations. The larger the interest coverage ratio, the 
larger the financial cushion and the greater the company’s ability to service its debt 
obligations.",,
Vikas Vohra,Corporate Issuers,6,Capital Structure,30,"According to the Modigliani–Miller Proposition I without taxes, when a firm increases 
the proportion of debt in its capital structure, the firm value:",decreases.,remains unchanged.,increases.,B,remains unchanged.,"30. B is correct because Modigliani and Miller proved that changing the capital structure 
does not affect firm value. The value of a firm is thus determined not by the 
securities it issues but, rather, by its expected future cash flows.",,
Vikas Vohra,Corporate Issuers,4,Working Capital & Liquidity,31,"With respect to liquidity management, which of the following activities most likely 
provides access to a primary source of liquidity?",Liquidating obsolete assets,Creating an effective cash management system,Negotiating new debt contracts that delay principal repayment,B,Creating an effective cash management system,"31. B is correct because primary sources of liquidity are liquidity sources that are the 
most readily accessible resources available to the company. One of the examples is 
cash flow management, which is the company's effectiveness in its cash management 
system and practices, and the degree of decentralization of the collections or 
payments processes. The more decentralized the system of collections, for example, 
the more likely the company will be to have cash tied up in the system and not available 
for use. Therefore, an effective cash management system is a primary source of 
liquidity as it is likely to be the most readily accessible resources available to the 
company.",,
Vikas Vohra,Corporate Issuers,3,Corporate Governance: Conflicts and Mechanisms,32,"Which of the following company stakeholders is most likely exposed to the greatest 
information asymmetry when compared to the company's management?",A bank lender,A public debtholder,A member of the board,B,A public debtholder,"32. B is correct because public debtholders do not have access to non-public information. 
Public debtholders (or bondholders) rely on public information and credit rating 
agency determinations to make their investment decisions. Unlike shareholders, 
debtholders do not hold voting power, and they typically have limited influence over 
a company’s day-to-day operations.",,
Vikas Vohra,Corporate Issuers,6,Capital Structure,33,According to Modigliani and Miller's Proposition II without taxes:,the cost of bankruptcy is high.,a company's cost of equity is a linear function of its debt-to-assets ratio.,"substituting equity with lower-cost debt capital results in an unchanged overall 
WACC.",C,"substituting equity with lower-cost debt capital results in an unchanged overall 
WACC.","33. C is correct because MM Proposition II without taxes tells us that adding any amount 
of lower-cost debt capital to the capital structure is always perfectly offset by an 
increase in the cost of equity, resulting in no change to the company’s overall weighted 
average cost of capital.",,
Vikas Vohra,Corporate Issuers,6,Capital Structure,34,"According to the Modigliani and Miller Proposition I with taxes, the value of a levered 
company is greater than the value of the unlevered company by an amount equal to 
the:",value of the debt.,after-tax interest paid.,tax rate multiplied by the value of the debt.,C,tax rate multiplied by the value of the debt.,"34. C is correct because Modigliani and Miller show that in the presence of corporate 
taxes (but not personal taxes), the value of the levered company is greater than that 
of the all-equity company by an amount equal to the tax rate multiplied by the value 
of the debt, also termed the debt tax shield.",,
Vikas Vohra,Corporate Issuers,3,Corporate Governance: Conflicts and Mechanisms,35,"In a limited partnership, business operations are the responsibility of:",the general partner only.,the limited partners only.,both the general partner and the limited partners.,A,the general partner only.,"35. A is correct because key features of limited partnerships include: • GP operates the 
business, having unlimited liability, • LPs have limited liability but lack control over 
business operations.",,
Vikas Vohra,Corporate Issuers,5,Capital Investment and Capital Allocation,36,"Which of the following is considered a capital allocation pitfall? Basing investment 
decisions on:",opportunity costs.,after-tax cash flows.,short-run accounting numbers.,C,short-run accounting numbers.,"36. C is correct because one common pitfall is basing investment decisions on EPS, net 
income, or ROE: Companies sometimes have incentives to boost earnings per share, 
net income, or return on equity. Many investments, even those with strong NPVs, do 
not increase these accounting numbers in the short run and may even reduce them. 
Paying too much attention to short-run accounting numbers can result in a company 
choosing investments that are not in the long -run economic interests of its 
shareholders.",,
Vikas Vohra,Corporate Issuers,6,Capital Structure,37,"Which of the following is defined as the sensitivity of a firm’s operating profit to a 
change in its revenues?",Total leverage,Financial leverage,Operating leverage,C,Operating leverage,"37. C is correct because operating leverage captures the sensitivity of operating profit, 
proxied by EBIT, to a change in revenues.",,
Vikas Vohra,Corporate Issuers,3,Corporate Governance: Conflicts and Mechanisms,38,Proxy voting is best described as permitting:,different voting rights for multiple share classes.,shareholders to cast all of their votes for one board nominee.,shareholders to vote their shares when absent from meetings.,C,shareholders to vote their shares when absent from meetings.,"38. C is correct because proxy voting is a process that enables shareholders who are 
unable to attend a meeting to authorize another individual (for example, another 
shareholder or director) to vote on their behalf.",,
Vikas Vohra,Corporate Issuers,3,Corporate Governance: Conflicts and Mechanisms,39,Owners have limited liability in a:,corporation.,sole proprietorship.,general partnership.,A,corporation.,39. A is correct because owners in a corporation have limited liability.,,
Vikas Vohra,Corporate Issuers,4,Working Capital & Liquidity,40,Which of the following statements about sources of liquidity is most accurate?,Filing for bankruptcy is considered a secondary source of liquidity.,Secondary sources of liquidity have a lower cost than primary sources of liquidity.,"Using a primary source of liquidity impacts the financial and operating positions 
of a company.",A,Filing for bankruptcy is considered a secondary source of liquidity.,"40. A is correct because secondary sources include: filing for bankruptcy protection and 
reorganization. Further, reorganization through bankruptcy, may also be considered 
a liquidity tool because a company under bankruptcy protection that generates 
operating cash will be liquid and generally able to continue business operations until a 
restructuring has been devised and approved.",,
Vikas Vohra,Corporate Issuers,5,Capital Investment and Capital Allocation,41,"Subsequent to making a capital investment, a company reacts to poor financial results 
from the project by abandoning it. This action alone best exemplifies the exercise of 
a:",sizing option.,timing option.,flexibility option.,A,sizing option.,"41. A is correct because sizing options encompass abandonment or expansion of capacity. 
If after investing the company can abandon the investment if the financial results 
are disappointing, it has an abandonment option. At some future date, if the cash flow 
from abandoning an investment exceeds the present value of the cash flows from 
continuing the investment, the company should exercise the abandonment option. 
Conversely, if the company can make additional investments when future financial 
results are strong, the company has a growth option or an expansion option.",,
Vikas Vohra,Corporate Issuers,5,Capital Investment and Capital Allocation,42,"A measure of how effectively capital is converted into after-tax operating profits is 
the:",hurdle rate.,cost of capital.,return on invested capital.,C,return on invested capital.,"42. C is correct because ROIC reflects how effectively a company’s management is able 
to convert capital into after-tax operating profits.",,
Vikas Vohra,Corporate Issuers,3,Corporate Governance: Conflicts and Mechanisms,43,Which of the following statements about corporations is most accurate?,Upside return potential is unlimited for both equity holders and debtholders,Equity is riskier than debt from the perspective of both investors and issuers,"Losses for both equity holders and debtholders are limited to their initial 
investment",C,"Losses for both equity holders and debtholders are limited to their initial 
investment","43. C is correct because shareholder losses are limited to their initial investment. For 
both equityholders and debtholders, their initial investment represents their 
maximum possible loss.",,
Vikas Vohra,Corporate Issuers,3,Corporate Governance: Conflicts and Mechanisms,44,"With respect to ESG implementation, which of the following is most likely a social 
factor?",Board composition,Pollution prevention,Management of human capital,C,Management of human capital,"44. C is correct because social factors considered in ESG implementation generally 
pertain to the management of the human capital of a business, including human rights 
and welfare concerns in the workplace; product development; and, in some cases, 
community impact.",,
Vikas Vohra,Corporate Issuers,3,Corporate Governance: Conflicts and Mechanisms,45,Double taxation of profits is most likely a concern for owners in:,corporations.,limited partnerships.,general partnerships.,A,corporations.,"45. A is correct because tax disadvantage for owners in countries with double taxation 
is a key feature of corporations. In most countries, corporations are taxed directly 
on their profits. In many countries, shareholders pay an additional tax on 
distributions (dividends) that are passed on to them. Economists refer to this as the 
double taxation of corporate profits.",,
Vikas Vohra,Corporate Issuers,4,Working Capital & Liquidity,46,Which of the following is an example of a secondary source of liquidity for a company?,Short-term funds,Liquidating assets,Effective cash management,B,Liquidating assets,"46. B is correct because the main difference between primary and secondary sources of 
liquidity is that using a primary source is not likely to affect the normal operations 
of the company, whereas using a secondary source might result in a change in the 
company’s financial and operating positions. Secondary sources used by companies  
include: liquidating assets, which depends on the degree to which short-term and/or 
long-term assets can be liquidated and converted into cash without substantial loss 
in value.",,
Vikas Vohra,Corporate Issuers,3,Corporate Governance: Conflicts and Mechanisms,47,"Which of the following committees of a board of directors oversees the development 
of the company's conflict of interest policy?",Risk committee,Governance committee,Remuneration committee,B,Governance committee,"47. B is correct because the main role of the board’s governance committee is to ensure 
that the company adopts good corporate governance structures and practices. For 
this purpose, it oversees the development of the governance policies at the company 
such as  
• the corporate governance code 
• the charter of the board and its committees 
• the code of ethics and 
• the conflict of interest policy, among others.",,
Vikas Vohra,Corporate Issuers,5,Capital Investment and Capital Allocation,48,"A company with a required rate of return of 12% is considering a capital project with 
the following cash flows (in millions): 
 
The expected IRR for this project is most likely:",less than 12%.,equal to 12%.,greater than 12%.,A,less than 12%.,"48. A is correct because the IRR is the discount rate that makes the present value of 
the future after-tax cash flows equal that investment outlay or ∑nt=1 CFt ÷ (1 + IRR)t 
= Outlay, where IRR is the internal rate of return. Solved using the following 
calculator inputs: CF0 = −150, CF1 = 8, CF2 = 175, Calculate IRR = 10.7119, rounded to 
10.71% which is less than 12%.",,
Vikas Vohra,Corporate Issuers,5,Capital Investment and Capital Allocation,49,"All else being equal, if interest on debt is tax deductible, an increase in the company's 
marginal tax rate will:",decrease the company's WACC.,not affect the company's WACC.,increase the company's WACC.,A,decrease the company's WACC.,"49. A is correct because the marginal cost of debt financing is the cost of debt after 
considering the allowable deduction for interest on debt. If interest can be deducted 
in full, the tax deductibility of debt reduces the effective marginal cost of debt to 
reflect the income shielded from taxation (often referred to as the tax shield) and 
the marginal cost of debt is rd(1 – t). If the marginal tax rate increases, this 
increases the tax shield and lowers the marginal cost of debt and also the WACC.",,
Vikas Vohra,Corporate Issuers,6,Capital Structure,50,"A company increases its debt from 20% to 60% of its capital structure. Based on the 
Modigliani and Miller proposition (without taxes) regarding capital structure, the 
WACC of the company:",decreases.,remains the same.,increases.,B,remains the same.,"50. B is correct because the Modigliani and Miller proposition implies that higher leverage 
raises the cost of equity but does not change firm value or WACC.",,
Vikas Vohra,Corporate Issuers,5,Capital Investment and Capital Allocation,51,"The NPV of a new project is expected to be –$0.20 million. An incremental investment 
of $0.40 million would give management the flexibility to switch to a lower cost input 
in the future. If this option has an estimated value of $0.80 million, the value of the 
project including the option is:",$0.20 million.,$0.40 million.,$1.00 million.,A,$0.20 million.,"51. A is correct because the NPV, including the real option, should be: 
Project NPV = NPV (based on DCF alone) – Cost of options + Value of options. 
Project NPV = –$0.2 million – $0.4 million + $0.8 million = $0.2 million.",,
Vikas Vohra,Corporate Issuers,6,Capital Structure,52,"According to the pecking order theory, company managers most likely prefer to:",issue debt as the last resort.,raise equity first to preserve cash-flow.,rely on internal financing over new equity.,C,rely on internal financing over new equity.,"52. C is correct because the pecking order theory suggests that managers choose 
methods of financing according to a hierarchy that gives first preference to methods 
with the least potential information content (internally generated funds) and lowest 
preference to the form with the greatest potential information content (public equity 
offerings). In brief, managers prefer internal financing. If internal financing is 
insufficient, managers next prefer debt, then equity.",,
Vikas Vohra,Corporate Issuers,6,Capital Structure,53,Which of the following is most accurate?,Risk appetites are similar among private lenders,Staggered boards provide continuous implementation of strategy and oversight,"A company's CEO is responsible for implementing the company’s strategy under 
the oversight of the company's shareholders",B,Staggered boards provide continuous implementation of strategy and oversight,"53. B is correct because the positive aspect of a staggered board, though, is that it 
provides continuous implementation of strategy and oversight without constantly 
being reassessed by new board members, which otherwise risks bringing short -
termism into company strategy.",,
Vikas Vohra,Corporate Issuers,3,Corporate Governance: Conflicts and Mechanisms,54,The potential for conflict between debtholders and shareholders is:,lower for long-term debt than for short-term debt.,the same for long-term debt and short-term debt.,higher for long-term debt than for short-term debt.,C,higher for long-term debt than for short-term debt.,"54. C is correct because the potential debt/equity conflict is greater in the case of long-
term rather than short-term debt because the passage of time exposes debtholders 
to possible changes in business conditions, strategy, and management behavior.",,
Vikas Vohra,Corporate Issuers,3,Corporate Governance: Conflicts and Mechanisms,55,A corporation's stakeholders most likely include:,shareholders only.,controlling shareholders only.,all shareholders and all employees.,C,all shareholders and all employees.,"55. C is correct because the primary stakeholder groups of a corporation consist of 
shareholders, creditors, managers (or executives), other employees, board of 
directors, customers, suppliers, and governments/regulators (and, by extension, 
affected individuals and community groups).",,
Vikas Vohra,Corporate Issuers,3,Corporate Governance: Conflicts and Mechanisms,56,"In a corporation, which of the following stakeholder groups is the principal in a 
principal–agent relationship?",Shareholders,Board of directors,Senior management,A,Shareholders,"56. A is correct because the relationship between shareholders and managers/directors 
is a classic example of a principal–agent relationship, whereby shareholders (the 
principal in this case) elect directors (an agent) who are expected to protect their 
interests by appointing senior managers (another agent) to run the company.",,
Vikas Vohra,Corporate Issuers,5,Capital Investment and Capital Allocation,57,"An analyst gathers the following information about a company: 
 
If the company's marginal tax rate is 40%, its weighted average cost of capital is 
closest to:",9.7%.,10.9%.,11.6%.,B,10.9%.,"57. B is correct because the WACC = wdrd × (1 – t) + wprp + were. 
Where: 
wd = the market value weight for debt = 60 / (60 + 20 + 120) = 0.30 
rd = the before-tax cost of debt = 6% 
t = the company's marginal tax rate = 40% = 0.4 
wp = the market value weight for preferred stock = 20 / (60 + 20 + 120) = 0.10 
rp = the marginal cost of preferred stock = 8% 
we = the market value weight for equity = 120 / (60 + 20 + 120) = 0.60 
 
                                                                                    
 
re = the marginal cost of equity = 15% 
WACC = (0.30 × 6% × (1 – 0.4)) + (0.10 × 8%) + (0.60 × 15%) = 10.88%.",,
Vikas Vohra,Corporate Issuers,3,Corporate Governance: Conflicts and Mechanisms,58,Covenants are most likely to exist between a company and its:,creditors.,management.,board of directors.,A,creditors.,"58. A is correct because to limit bondholders’ risk during the term of a bond (or loan), 
the bond indenture typically contains covenants, which are the terms and conditions 
of lending agreements, enabling creditors to specify the actions an issuer is obligated 
to perform or prohibited from performing.",,
Vikas Vohra,Corporate Issuers,5,Capital Investment and Capital Allocation,59,"If a company's debt-to-equity ratio is 0.5, the weight of equity applied in estimating 
the company's WACC is closest to:",0.33.,0.50.,0.67.,C,0.67.,"59. C is Correct because the weight of debt is determined by the formula: 
wd= D/E / (1 + D/E) where D is the value of debt and E is the value of equity. Weight 
of equity (we) is represented by 1 minus the weight of debt. Calculation: 1 - 0.5/ (1.5) 
= 1 - 0.333 = 0.667 ≈ 0.67.",,
Vikas Vohra,Corporate Issuers,4,Working Capital & Liquidity,60,"Compared to those of public companies, share issuances of private companies most 
likely:",raise larger amounts of capital.,include a larger number of investors.,include investors with longer holding periods.,C,include investors with longer holding periods.,"60. C is correct because to raise more capital after listing, public companies may issue 
additional shares in the capital markets, typically raising very large amounts from 
many investors who may then actively trade shares among themselves in the 
secondary market. In contrast, private companies finance much smaller amounts in 
the primary market (private debt or equity) with far fewer investors who have much 
longer holding periods.",,
Vikas Vohra,Corporate Issuers,4,Working Capital & Liquidity,61,Tiered pricing is best described as:,charging different prices at different times.,charging different prices to different buyers.,"combining a low price on a piece of equipment with high-margin pricing on repeat-
purchase consumables.",B,charging different prices to different buyers.,"61. B is correct because tiered pricing charges different prices to different buyers, 
most commonly based on volume purchased.",,
Vikas Vohra,Corporate Issuers,5,Capital Investment and Capital Allocation,62,"A company is deciding whether to invest in one of two mutually exclusive projects 
with positive NPVs. If Project 1 has a higher NPV but a lower IRR than Project 2, the 
company should:",prefer Project 1.,prefer Project 2.,be indifferent between Project 1 and Project 2.,A,prefer Project 1.,"62. A is correct because when the choice is between two mutually exclusive projects and 
the NPV and IRR rank the two projects differently, the NPV criterion is strongly 
preferred. ... As a practical matter, once a corporation has the data to calculate the 
NPV, it is fairly trivial to then calculate the IRR and other capital allocation criteria. 
However, the most appropriate and theoretically sound criterion is the NPV.",,
Vikas Vohra,Corporate Issuers,3,Corporate Governance: Conflicts and Mechanisms,63,"Compared to private corporations, which of the following is a typical characteristic 
of public corporations?",A government is a shareholder,Shares are listed on a stock exchange,Transfer of ownership between investors is more difficult,B,Shares are listed on a stock exchange,"63. B is correct because when it comes to corporations, 'public' and 'private' are typically 
defined by whether the company’s equity is listed on a stock exchange, although in 
some countries whether a company is considered public or not may depend on its 
number of shareholders, irrespective of whether it is listed.",,
Vikas Vohra,Corporate Issuers,5,Capital Investment and Capital Allocation,64,"When choosing between mutually exclusive projects, an analyst should:",accept the project with the highest IRR.,use the opportunity cost of funds as the discount rate.,"accept the projects for which the IRR is greater than the opportunity cost of 
funds.",B,use the opportunity cost of funds as the discount rate.,"64. B is correct because when the choice is between two mutually exclusive projects and 
the NPV and IRR rank the two projects differently, the NPV criterion is strongly 
preferred. we referred to the rate used in discounting the cash flows as the 
“required rate of return.” The required rate of return is the discount rate that the 
issuer’s suppliers of capital require given the riskiness of the project. This discount 
rate is frequently called the “opportunity cost of funds” or the “cost of capital.” For 
a capital investment with one investment outlay, made initially, the net present value 
                                                                                    
 
(NPV) is the present value of the future after-tax cash flows minus the investment 
outlay, where the discount rate equals the required rate of return.",,
Vikas Vohra,Corporate Issuers,5,Capital Investment and Capital Allocation,65,"An electric vehicle manufacturer invests in a new technology to meet new safety 
standards. This project is best classified as a(n):",expansion project.,compliance project.,going concern project.,B,compliance project.,"65. B is correct because regulatory and compliance projects are required by third 
parties, such as government regulatory bodies, to meet safety and regulatory 
compliance standards. The investment in new technology to meet improved safety 
standards is therefore a compliance project.",,
Vikas Vohra,Corporate Issuers,4,Working Capital & Liquidity,66,"The flow of finished goods from manufacturer to wholesaler, retailer, and finally to 
the end customer best describes a(n):",direct sales strategy.,omnichannel strategy.,traditional channel strategy.,C,traditional channel strategy.,"66. C is correct because, for 'product' businesses, the traditional channel strategy is 
typically reflected in the flow of finished goods (e.g., from manufacturer to 
wholesaler, retailer, and end customer), each with its own physical facilities and with 
the product sold and purchased at each stage.",,
Vikas Vohra,Corporate Issuers,5,Capital Investment and Capital Allocation,67,"A company is evaluating the following mutually exclusive capital projects: 
 
If the hurdle rate is 8%, the company should invest in:",Project 1 only.,Project 2 only.,"both Project 1 and Project 2. 
 
Solutions",A,Project 1 only.,"67. A is correct because Project 1 has a higher NPV. For mutually exclusive investments 
that are ranked differently by the NPV and IRR, the NPV criterion is more 
economically sound. 
Derivatives: Practice Pack",,
Vikas Vohra,Corporate Issuers,1,"Organizational Forms, Corporate Issuer Features, and Ownership",1,"All, else held equal, the value of a European call option is best characterized as having 
a:",negative relationship with the price of the underlying.,negative relationship with the volatility of the underlying.,positive relationship with the time to expiration.,A,negative relationship with the price of the underlying.,"1. A is correct because debt must be repaid on a pre-specified date in the future with 
interest.",,
Vikas Vohra,Corporate Issuers,1,"Organizational Forms, Corporate Issuer Features, and Ownership",2,"All else being equal, which of the following European put options on the same 
underlying most likely has the highest value? 
Particulars Time to Expiration Exercise Price 
Option 1 2 months $52 
Option 2 4 months $52 
Option 3 4 months $58",Option 1,Option 2,Option 3,C,Option 3,"2. C is correct because contract manufacturers produce goods to be marketed by 
others.",,
Vikas Vohra,Corporate Issuers,1,"Organizational Forms, Corporate Issuer Features, and Ownership",3,The value of a European put is directly related to the:,risk-free rate.,exercise price.,value of the underlying.,C,value of the underlying.,"3. C is correct because an issuer’s income statement distinguishes between its financial 
income or net income once fixed obligations have been met and its 'economic' profit, 
or return to a firm’s owners in excess of what they could have earned elsewhere on 
different investments, known as their required rate of return on equity.",,
Vikas Vohra,Corporate Issuers,3,Corporate Governance: Conflicts and Mechanisms,4,"An investor gathers the following information about a call option: 
Option premium $5 
Exercise price $25 
Price of the underlying at initiation $15 
At expiration, if the price of the underlying is $30, the value of the call option to the 
call seller is:",−$5.,$0.,$10.,B,$0.,"4. B is correct because private company investors may be limited to qualified or so-
called accredited investors or sophisticated investors, or those deemed to be able 
and willing by regulatory authorities to assume the greater risk of a non -public 
offering.",,
Vikas Vohra,Corporate Issuers,3,Corporate Governance: Conflicts and Mechanisms,5,"An analyst gathers the following information: 
Call price $10 
Stock price $40 
Exercise price $60 
Interest rate 3% 
Time to expiry 1 year 
According to put-call parity, the price of the put is closest to:",$28.25.,$30.00.,$108.25.,C,$108.25.,"5. C is correct because as multi-sided [two-sided] networks grow—more users join the 
service, which attracts more merchants, which in turn attracts more users—these 
businesses can grow exponentially.",,
Vikas Vohra,Quantitative Methods,1,Rates and Returns,7,"An analyst gathers the following information about a company: 
 

                                                                         
 
If all purchases and sales were made on credit, the cash conversion cycle (based on 
a 360-day year) is:",less than the utility generated for a risk-averse investor.,equal to the utility generated for a risk-averse investor.,greater than the utility generated for a risk-averse investor.,A,less than the utility generated for a risk-averse investor.,"7. A is correct because algorithmic trading requires access to low-latency networks, and 
with the wide-spread adoption of algorithmic trading, the need for low -latency 
networks has grown. Low-latency systems—systems that operate on networks that 
communicate high volumes of data with minimal delay (latency)—are essential for 
automated trading applications that make decisions based on real-time prices and 
market events. In contrast, high-latency systems do not require access to real-time 
data and calculations. High-frequency trading is a form of algorithmic trading that 
makes use of vast quantities of granular financial data (tick data, for example) to 
automatically place trades when certain conditions are met. Trades are executed on 
ultra-high-speed, low-latency networks in fractions of a second.",,
Vikas Vohra,Quantitative Methods,12,Big Data Projects,8,"The failure of machine learning models to accurately predict outcomes can be the 
result of:","overfitting, but not underfitting.","underfitting, but not overfitting.",either overfitting or underfitting.,C,either overfitting or underfitting.,"8. C is correct because an ML model that has been overfitted is not able to accurately 
predict outcomes using a different dataset and may be too complex. Also, underfitted 
models will typically fail to fully discover patterns that underlie the data and thus 
may not be able to accurately predict outcomes.",,
Vikas Vohra,Quantitative Methods,12,Big Data Projects,9,"Which of the following is most likely an advantage of traditional financial advisers 
over fully automated digital wealth managers?",Lower account minimums,Dividend reinvestment options,Solutions that better address the needs of complex portfolios,C,Solutions that better address the needs of complex portfolios,"9. C is correct because as the complexity and size of an investor’s portfolio grows, robo-
advisers may not be able to sufficiently address the particular preferences and needs 
of the investor. In the case of extremely affluent investors who may own a greater 
number of asset types—including alternative investments (e.g., venture capital, 
private equity, hedge funds, and real estate)—in addition to global stocks and bonds 
and have greater demands for customization, the need for a team of human advisers, 
each with particular areas of investment or wealth-management expertise, is likely 
to endure.",,
Vikas Vohra,Quantitative Methods,8,Hypothesis Testing,10,"To test whether a population's mean, µ, is greater than zero, the alternative 
hypothesis should be formulated as:",µ ≤ 0.,µ ≥ 0.,µ > 0.,C,µ > 0.,"10. C is correct because despite the different ways to formulate hypotheses, we always 
conduct a test of the null hypothesis at the point of equality, θ = θ0. We may have a 
‘suspected' or ‘hoped for' condition for which we want to find supportive evidence. 
In that case, we can formulate the alternative hypothesis as the statement that this 
condition is true; the null hypothesis that we test is the statement that this condition 
is not true. Here, the “suspected” condition is that the population's mean is greater 
than zero (µ > 0).",,
Vikas Vohra,Quantitative Methods,8,Hypothesis Testing,11,"A test of independence is based on the data in a contingency table with 5 rows and 4 
columns. Using a nonparametric test statistic that is chi-square distributed, the 
number of degrees of freedom is:",7.,12.,20.,B,12.,"11. B is correct because for a contingency table we can perform a test of independence 
using a nonparametric test statistic that is chi-square distributed this test statistic 
has (r – 1)(c – 1) degrees of freedom, where r is the number of rows and c is the 
number of columns. Here, r = 5 and c = 4, so degrees of freedom = (5 – 1)(4 – 1) = 4 × 
3 = 12.",,
Vikas Vohra,Quantitative Methods,8,Hypothesis Testing,12,"In a parametric test of the correlation between two variables with a sample size of 
51 and sample correlation of 0.6, the t-statistic is closest to:",0.07.,5.25.,6.64.,B,5.25.,"12. B is correct because for a Parametric Test of a Correlation if the two variables are 
normally distributed, we can test to determine whether the null hypothesis (H0: ρ = 
0) should be rejected using the sample correlation, r. The formula for the t-test is",,
Vikas Vohra,Quantitative Methods,3,Statistical Measures of Asset Returns,13,"If a unimodal return distribution is negatively skewed, which of the following most 
likely has the highest value?",Mean,Mode,Median,B,Mode,"13. B is correct because for the continuous negatively skewed unimodal distribution, the 
mean is less than the median, which is less than the mode. Therefore, the mode has 
the highest value.",,
Vikas Vohra,Quantitative Methods,5,Portfolio Mathematics,14,"A portfolio manager will invest €100,000 and is presented with the following 
information about three portfolios with normally distributed returns: 
 
If the manager wants to withdraw €5,000 in one year without invading initial capital, 
the safety-first optimal portfolio is:",Portfolio 1.,Portfolio 2.,Portfolio 3.,C,Portfolio 3.,"14. C is correct because if returns are normally distributed, the safety-first optimal 
portfolio maximizes the safety-first ratio. SFRatio = [E(RP) – RL] / σP, where E(RP) 
is the expected portfolio return, RL is the investor's minimum acceptable return, and 
σP is the standard deviation of portfolio returns. The minimum acceptable return is 
5% (= €5,000 / €100,000) as the investor needs to withdraw €5,000 without invading 
initial capital; SFP1 = (23% – 5%) / 15% = 1.20; SFP2 = (12% – 5%) / 6% ≈ 1.17; SFP3 
= (15% – 5%) / 8% = 1.25. Therefore, Portfolio 3 is the safety-first optimal portfolio. 
“The portfolio for which E(RP) − RL is largest relative to standard deviation minimizes 
P(RP < RL).",,
Vikas Vohra,Quantitative Methods,10,Simple Linear Regression,15,"Which of the following best describes when a transformation of the data may be 
needed to enable the use of a simple linear regression model? When the:",dependent variable is non-normally distributed,"pairs of the dependent and independent variables are uncorrelated with one 
another","relationship between the independent variable and the dependent variable is non-
linear",C,"relationship between the independent variable and the dependent variable is non-
linear","15. C is correct because if the relationship between the independent variable and the 
dependent variable is not linear, we can often transform one or both of these 
variables to convert this relation to a linear form, which then allows the use of simple 
linear regression.",,
Vikas Vohra,Quantitative Methods,3,Statistical Measures of Asset Returns,16,For a continuous positively skewed unimodal distribution:,both the mode and the median are less than the mean.,both the mode and the median are greater than the mean.,the mode is less than the mean and the median is greater than the mean.,A,both the mode and the median are less than the mean.,"16. A is correct because for a continuous positively skewed unimodal distribution, the 
mode is less than the median, which is less than the mean.",,
Vikas Vohra,Quantitative Methods,12,Big Data Projects,17,"In its broadest sense, fintech is best described as:",the vast amount of data being generated by the financial services industry.,the execution of investment strategies through computer-generated algorithms.,"technological innovation in the design and delivery of financial services and 
products.",C,"technological innovation in the design and delivery of financial services and 
products.","17. C is correct because in its broadest sense, the term 'fintech' generally refers to 
technology-driven innovation occurring in the financial services industry. For the 
purposes of this reading, fintech refers to technological innovation in the design and 
delivery of financial services and products. Note, however, that in common usage, 
fintech can also refer to companies (often new, startup companies) involved in 
developing the new technologies and their applications, as well as the business sector 
that comprises such companies.",,
Vikas Vohra,Quantitative Methods,10,Simple Linear Regression,18,"An analyst estimates the following information from a simple linear regression: 
 
The standard error of the estimate is closest to:",2.5.,3.2.,10.0.,B,3.2.,"18. B is correct because it is the standard error of the estimate calculated as the square 
root of the mean square error; (10)^0.5 = 3.2. The mean square error (MSE) is 
calculated as SSE / (n – 2); 280 / (30 – 2) = 10.0, where SSE is the sum of squares 
error.",,
Vikas Vohra,Quantitative Methods,7,Estimation and Inference,19,"An analyst draws samples from an original sample to estimate the standard error of 
a population mean. Which of the following best describes this sampling procedure?",Bootstrap method,Cluster sampling method,Convenience sampling method,A,Bootstrap method,"19. A is correct because in bootstrap, we repeatedly draw samples from the original 
sample, and each resample is of the same size as the original sample. Note that each 
item drawn is replaced for the next draw (i.e., the identical element is put back into 
the group so that it can be drawn more than once). Assuming we are looking to find 

                                                                         
 
the standard error of sample mean, we take many resamples and then compute the 
mean of each resample.",,
Vikas Vohra,Quantitative Methods,10,Simple Linear Regression,20,"The null hypothesis for the F-distributed test statistic in a simple linear regression 
model tests whether the:",slope is equal to zero.,intercept is equal to zero.,slope is not equal to zero.,A,slope is equal to zero.,"20. A is correct because in regression analysis, we can use an F-distributed test statistic 
to test whether the slopes in a regression are equal to zero, with the slopes 
designated as bi, against the alternative hypothesis that at least one slope is not 
equal to zero for simple linear regression, these hypotheses simplify to H0: b1 = 0. 
Ha: b1 ≠ 0.",,
Vikas Vohra,Quantitative Methods,4,Probability Trees and Conditional Expectations,21,"An analyst estimates the probabilities of three possible economic scenarios and the 
probabilities of a stock having a positive or a negative return in each scenario. These 
scenarios are best represented by a:",tree-map.,tree diagram.,probability density function.,B,tree diagram.,"21. B is correct because probabilities for different scenarios and different outcomes 
are best represented using a tree diagram.",,
Vikas Vohra,Quantitative Methods,3,Statistical Measures of Asset Returns,22,"Which of the following is most likely used to detect sentiment shifts in an analyst's 
commentary?",Tokenization,Data curation,Natural language processing,C,Natural language processing,"22. C is correct because NLP [natural language processing] may be used to monitor analyst 
commentary to aid investment decision making. Since analysts tend not to change 
their buy, hold, and sell recommendations for a company frequently, they may instead 
offer nuanced commentary without making a change in their investment 
recommendation. NLP can, therefore, be used to detect, monitor, and tag shifts in 
sentiment, potentially ahead of an analyst's recommendation change.",,
Vikas Vohra,Quantitative Methods,3,Statistical Measures of Asset Returns,23,"Which of the following visualizations is most appropriate for interpreting the 
correlation between two variables?",Tree-map,Scatter plot,Clustered bar chart,B,Scatter plot,"23. B is correct because scatter plots are a very useful tool for the sensible 
interpretation of a correlation coefficient. A scatter plot is a type of graph for 
visualizing the joint variation in two numerical variables. It is a useful tool for 
displaying and understanding potential relationships between the variables.",,
Vikas Vohra,Quantitative Methods,4,Probability Trees and Conditional Expectations,24,Roy's safety-first criterion:,evaluates only downside risk.,uses semideviation as a risk measure.,assumes asset prices are normally distributed.,A,evaluates only downside risk.,"24. A is correct because mean–variance analysis generally considers risk symmetrically in 
the sense that standard deviation captures variability both above and below the mean. 
An alternative approach evaluates only downside risk. We discuss one such approach, 
safety-first rules, as it provides an excellent illustration of the application of normal 
distribution theory to practical investment problems. Safety-first rules focus on 
shortfall risk, the risk that portfolio value will fall below some minimum acceptable 
level over some time horizon. Roy's safety-first criterion states that the optimal 
portfolio minimizes the probability that portfolio return, RP, falls below the 
threshold level, RL.",,
Vikas Vohra,Quantitative Methods,7,Estimation and Inference,25,"All else being equal, when compared to non-probability sampling, probability sampling 
most likely yields:",a less representative sample.,an equally representative sample.,a more representative sample.,C,a more representative sample.,"25. C is correct because probability sampling gives every member of the population an 
equal change of being selected. Hence it can create a sample that is representative 
of the population. In contrast, non-probability sampling depends on factors other 
than probability considerations, such as a sampler's judgment or the convenience to 
access data. Consequently there is a significant risk that non-probability sampling 
might generate a non-representative sample. In general, all else being equal, 
probability sampling can yield more accuracy and reliability compared with non -
probability sampling.",,
Vikas Vohra,Quantitative Methods,8,Hypothesis Testing,26,"An analyst examines 30 paired monthly returns for two stock indexes. To determine 
if the mean difference of the returns is zero, the number of degrees of freedom of 
the t-test is:",28.,29.,58.,B,29.,"26. B is correct because the t-statistic for a paired comparisons test has n – 1 degrees 
of freedom, where n is the number of pairs of observations. When n = 30, the number 
of degrees of freedom is 30 – 1 = 29.",,
Vikas Vohra,Quantitative Methods,3,Statistical Measures of Asset Returns,27,"An analyst calculates the following statistics for a sample with 100 observations: 
 
The interquartile range of the sample is equal to:",31.,82.,348.,B,82.,"27. B is correct because the interquartile range (IQR) is the difference between the 
third quartile and the first quartile, or IQR = Q3 − Q1 "" = 93 – 11 = 82. Quartiles 
divide the distribution into quarters.",,
Vikas Vohra,Quantitative Methods,8,Hypothesis Testing,28,The probability of correctly rejecting a null hypothesis is best defined as the:,p-value.,power of the test.,level of significance.,B,power of the test.,"28. B is correct because the power of a test is the probability of Correct ly rejecting 
the null—that is, the probability of rejecting the null when it is false.",,
Vikas Vohra,Quantitative Methods,3,Statistical Measures of Asset Returns,29,"Ranked in ascending order, the 19th observation in a sample of 75 is in the second:",decile.,quintile.,quartile.,B,quintile.,29. B is correct because the 19th observation is located at the 25th percentile;,,
Vikas Vohra,Quantitative Methods,7,Estimation and Inference,30,Sampling error is the difference between the observed value of a:,random variable and the respective statistic.,random variable and its hypothesized value.,statistic and the quantity it is intended to estimate.,C,statistic and the quantity it is intended to estimate.,"30. C is correct because sampling error is the difference between the observed value of 
a statistic and the quantity it is intended to estimate.",,
Vikas Vohra,Quantitative Methods,7,Estimation and Inference,31,The central limit theorem:,requires that the population be approximately normally distributed.,implies that the sample mean is a consistent estimator of the population mean.,states that the product of independent random variables is normally distributed.,B,implies that the sample mean is a consistent estimator of the population mean.,"31. B is correct because the central limit theorem states that the variance of the 
distribution of the sample mean is σ2/n. The positive square root of variance is 
standard deviation. The standard deviation of a sample statistic is known as the 
standard error of the statistic. The sample mean, in addition to being an efficient 
estimator, is also a consistent estimator of the population mean: As sample size n 
goes to infinity, its standard error, σ/√n, goes to 0 and its sampling distribution 
becomes concentrated right over the value of population mean, µ.",,
Vikas Vohra,Quantitative Methods,4,Probability Trees and Conditional Expectations,32,"An analyst assumes that a company's future EPS will be either $2.00, $2.20, or 
$2.40. If each scenario is equally likely, the variance [in $2] of the company's future 
EPS is closest to:",0.03.,0.16.,0.20.,A,0.03.,"32. A is correct because the variance of a random variable is the expected value (the 
probability-weighted average) of squared deviations from the random variable’s 
expected value: σ2(X) = E[X – E(X)]^2. Since each scenario is equally likely 
(probability = 1/3), E(X) = (2.0 + 2.2 + 2.4)/3 = 2.2, so σ2(X) = [(2.0 – 2.2)^2 + (2.2 – 
2.2)^2 + (2.4 – 2.2)^2]/3 = [0.04 + 0.04]/3 = 0.08/3 = 0.0267 ≈ 0.03 [in $^2].",,
Vikas Vohra,Quantitative Methods,3,Statistical Measures of Asset Returns,33,"An analyst observes the following EPS for four companies: –£0.50, £0.50, £2.50, and 
£5.50. The 50th percentile of the EPS values is closest to:",£1.50.,£2.00.,£2.50.,A,£1.50.,"33. A is correct because the 50th percentile is the median, which is the average of the 
two middle items; (£0.50 + £2.50)/2 = £1.50. In an odd-numbered sample of n items, 
the median occupies the (n + 1)/2 position. In an even-numbered sample, we define 
the median as the mean of the values of items occupying the n/2 and (n + 2)/2 
positions (the two middle items). Calculating the median may also be more complex; 
to do so, we need to order the observations from smallest to largest, determine 
whether the sample size is even or odd and, on that basis, apply one of two 

                                                                         
 
calculations. Alternatively, the 50th percentile when Ly is not a whole number or 
integer, Ly lies between the two closest integer numbers (one above and one below), 
and we use linear interpolation between those two places to determine Py.  That is, 
Ly = (n + 1)(y/100) = (4 + 1)(50/100) = 2.5. Hence, 2 is the closest integer below the 
calculated location and 3 is the closest integer above the calculated location. Using 
linear interpolation, P50 = £0.50 + (£2.50 – £0.50) × (2.5 – 2) = £1.50.",,
Vikas Vohra,Quantitative Methods,10,Simple Linear Regression,34,The standard error of the estimate in a simple linear regression is best described as:,a relative measure of fit for the regression.,"the percentage of the variation of the dependent variable that is explained by 
the independent variable.","a measure of the distance between the observed values of the dependent variable 
and those predicted from the estimated regression.",C,"a measure of the distance between the observed values of the dependent variable 
and those predicted from the estimated regression.","34. C is correct because the standard error of the estimate is a measure of the distance 
between the observed values of the dependent variable and those predicted from the 
estimated regression.",,
Vikas Vohra,Quantitative Methods,3,Statistical Measures of Asset Returns,36,"Which of the following measures best quantifies the amount of risk per unit of mean 
return?",Sharpe ratio,Standard deviation,Coefficient of variation,C,Coefficient of variation,"36. C is correct because the coefficient of variation, CV, is the ratio of the standard 
deviation of a set of observations to their mean value. When the observations are 
returns, for example, the coefficient of variation measures the amount of risk 
(standard deviation) per unit of mean return.",,
Vikas Vohra,Quantitative Methods,3,Statistical Measures of Asset Returns,37,"An analyst gathers the following returns for seven funds: 
 
The second quartile return is:",4%.,5%.,6%.,B,5%.,"37. B is correct because the formula for the position of a percentile in an array with n 
entries sorted in ascending order is Ly = ( n + 1) × y/100, where y is the percentage 
point at which we are dividing the distribution and Ly is the location ( L) of the 
percentile ( Py) in the array sorted in ascending order. With seven entries, the 
location of the second quartile, or 50th percentile, is: Ly = (7 + 1) × 50/100 = 4. When 
placing the funds' returns in ascending order (3%; 3%; 4%; 5%; 7%; 8%; 12%), the 
return of the 4th fund is 5%. 
 
Alternatively, candidates might realize that the second quartile or 50th percentile is 
the median. The median is the value of the middle item of a set of items that has 
been sorted into ascending or descending order. In an odd-numbered sample of n 
items, the median occupies the ( n + 1)/2 position. Hence, the median return is 5%.",,
Vikas Vohra,Quantitative Methods,3,Statistical Measures of Asset Returns,38,The correlation coefficient:,ranges from 0 to 1.,is not affected by outliers.,indicates the strength of the linear relationship between two random variables.,C,indicates the strength of the linear relationship between two random variables.,"38. C is correct because the correlation coefficient expresses the strength of the linear 
relationship between the two random variables.",,
Vikas Vohra,Quantitative Methods,3,Statistical Measures of Asset Returns,39,"If the covariance between two positively correlated random variables remains the 
same but the variance of both variables increases, the correlation between the two 
variables:",decreases.,stays the same.,increases.,A,decreases.,"39. A is correct because the correlation between two random variables, Ri and Rj, is 
defined as ρ(Ri,Rj) = Cov(Ri,Rj)/[σ(Ri)σ(Rj)], where Cov denotes the covariance and σ 
the standard deviation. Since the standard deviation of each asset occurs in the 
denominator of the correlation formula, it is clear that, all else being equal, an 
increase in the variance (hence standard deviation) of either variable will decrease 
the correlation.",,
Vikas Vohra,Quantitative Methods,3,Statistical Measures of Asset Returns,40,The correlation between two variables measures:,only their linear relationship.,only their non-linear relationship.,both their linear and non-linear relationships.,A,only their linear relationship.,"40. A is correct because the correlation coefficient is a measure of the linear association 
between two variables; it would not be appropriate to use the correlation coefficient 
to measure the non-linear relationship between variables.",,
Vikas Vohra,Quantitative Methods,7,Estimation and Inference,41,"Which of the following is required to compute the standard error of a sample mean 
using the bootstrap resampling method?",The mean of each resample,The mean of the original sample,The standard deviation of the original sample,A,The mean of each resample,"41. A is correct because the equation to estimate the standard error of the sample mean 
effectively computes the sample standard deviation of the different means 
generated across all resamples. Hence the mean of each resample is required. 
However, neither the mean, nor the standard deviation, of the original sample are 
required.",,
Vikas Vohra,Quantitative Methods,4,Probability Trees and Conditional Expectations,43,"A tree diagram contains the following information about the dividend per share 
payable by a company under two scenarios: 
 
The expected dividend per share under the favorable scenario is closest to:",$1.14.,$1.37.,$1.90.,C,$1.90.,"43. C is correct because the expected value of a random variable X given an event or 
scenario S is denoted E(X | S). Suppose the random variable X can take on any one of 
n distinct outcomes X1, X2, …, Xn (these outcomes form a set of mutually exclusive 
and exhaustive events). The expected value of X conditional on S is the first outcome, 
X1, times the probability of the first outcome given S, P(X1 | S), plus the second 
outcome, X2, times the probability of the second outcome given S, P(X2 | S), and so 
forth. In our case, S = Favorable scenario, X1 = Dividend of $2.50, X2 = Dividend of 
$1.50, P(X1 | S) = 0.80, and P(X2 | S) = 0.20. Thus, the expected dividend given the 
favorable scenario = (0.80 × $2.00) + (0.20 × $1.50) = $1.90.",,
Vikas Vohra,Quantitative Methods,10,Simple Linear Regression,44,"The simple linear regression model in which only the independent variable is in 
logarithmic form is best described as the:",log-lin model.,"lin-log model. 

Quantitative Methods: Practice Pack 
Faculty: Vikas Vohra                                                                        Page 8 of 22",log-log model.,B,"lin-log model. 

Quantitative Methods: Practice Pack 
Faculty: Vikas Vohra                                                                        Page 8 of 22","44. B is correct because the lin-log model is similar to the log-lin model, but only the 
independent variable is in logarithmic form.",,
Vikas Vohra,Quantitative Methods,4,Probability Trees and Conditional Expectations,45,"An analyst produces the following joint probability function for the returns on two 
companies, X and Y: 
 
The expected returns of companies X and Y are 14% and 9%, respectively. The 
covariance of returns between X and Y (in percent squared) is closest to:",0.,5.,14.,C,14.,"45. C is correct because the formula for calculating the covariance between random 
variables RA and RB is Cov(RA,RB) = ΣΣP(RA,i,RB,j)(RA,i – E[RA])(RB,j – E[RB]). 
 
The expected return (given) for each company is: 
 
E[RX] = 0.2(20) + 0.4(15) + 0.4(10) = 4 + 6 + 4 = 14, 
 
E[RY] = 0.2(15) + 0.4(10) + 0.4(5) = 3 + 4 + 2 = 9. 
 

                                                                         
 
Hence, Cov(RX,RY) = 0.2(20 – 14)(15 – 9) + 0.4(15 – 14)(10 – 9) + 0.4(10 – 14)(5 – 9) = 
0.2(6)(6) + 0.4(1)(1) + 0.4(–4)(–4) = 7.2 + 0.4 + 6.4 = 14.",,
Vikas Vohra,Quantitative Methods,3,Statistical Measures of Asset Returns,46,"An analyst gathers the following sample returns for a security: 
 
The mean absolute deviation of the sample returns is:",less than the sample standard deviation.,equal to the sample standard deviation.,greater than the sample standard deviation.,A,less than the sample standard deviation.,"46. A is correct because the mean absolute deviation of 1.5% is less than the sample 
standard deviation of 1.83%. The mean absolute deviation, MAD, is calculated as:",,
Vikas Vohra,Quantitative Methods,5,Portfolio Mathematics,47,"An equally weighted portfolio consists of two securities, each with a standard 
deviation of 3%. If the two securities' returns are uncorrelated, the portfolio's 
standard deviation is closest to:",0.0%.,2.1%.,3.0%.,B,2.1%.,47. B is correct because the portfolio standard deviation is 2.1%;,,
Vikas Vohra,Quantitative Methods,8,Hypothesis Testing,48,"The probability of correctly rejecting a false null hypothesis is best described as one 
minus the:",test statistic's p-value.,probability of a Type I error.,probability of a Type II error.,C,probability of a Type II error.,"48. C is correct because the power of a test is the probability of Correct ly rejecting 
the null–that is, the probability of rejecting the null when it is false. Failing to reject 
the null hypothesis when it is false is a Type II error. So the power of the test is 
equal to one minus the probability of Type II error.",,
Vikas Vohra,Quantitative Methods,10,Simple Linear Regression,49,"All else being equal, which of the following would most likely lead to a wider prediction 
interval for the dependent variable when re-estimating a linear regression model? An 
increase in the:",sample size,level of significance,standard error of the estimate,C,standard error of the estimate,"49. C is correct because the prediction interval is equal to the predicted value of the 
dependent variable plus/minus the critical t-value times the standard error of the 
forecast. The better the fit of the regression model, the smaller the standard error 
of the estimate (se) and, therefore, the smaller standard error of the forecast. 
When the standard error of the estimate increases, the standard error of the 
forecast will increase, which will lead to a wider prediction interval if holding other 
things constant.",,
Vikas Vohra,Quantitative Methods,10,Simple Linear Regression,50,"With respect to simple linear regression, a residual is best described as the 
difference between the observed value of a dependent variable and:",its mean.,its estimated value using a fitted regression line based on the sample.,its expected value based on the true underlying population relationship.,B,its estimated value using a fitted regression line based on the sample.,"50. B is correct because the residual for the ith observation, ei, is how much the observed 
value of Yi differs from the estimated [value] using the regression line. Further, the 
residual refers to the fitted linear relation based on the sample.",,
Vikas Vohra,Quantitative Methods,3,Statistical Measures of Asset Returns,51,"A portfolio has a mean return of 1.0% and a standard deviation of returns of 2.7%. 
If the specified minimum target return is 1.0%, the sample target semideviation is:",less than 2.7%.,equal to 2.7%.,greater than 2.7%.,A,less than 2.7%.,"51. A is correct because the target downside deviation = [Σ(Xi – B)^2/(n – 1)]^0.5, where 
Xi are the periodic returns below the target return, B is the target return, and n is 
the total number of periods. Since the sample has a standard deviation of 2.7%, it 
will have values below and above its mean of 1.0%. Since the target downside deviation 
ignores the deviations above the mean, it will be less than the standard deviation.",,
Vikas Vohra,Quantitative Methods,3,Statistical Measures of Asset Returns,52,"An analyst discards the lowest 2.5% and the highest 2.5% of values in a sample, and 
computes the mean of the remaining 95% of values. The resulting mean is best 
described as a:",trimmed mean.,harmonic mean.,winsorized mean.,A,trimmed mean.,"52. A is correct because the trimmed mean is computed by excluding a stated small 
percentage of the lowest and highest values and then computing an arithmetic mean 
of the remaining values. For example, a 5% trimmed mean discards the lowest 2.5% 
and the highest 2.5% of values and computes the mean of the remaining 95% of 
values.",,
Vikas Vohra,Quantitative Methods,4,Probability Trees and Conditional Expectations,53,"If a stock's continuously compounded return is normally distributed, the future stock 
price is most likely:",normally distributed.,uniformly distributed.,lognormally distributed.,C,lognormally distributed.,"53. C is correct because the relationship between normal and lognormal distributions is 
if a stock's continuously compounded return is normally distributed, then future 
stock price is necessarily lognormally distributed.",,
Vikas Vohra,Quantitative Methods,7,Estimation and Inference,54,"An analyst considers the population of all existing stocks and selects those where the 
company name starts with the letter P. This sampling procedure is most likely an 
example of:",systematic sampling.,non-probability sampling.,two-stage cluster sampling.,B,non-probability sampling.,"54. B is correct because the sampling procedure does not give every member of the 
population an equal chance of being selected. It is based on the analyst's convenience. 
Non-probability sampling depends on factors other than probability considerations, 
such as a sampler’s judgment or the convenience to access data.",,
Vikas Vohra,Quantitative Methods,4,Probability Trees and Conditional Expectations,55,The lognormal distribution:,is unbounded.,is asymmetrical.,has the same mean as that of its associated normal distribution.,B,is asymmetrical.,"55. B is correct because the two most noteworthy observations about the lognormal 
distribution are that it is bounded below by 0 and it is skewed to the right (it has a 
long right tail), i.e. it is asymmetrical.",,
Vikas Vohra,Quantitative Methods,10,Simple Linear Regression,56,"In simple linear regression analysis, the total sum of squares best describes:",a scatter plot.,the variation of the dependent variable.,a paired observation between variables.,B,the variation of the dependent variable.,"56. B is correct because the variation of Y (the dependent variable) is often referred to 
as the sum of squares total (SST), or the total sum of squares.",,
Vikas Vohra,Quantitative Methods,12,Big Data Projects,57,"The process of representing ownership rights to physical assets on a distributed 
ledger is referred to as:",tokenization.,initial coin offering.,consensus mechanism.,A,tokenization.,"57. A is correct because tokenization is the process of representing ownership rights to 
physical assets on a blockchain or distributed ledger.",,
Vikas Vohra,Quantitative Methods,12,Big Data Projects,58,"Which of the following statements about distributed ledger technology is most  
accurate?",Bitcoin uses a permissioned network.,Miners execute smart contracts in the blockchain.,Tokenization can streamline the transfer of ownership of physical assets.,C,Tokenization can streamline the transfer of ownership of physical assets.,"58. C is correct because through tokenization, the process of representing ownership 
rights to physical assets on a blockchain or distributed ledger, distributed ledger 
technology (DLT) has the potential to streamline this process by creating a single, 
digital record of ownership with which to verify ownership title and authenticity, 
including all historical activity.",,
Vikas Vohra,Quantitative Methods,10,Simple Linear Regression,59,"Which of the following is an underlying assumption of the simple linear regression 
model? The regression residuals:",are normally distributed.,have high correlations across observations.,have different variances across observations.,A,are normally distributed.,"59. A is correct because one of the four key assumptions we need to make to be able to 
draw valid conclusions from a simple linear regression mode is that regression 
residuals are normally distributed.",,
Vikas Vohra,Quantitative Methods,3,Statistical Measures of Asset Returns,60,"For a set of return observations, the coefficient of variation is best described as a 
measure of:",risk per unit of mean return.,mean excess return earned per unit of risk.,average absolute deviation around the mean return.,A,risk per unit of mean return.,"60. A is correct because when the observations are returns, the coefficient of variation 
measures the amount of risk (standard deviation) per unit of mean return.",,
Vikas Vohra,Quantitative Methods,8,Hypothesis Testing,61,"An analyst performs a hypothesis test concerning the difference between the mean 
returns of two portfolios, assuming normally distributed populations with unknown but 
equal variances. If the analyst decides to change the hypothesized difference in mean 
returns from 0% to 1%, which of the following will change?",The value of the test statistic,The degrees of freedom used in the test,The pooled estimate of the common population variance,A,The value of the test statistic,"61. A is correct because when the unknown population variances are equal, a t-test based 
on independent random",,
Vikas Vohra,Quantitative Methods,10,Simple Linear Regression,62,"An analyst tabulates the ranks of four paired observations of random variables X and 
Y as follows: 
 
The Spearman rank correlation coefficient between X and Y is closest to:",–0.2.,0.8.,1.0.,A,–0.2.,"62. A is correct because with n as the sample size, the Spearman rank correlation is given 
by:",,
Vikas Vohra,Quantitative Methods,10,Simple Linear Regression,63,"An analyst runs a simple linear regression to test whether the variation in the demand 
for corn explains the variation in the supply of wheat. In this model, the supply of 
wheat is a(n):",indicator variable.,explained variable.,independent variable.,B,explained variable.,"63. B is correct because variation in the demand for corn is being used to explain the 
variation in the supply of wheat. Therefore the variation in the supply of wheat is the 
dependent variable, or explained variable. We refer to the variable whose variation 
is being explained as the dependent variable, or the explained variable; it is typically 
denoted by Y.",,
Vikas Vohra,Quantitative Methods,3,Statistical Measures of Asset Returns,64,A return distribution with negative skew and a mean of zero most likely has:,frequent small gains and a few extreme losses.,frequent small losses and a few extreme gains.,frequent extreme losses and a few small gains.,A,frequent small gains and a few extreme losses.,"64. A is correct because a return distribution with negative skew has frequent small gains 
and a few extreme losses.",,
Vikas Vohra,Quantitative Methods,10,Simple Linear Regression,65,"If the relationship between the dependent variable and independent variable is linear, 
the regression residuals when plotted against the independent value should appear 
to:",be linear.,be random.,follow a pattern.,B,be random.,"65. B is correct because when we look at the residuals of a model, what we would like to 
see is that the residuals are random. The residuals should not exhibit a pattern when 
plotted against the independent variable.",,
Vikas Vohra,Quantitative Methods,7,Estimation and Inference,66,In which of the following cases is cluster sampling most likely used? When:,conducting a market survey,auditing financial statements,creating a bond portfolio to mirror the performance of a specified index,A,conducting a market survey,"66. A is correct because, in cluster sampling, the population is divided into clusters, each 
of which is essentially a mini-representation of the entire populations. Then certain 
clusters are chosen as a whole using simple random sampling. Cluster sampling is 
commonly used for market surveys, and the most popular version identifies clusters 
based on geographic parameters.",,
Vikas Vohra,Quantitative Methods,7,Estimation and Inference,67,"Samples are drawn from a population that follows a binomial distribution with a 
probability of success on a trial of 0.3. According to the central limit theorem, as the 
sample size increases, the distribution of the sample mean approaches a:",negatively skewed distribution.,symmetric distribution.,positively skewed distribution.,B,symmetric distribution.,"67. B is correct because, according to the central limit theorem, the sampling distribution 
of the sample mean will be approximately normal when the sample size n is large. The 
normal distribution has a skewness of 0 (it is symmetric).  Since the binomial 
distribution has a mean of np and finite variance of np(1 – p), where n is the number 
of trials and p is the probability of success, the central limit theorem holds.",,
Vikas Vohra,Quantitative Methods,3,Statistical Measures of Asset Returns,68,"A graphical depiction of a continuous distribution shows the left tail to be longer than 
the right tail. The distribution is best described as having:",negative skewness.,leptokurtosis.,positive skewness.,A,negative skewness.,"68. A is correct. A negatively skewed distribution appears as if the left tail has been 
pulled away from the mean. The average magnitude of negative deviations from the 
mean is larger than the average magnitude of positive deviations.",,
Vikas Vohra,Quantitative Methods,8,Hypothesis Testing,69,A nonparametric test is most appropriate when:,comparing differences between means.,data are given in ranks.,data meet distributional assumptions.,B,data are given in ranks.,"69. B is correct. A nonparametric test is used under three circumstances: 1) when the 
data do not meet distributional assumptions, 2) when the data are given in ranks, and 
3) when the hypothesis does not concern a parameter.",,
Vikas Vohra,Quantitative Methods,7,Estimation and Inference,70,"Grouping all publicly traded US firms by sector and then randomly selecting 
subsamples of firms from each sector according to the sector's proportion in the 
total population is an example of:",cluster sampling.,simple random sampling.,stratified random sampling.,C,stratified random sampling.,"70. C is correct because, in stratified random sampling, the population is divided into 
subpopulations (strata) based on one or more classification criteria. Simple random 
samples are then drawn from each stratum in sizes proportional to the relative size 
of each stratum in the population.",,
Vikas Vohra,Quantitative Methods,8,Hypothesis Testing,71,"In hypothesis testing, which of the following best describes a Type II error?",Rejecting a true null hypothesis,Rejecting a false null hypothesis,"Failure to reject a false null hypothesis 
 
Solutions",C,"Failure to reject a false null hypothesis 
 
Solutions","71. C is correct because, when we make a decision in a hypothesis test, we run the risk 
of making either a Type I or a Type II error. These are mutually exclusive errors: If 
we mistakenly reject the null hypothesis, we can only be making a Type I error; if we 
mistakenly fail to reject the null, we can only be making a Type II error. 

Portfolio Management: Practice Pack 

candidates for practice purpose.",,
Vikas Vohra,Quantitative Methods,1,Rates and Returns,1,Which of the following statements about pension plans is most accurate?,Defined benefit plans typically have a low risk tolerance.,Defined contribution plans typically have a low risk tolerance.,"The sponsor of a defined benefit plan specifies the obligation owed to 
participants.",B,Defined contribution plans typically have a low risk tolerance.,"1. B is correct because a confidence interval for a parameter is calculated as: Point 
estimate ± Reliability factor × Standard error, where standard error is the standard 
error of the sample statistic providing the point estimate. Thus, sampling error is not 
part of the calculation. Sampling error is the difference between the observed value 
of a statistic and the quantity it is intended to estimate. It is because of sampling 
error that confidence intervals are used.",,
Vikas Vohra,Quantitative Methods,5,Portfolio Mathematics,2,"The process of risk management is best described as the set of decisions that 
maximizes a company's value while:",minimizing the risk taken.,bearing a tolerable level of risk.,predicting the potential risk correctly.,B,bearing a tolerable level of risk.,"2. B is correct because a forecasted value of the dependent variable, Yf, is determined 
using the estimated intercept and slope, as well as the expected or forecasted 
independent variable, Xf: Yf = b0 + b1Xf,"" where b0 and b1 are the estimated 
intercept and slope coefficients, respectively. Hence, Yf = 1.2% + 1.0 × 3.5% = 4.7%. 
 
Next, the prediction interval is Yf ± tcritical for α/2sf,"" where sf denotes the 
standard error of the forecast. Hence, the prediction interval is given by: 4.7% ± 
1.4% × 2.032 ≈ (1.9%, 7.5%).",,
Vikas Vohra,Quantitative Methods,5,Portfolio Mathematics,3,Which of the following is least consistent with effective risk governance?,Taking an enterprise-wide view,Defining the enterprise's risk tolerance,Following a bottom-up process to direct risk management activities,C,Following a bottom-up process to direct risk management activities,"3. C is correct because a holding period return is the return earned from holding an 
asset for a single specified period of time. This return can be generalized and shown 
as a mathematical expression in which P is the price and I is the income: R = (P1 − P0 
+ D1)/P0  Thus, R = ($107 – $100 + $7)/$100 = $14/$100 = 14%.",,
Vikas Vohra,Quantitative Methods,5,Portfolio Mathematics,4,"With regard to an investment policy statement, which of the following statements 
about return objectives is most accurate?",A return objective cannot be a required rate of return.,Return objectives must be set independent of risk objectives.,"When setting a relative return objective, a good benchmark should be investable.",C,"When setting a relative return objective, a good benchmark should be investable.","4. C is correct because a nonparametric test would be less appropriate compared to 
other answers as in this case a parametric test can be used. We may want to test a 
hypothesis concerning the mean of a population but believe that neither t- nor z-
distributed tests are appropriate because the sample is small and may come from a 
markedly non-normally distributed population. In that case, we may use a 
nonparametric test. In our case, the data sample is large, thus a  parametric test can 
be used instead.",,
Vikas Vohra,Quantitative Methods,5,Portfolio Mathematics,5,"The correlation between the risk-free asset and the optimal risky portfolio is 
expected to be:",negative.,zero.,positive.,A,negative.,"5. A is correct because for a Test of Mean Differences (Normally Distributed 
Populations, Unknown Population Variances), when we have data consisting of paired 
observations from samples generated by normally distributed populations with 
unknown variances, a t-test is based on t = (d − µd0)/sd, with n − 1 degrees of freedom, 
where n is the number of paired observations, d is the sample mean difference, and 
sd is the standard error of d.",,
Vikas Vohra,Quantitative Methods,5,Portfolio Mathematics,6,"An investor who can lend and borrow at the risk-free rate builds a portfolio using the 
risk-free asset and the market portfolio. The risk-free rate is 3% and the expected 
market return is 15%. If the expected portfolio return is 18%, the investor's 
portfolio is:",a lending portfolio.,a leveraged portfolio.,the optimal risky portfolio.,C,the optimal risky portfolio.,"6. C is correct because a cryptocurrency, also known as a digital currency, operates as 
electronic currency and allows near-real-time transactions between parties without 
the need for an intermediary, such as a bank.",,
Vikas Vohra,Equity Investments,7,Company Analysis: Forecasting,8,Which of the following statements about scenario analysis is most accurate?,Scenario analysis provides a point estimate forecast,Forecast scenarios can be compared to forecasts implied by current valuations,"Generic risk factors in scenario analysis are assumed to affect all companies in 
the same way",B,Forecast scenarios can be compared to forecasts implied by current valuations,"8. B is correct because investors compare these scenarios with other analysts’ (e.g., 
sell-side analysts) forecasts for a company, as well as forecasts implied by current 
valuations, to make investment decisions.",,
Vikas Vohra,Equity Investments,7,Company Analysis: Forecasting,9,"Which financial statement forecasting approach is best suited for companies in highly 
cyclical industries?",Historical results,Management guidance,Analyst's discretionary forecasts,C,Analyst's discretionary forecasts,"9. C is correct because analyst’s discretionary forecasts include those based on surveys, 
quantitative models, probability distributions, analogies to historical precedents that 
differ from comparable companies or industry averages, and other unobservable 
inputs. This approach is most common for companies in cyclical industries, companies 
that have no or few comparables, those that do not provide management guidance, 
and/or those undergoing a fundamental change like a shift in the competitive or 
regulatory environment.",,
Vikas Vohra,Equity Investments,1,Market Organization and Structure,10,Downside and upside risk factors are most likely included in:,an initial company research report only.,a subsequent company research report only.,both initial and subsequent research reports.,C,both initial and subsequent research reports.,"10. C is correct because downside and upside risk factors are part of the company 
research report element ""Risks"" which is not only part of the initial company research 
report elements but also listed amongst the five elements for the subsequent 
company research report: 1. Front Matter, 2. Recommendation, 3. Analysis of New 
Information, 4. Valuation and 5. Risks.",,
Vikas Vohra,Equity Investments,7,Company Analysis: Forecasting,11,"A natural resources company having access to cheap energy most likely will be able to 
sell its output:",at market price.,above market price.,at a price unilaterally set by management.,A,at market price.,"11. A is correct because in the most competitive markets, where firms are selling nearly 
identical products, firms are price takers—that is, price is dictated by the forces of 
supply and demand—and all firms generally sell at the same price, i.e. the prevailing 
market price. Other attributes of highly competitive markets include little to no 
product differentiation, low barriers to firm entry, available substitutes, a lack of 
customer loyalty, and low switching costs for customers. Many markets fit this 
description, including retail, oil and gas and other natural resources.",,
Vikas Vohra,Equity Investments,1,Market Organization and Structure,12,"[Question is incorrect] An investor considers the following certificates of deposit 
(CDs) available for purchase at face value: 
 
If each CD has the same maturity and default risk, the opportunity cost of investing 
in CD 1 is closest to:",Debt issuances,Share repurchases,Positive net working capital,A,Debt issuances,"12. A is correct because issuing debt will raise money for a company and so is a source of 
capital, not a use.",,
Vikas Vohra,Equity Investments,1,Market Organization and Structure,13,Clearing instructions for an order most likely indicate:,how to fill the order.,when the order may be filled.,how to arrange the settlement of the trade.,C,how to arrange the settlement of the trade.,"13. C is correct because clearing instructions indicate how to arrange the final 
settlement of the trade.",,
Vikas Vohra,Equity Investments,7,Company Analysis: Forecasting,14,"Which of the following statements about forecasting selling, general and 
administrative (SG&A) expenses is most accurate?",General corporate costs are mostly variable costs,"Selling and distribution expenses can be modeled as a percentage of sales 

Equity Investments: Practice Pack 
Faculty: Vikas Vohra                                                                        Page 3 of 43","Overall SG&A expenses have a more direct relationship with revenues than cost 
of goods sold",B,"Selling and distribution expenses can be modeled as a percentage of sales 

Equity Investments: Practice Pack 
Faculty: Vikas Vohra                                                                        Page 3 of 43","14. B is correct because selling and distribution expenses often have a large variable 
component and can be modeled as a percentage of sales.",,
Vikas Vohra,Equity Investments,4,Overview of Equity Securities,15,Preference shares most likely rank above common shares with respect to:,voting rights.,sharing in the operating performance of the company.,the distribution of the company’s net assets upon liquidation.,C,the distribution of the company’s net assets upon liquidation.,"15. C is correct because preference shares (or preferred stock) rank above common 
shares with respect to the payment of dividends and the distribution of the 
company’s net assets upon liquidation.",,
Vikas Vohra,Equity Investments,8,Equity Valuation: Concepts and Basic Tools,16,A free-cash-flow-to-equity model is a(n):,multiplier model.,present value model.,asset-based valuation model.,B,present value model.,16. B is correct because present value models include free-cash-flow-to-equity models.,,
Vikas Vohra,Equity Investments,2,Security Market Indexes,17,"An analyst gathers the following information about an equal-weighted index composed 
of three securities: 
 
The price return of the index is closest to:",20%.,27%.,38%.,B,27%.,"17. B is correct because 26.67% is the price return for an equal-weighted index. 
 
Price return for security A is (End of Period Price / Beginning of Period Price) –1 = 
18/20 – 1 = – 0.1 = – 10%. 
 
Price return for security B is (End of Period Price / Beginning of Period Price) –1 = 
15/10 – 1 = 0.5 = 50% 
 
Price return for security C is (End of Period Price / Beginning of Period Price) –1 = 
21/15 – 1 = 0.4 = 40% 
 
Equal weighting = average of the security's returns = (– 10% + 50% + 40%)/3 = 
26.667% ≈ 26.67%.",,
Vikas Vohra,Equity Investments,1,Market Organization and Structure,18,"A limit order book (in € per share) has the following order prices: 
 
A sell order is behind the market at a price of:",€47.70.,€48.00.,€48.20.,C,€48.20.,"18. C is correct because a buy order placed below the best bid is behind the market. 
Similarly, a sell order that is above the best offer (ask) is said to be behind the 
market. So any sell order higher than 48.00 is behind the market.",,
Vikas Vohra,Equity Investments,4,Overview of Equity Securities,19,"All else being equal, the preference share with the lowest certainty of future cash 
flows and the greatest potential risk for investors is most likely:",putable with non-cumulative dividends.,non-callable with cumulative dividends.,callable with non-cumulative dividends.,C,callable with non-cumulative dividends.,"19. C is correct because a callable preference share with non-cumulative dividends has 
greater uncertainty of cash flows than a putable preference share with non -
cumulative dividends. From an investor's point of view, putable common or preference 
shares are less risky than their callable or non-callable counterparts.  The callable 
preference share with non-cumulative dividends has greater uncertainty of cash 
flows than the non-callable preference share with cumulative dividends on the basis 
of both its callable feature, as previously described, and its non-cumulative feature. 
Cumulative preference shares have lower risk than non-cumulative preference shares.",,
Vikas Vohra,Equity Investments,2,Security Market Indexes,20,"The index weighting method that underrepresents securities that constitute the 
largest fraction of the target market value is most likely the:","price-weighting method. 

Equity Investments: Practice Pack 
Faculty: Vikas Vohra                                                                        Page 4 of 43",equal-weighting method.,market-capitalization-weighting method.,B,equal-weighting method.,"20. B is correct because a disadvantage of an equal-weighted index is that securities that 
constitute the largest fraction of the target market value are underrepresented, and 
securities that constitute a small fraction of the target market value are 
overrepresented.",,
Vikas Vohra,Equity Investments,8,Equity Valuation: Concepts and Basic Tools,21,"An analyst gathers the following information about a company: 
 
If the investor's required rate of return is 10%, the company's ROE is closest to:",6.9%.,8.0%.,9.7%.,A,6.9%.,"21. A is correct because P0/E1 = p/(r – g), where g = b × ROE 
                                                                         
 
 
Restating the equation we arrive at: P0/E1 = p/(r – (b × ROE)) where: 
p = dividend payout ratio = (1 – retention rate) = (1 – b) 
r = required rate of return on the stock 
g = dividend growth rate = retention rate × ROE 
Therefore, P0/E1 = p/(r – (b × ROE)) is rearranged as: P0/E1 = (1 – b)/(r – (b × ROE)) 
Rearranging this equation we arrive at: ROE = (((1 – b)/(P0/E1)) – r)/–b 
ROE = (((1 – 45%)/8) – 10%)/–45% ≈ 6.9%.",,
Vikas Vohra,Equity Investments,7,Company Analysis: Forecasting,22,Which of the following is least likely to directly affect a company's book value?,Changes in the company's net income,Purchases by the company of its own shares,Investor estimates of the company's future cash flows,C,Investor estimates of the company's future cash flows,"22. C is correct because a company's book value is not directly affected by investor 
estimates.",,
Vikas Vohra,Equity Investments,1,Market Organization and Structure,23,"With respect to behavioral biases, when investors tend to be slow to react to new 
information and continue to maintain their prior views, this is best described as:",conservatism.,herding behavior.,representativeness.,A,conservatism.,"23. A is correct because conservative investors tend to be slow to react to new 
information and continue to maintain their prior views or forecasts.",,
Vikas Vohra,Equity Investments,2,Security Market Indexes,24,"If a stock index's constituents make no distributions to their shareholders, the total 
return of the index is:",less than its price return.,equal to its price return.,greater than its price return.,B,equal to its price return.,"24. B is correct because a total return index reflects not only the prices of the 
constituent securities but also the reinvestment of all income received since 
inception. As the constituents securities received no income (e.g. dividends or other 
distributions), the value of the price version equals the value of the total return 
version of the index.",,
Vikas Vohra,Equity Investments,1,Market Organization and Structure,25,"A trader gathers the following limit order information about a stock: 
 
If the trader submits a fill or kill buy order for 20 shares at a limit price of $76.00, 
the trader's average price per share for this trade will be closest to:",$75.80.,$75.97.,$76.00.,B,$75.97.,"25. B is correct because a limit order conveys almost the same instruction: Obtain the 
best price immediately available, but in no event accept a price higher than a specified 
limit price ($76.00) when buying. Furthermore, immediate or cancel orders (IOC) are 
good only upon receipt by the broker or exchange. If they cannot be filled in part or 
in whole, they cancel immediately. In some markets these orders are also known as 
fill or kill orders. That is, 15 units of the stock would trade or execute immediately 
at: 5 units at $75.90 and 10 units at $76.00. The average trade price per unit = ((5 × 
$75.90) + (10 × $76.00)) / 15 ≈ $75.97.",,
Vikas Vohra,Equity Investments,1,Market Organization and Structure,26,An instruction that indicates when an order may be filled is most likely a(n):,validity instruction.,clearing instruction.,execution instruction.,A,validity instruction.,26. A is correct because validity instructions indicate when the order may be filled.,,
Vikas Vohra,Equity Investments,1,Market Organization and Structure,27,A stock dividend:,is relevant for valuation of a company.,involves a reduction in the number of shares outstanding.,does not affect the shareholders' proportional ownership in the company.,C,does not affect the shareholders' proportional ownership in the company.,"27. C is correct because a stock dividend divides the “pie” (the market value of 
shareholders’ equity) into smaller pieces without affecting the value of the pie or any 
shareholder’s proportional ownership in the company.",,
Vikas Vohra,Equity Investments,1,Market Organization and Structure,28,"Common shares that are tradeable on different stock exchanges in different 
currencies are best described as:",global registered shares.,global depository receipts.,a basket of listed depository receipts.,A,global registered shares.,"28. A is correct because a global registered share (GRS) is a common share that is traded 
on different stock exchanges around the world in different currencies.",,
Vikas Vohra,Equity Investments,1,Market Organization and Structure,29,"A sell order that instructs the broker to obtain the best price immediately available 
without specifying a minimum price is a:",stop order.,limit order.,market order.,C,market order.,"29. C is correct because a market order instructs the broker or exchange to obtain the 
best price immediately available when filling the order.",,
Vikas Vohra,Equity Investments,1,Market Organization and Structure,30,"All else being equal, a reverse stock split results in:",a decrease in the number of shares and an increase in the share price.,an increase in the number of shares and a decrease in the share price.,an increase in the number of shares and an increase in the share price.,A,a decrease in the number of shares and an increase in the share price.,"30. A is correct because a reverse stock split involves a reduction in the number of shares 
outstanding with a corresponding increase in share price.",,
Vikas Vohra,Equity Investments,1,Market Organization and Structure,31,"All else being equal, which of the following has the same effect on shareholders' 
wealth as a cash dividend?",A stock split,A stock dividend,A share repurchase,C,A share repurchase,"31. C is correct because a share repurchase is viewed as equivalent to the payment of 
cash dividends of equal value in terms of the effect on shareholders’ wealth, all other 
things being equal.",,
Vikas Vohra,Equity Investments,1,Market Organization and Structure,32,"Sponsored depository receipts most likely differ from unsponsored ones in terms of 
whether:",investors have voting rights.,they are traded on exchanges.,their prices are affected by exchange rate movements.,A,investors have voting rights.,"32. A is correct because a sponsored DR is when the foreign company whose shares are 
held by the depository has a direct involvement in the issuance of the receipts. 
Investors in sponsored DRs have the same rights as the direct owners of the common 
shares (e.g., the right to vote and the right to receive dividends). In contrast, with 
an unsponsored DR, the underlying foreign company has no involvement with the 
issuance of the receipts. Instead, the depository purchases the foreign company’s 
shares in its domestic market and then issues the receipts through brokerage firms 
in the depository’s local market. In this case, the depository bank, not the investors 
in the DR, retains the voting rights.",,
Vikas Vohra,Equity Investments,7,Company Analysis: Forecasting,33,"All else being equal, which of the following are equivalent to stock dividends in terms 
of the economic effect on the company and shareholders?",Stock splits,Cash dividends,Share repurchases,A,Stock splits,"33. A is correct because a stock dividend divides the “pie” (the market value of 
shareholders’ equity) into smaller pieces without affecting the value of the pie or any 
shareholder’s proportional ownership in the company. Thus, stock dividends are not 
relevant for valuation. Stock splits and reverse stock splits are similar to stock 
dividends in that they have no economic effect on the company or shareholders.",,
Vikas Vohra,Equity Investments,8,Equity Valuation: Concepts and Basic Tools,34,Asset-based valuation most likely uses estimates of the company's:,assets only.,assets and liabilities only.,"assets, liabilities and projected cash flow.",B,assets and liabilities only.,"34. B is correct because an asset-based valuation of a company uses estimates of the 
market or fair value of the company’s assets and liabilities.",,
Vikas Vohra,Equity Investments,8,Equity Valuation: Concepts and Basic Tools,35,The dividend discount model assumes that dividends are paid:,quarterly.,half yearly.,at the end of each year.,C,at the end of each year.,"35. C is correct because according to the dividend discount model, each year's dividend 
Dt is the expected dividend in year t, assumed to be paid at the end of the year.",,
Vikas Vohra,Equity Investments,8,Equity Valuation: Concepts and Basic Tools,36,"An analyst gathers the following information about a company and its common stock: 
 
Using the Gordon growth model, the company's dividend payout ratio is closest to:",8%.,33%.,64%.,C,64%.,36. C is correct because according to the Gordon growth model equations,,
Vikas Vohra,Equity Investments,8,Equity Valuation: Concepts and Basic Tools,37,"Asset-based valuation models are most appropriate for companies with a high 
proportion of:",illiquid assets.,current assets.,intangible assets.,B,current assets.,"37. B is correct because asset-based valuations work well for companies that do have a 
high proportion of current assets and current liabilities.",,
Vikas Vohra,Equity Investments,2,Security Market Indexes,38,Both equity and fixed income indexes can be categorized according to the:,currency of payments.,issuer's economic sector.,degree of inflation protection.,B,issuer's economic sector.,"38. B is correct because both equity and fixed income indexes can be constructed 
according to sector. Similar to equities, fixed-income securities can be categorized 
according to the issuer’s economic sector, the issuer’s geographic region, or the 
economic development of the issuer’s geographic region.",,
Vikas Vohra,Equity Investments,3,Market Efficiency,39,Trading by arbitrageurs most likely:,reduces liquidity.,increases pricing discrepancies.,contributes to market efficiency.,C,contributes to market efficiency.,"39. C is correct because arbitrageurs are traders who engage in such trades to benefit 
from pricing discrepancies (inefficiencies) in markets. Such trading activity 
contributes to market efficiency. The presence of these arbitrageurs helps pricing 
discrepancies disappear quickly.",,
Vikas Vohra,Equity Investments,3,Market Efficiency,40,A feature of an efficient market is that:,the market reflects all past and present information.,asset prices react to information that is fully anticipated.,"an investor can earn consistent, superior, risk-adjusted returns.",A,the market reflects all past and present information.,"40. A is correct because an efficient market is thus a market in which asset prices 
reflect all past and present information.",,
Vikas Vohra,Equity Investments,3,Market Efficiency,41,Decreased market efficiency is most likely associated with an increase in:,transaction costs.,"financial disclosure. 

Equity Investments: Practice Pack 
Faculty: Vikas Vohra                                                                        Page 7 of 43",the number of market participants.,A,transaction costs.,"41. A is correct because an increase in transaction costs will increase the price 
discrepancy between market price and efficient price. Higher transaction costs make 
it more expensive for traders to exploit market inefficiencies, thereby decreasing 
market efficiency. Inefficiencies may also be unexploitable if the amount of the 
transaction cost offsets the amount of the price discrepancy. A price discrepancy 
must be sufficiently large to leave the investor with a profit (adjusted for risk) after 
taking account of the transaction costs and information-acquisition costs to reach 
the conclusion that the discrepancy may represent a market inefficiency.",,
Vikas Vohra,Equity Investments,6,Industry and Competitive Analysis,42,Which of the following is most likely a demographic influence on industry growth?,Lifestyle,Distribution of age,Spending behavior,B,Distribution of age,"42. B is correct because changes in distribution of age happen due to demographic 
influence. Changes in population size, in the distributions of age and gender, and in 
other demographic characteristics may have significant effects on economic growth 
and on the amounts and types of goods and services consumed.",,
Vikas Vohra,Equity Investments,2,Security Market Indexes,43,Fixed-income indexes most likely:,are more easily replicated than equity indexes.,require the provider to estimate the prices of some constituent securities.,"are created from a smaller universe of possible constituent securities than the 
universe of equity securities.",B,require the provider to estimate the prices of some constituent securities.,"43. B is correct because compared to equity indexes, fixed-income index providers must 
contact dealers to obtain current prices on constituent securities to update the index 
or they must estimate the prices of constituent securities using the prices of traded 
fixed-income securities with similar characteristics.",,
Vikas Vohra,Equity Investments,2,Security Market Indexes,44,"As time passes after inception, the value of the price version of an index is:",less than the value of the total return version.,equal to the value of the total return version.,greater than the value of the total return version.,A,less than the value of the total return version.,"44. A is correct because at inception, the values of the price and total return versions 
of an index are equal. As time passes, however, the value of the total return index 
will exceed the value of the price return index.",,
Vikas Vohra,Equity Investments,3,Market Efficiency,45,"With respect to behavioral finance, which of the following is least likely a behavioral 
bias used to explain pricing anomalies?",Risk aversion,Loss aversion,Overconfidence,A,Risk aversion,"45. A is correct because behavioral finance allows for the possibility that the dislike for 
risk is not symmetrical, in contrast to the more general models where researchers 
assume that investors do not like risk (risk aversion), whether the risk is that returns 
are higher than expected or lower than expected.",,
Vikas Vohra,Equity Investments,4,Overview of Equity Securities,46,Companies issue equity securities for which of the following purpose(s)?,Making acquisitions only,Ensuring that debt covenants are met only,Both making acquisitions and ensuring that debt covenants are met,C,Both making acquisitions and ensuring that debt covenants are met,"46. C is correct because companies issue equity to both make acquisitions and ensure that 
debt covenants are met.",,
Vikas Vohra,Equity Investments,4,Overview of Equity Securities,47,"The voting method that allows shareholders to cast all their votes for a single 
candidate is best described as:",proxy voting.,statutory voting.,cumulative voting.,C,cumulative voting.,"47. C is correct because cumulative voting allows shareholders to direct their total voting 
rights to specific candidates, as opposed to [statutory voting] having to allocate their 
voting rights evenly among all candidates.",,
Vikas Vohra,Equity Investments,4,Overview of Equity Securities,48,Convertible preference shares most likely:,are riskier than the underlying common shares for investors.,allow investors to benefit from a rise in the price of the common shares.,are issued primarily by companies of lower risk and used as a financing option.,B,allow investors to benefit from a rise in the price of the common shares.,"48. B is correct because convertible preference shares allow investors to benefit from a 
rise in the price of the common shares through the conversion option.",,
Vikas Vohra,Equity Investments,6,Industry and Competitive Analysis,49,"Industries whose revenues and profits are least affected by fluctuations in the 
overall economy are most likely:",growth industries.,cyclical industries.,defensive industries.,C,defensive industries.,"49. C is correct because defensive industries and companies are those whose revenues 
and profits are least affected by fluctuations in overall economic activity. These 
industries/companies tend to produce staple consumer goods (e.g., bread), to provide 
basic services (grocery stores, drug stores, fast food outlets).",,
Vikas Vohra,Equity Investments,1,Market Organization and Structure,50,"If it is difficult to find a buyer or a seller for an asset, the asset most likely trades 
on:",brokered markets.,order-driven markets.,quote-driven markets.,A,brokered markets.,"50. A is correct because brokered markets are markets in which brokers arrange trades 
among their clients. Brokers organize markets for instruments for which finding a 
buyer or seller willing to trade is difficult because the instruments are unique.",,
Vikas Vohra,Equity Investments,8,Equity Valuation: Concepts and Basic Tools,51,A disadvantage of using price multiples to value stocks is that:,multiples are not easily calculated.,cross-sectional comparisons are not possible.,"accounting methods produce different results that are not easily comparable 
across companies.",C,"accounting methods produce different results that are not easily comparable 
across companies.","51. C is correct because differences in reporting rules among different markets and in 
chosen accounting methods can result in revenues, earnings, book values, and cash 
flows that are not easily comparable.",,
Vikas Vohra,Equity Investments,8,Equity Valuation: Concepts and Basic Tools,52,"All else being equal, an increase in which of the following most likely increases a 
company's enterprise value?",Book value of debt,Market value of investments,Market value of preferred stock,C,Market value of preferred stock,"52. C is correct because enterprise value is most frequently determined as market 
capitalization plus market value of preferred stock plus market value of debt minus 
cash and investments (cash equivalents and short-term investments). Therefore, 
enterprise value increases with an increase in the market value of preferred stock.",,
Vikas Vohra,Equity Investments,6,Industry and Competitive Analysis,53,The Global Industry Classification Standard (GICS) classifies industries based on:,statistical similarities.,business-cycle sensitivities.,products and/or services supplied.,C,products and/or services supplied.,"53. C is correct because examples of classification systems based on products and/or 
services include the commercial classification systems ... namely, the Global Industry 
Classification Standard (GICS).",,
Vikas Vohra,Equity Investments,2,Security Market Indexes,54,Which of the following indexes is composed of futures contracts?,Commodity index,Hedge fund index,Broad equity market index,A,Commodity index,"54. A is correct because commodity indexes consist of futures contracts on one or more 
commodities.",,
Vikas Vohra,Equity Investments,6,Industry and Competitive Analysis,55,External factors affecting an industry's growth most likely include:,cost structures.,economies of scale.,technological influences.,C,technological influences.,"55. C is correct because external factors affecting an industry's growth include 
macroeconomic, technological, demographic, governmental, and social influences.",,
Vikas Vohra,Equity Investments,4,Overview of Equity Securities,56,Which of the following is most likely used to raise funds for a capital project?,Equity issuance only,A stock dividend only,Both equity issuance and a stock dividend,A,Equity issuance only,"56. A is correct because companies often raise money for projects by selling (issuing) 
ownership interests (e.g., corporate common stock or partnership interests). 
Although these equity instruments legally represent ownership in companies rather 
than loans to the companies, selling equity to raise capital is simply another mechanism 
for moving money from the future to the present.",,
Vikas Vohra,Equity Investments,4,Overview of Equity Securities,57,"In dividend payment chronology, the ex-dividend date most likely comes after the:",record date.,payment date.,declaration date.,C,declaration date.,"57. C is correct because first is the declaration date, the day that the company issues a 
statement declaring a specific dividend. Next comes the ex-dividend date (or ex- 
date), the first date that a share trades without (i.e., “ex”) the dividend.",,
Vikas Vohra,Equity Investments,8,Equity Valuation: Concepts and Basic Tools,58,"An analyst gathers the following information about an industry and three comparable 
companies within the industry: 
 
Based only on this information, the most overvalued company is:",Company 1.,Company 2.,Company 3.,A,Company 1.,"58. A is correct because Company 1's P/S and P/B are both the highest compared to 
those of its two peers and the industry average. All else being equal, high P/S and 
P/B multiples point to relatively expensive valuations. Therefore, in the absence of 
conflict between the indications given by P/S and P/B (as both measures are the 
                                                                         
 
highest for the same company), the company most likely to be overvalued is Company",,
Vikas Vohra,Equity Investments,6,Industry and Competitive Analysis,59,Which of the following industries or sectors is most likely classified as cyclical?,Utilities,Industrials,Health care,B,Industrials,"59. B is correct because examples of cyclical industries and broader sectors are autos, 
housing, basic materials, industrials, and technology.",,
Vikas Vohra,Equity Investments,2,Security Market Indexes,60,"An increase in shares held by controlling shareholders most likely impacts the 
constituent weightings of a(n):",price-weighted index.,equal-weighted index.,float-adjusted market-capitalization-weighted index.,C,float-adjusted market-capitalization-weighted index.,"60. C is correct because float-adjusted market-capitalization-weighted indexes reflect 
the shares available for public trading [excluding the ones held by controlling 
shareholders] by multiplying the market price per share by the number of shares 
available to the investing public (i.e., the float-adjusted market capitalization), which 
means constituent weights are impacted.",,
Vikas Vohra,Equity Investments,8,Equity Valuation: Concepts and Basic Tools,61,Free-cash-flow-to-equity is equal to cash flow from operations:,less fixed capital investment less net borrowing.,less fixed capital investment plus net borrowing.,plus fixed capital investment less net borrowing.,B,less fixed capital investment plus net borrowing.,"61. B is correct because free-cash-flow-to-equity (FCFE) can be expressed as FCFE = 
CFO – FCInv + Net borrowing where CFO is cash flow from operations and FCInv is 
fixed capital investment.",,
Vikas Vohra,Equity Investments,2,Security Market Indexes,62,"Over time, which of the following indexes most likely has portfolio weights that shift 
away from securities that have increased in relative value and toward securities that 
have fallen in relative value? A:",price-weighted index,fundamentally weighted index,market-capitalization-weighted index,B,fundamentally weighted index,"62. B is correct because fundamentally weighted indexes generally will have a contrarian 
'effect' in that the portfolio weights will shift away from securities that have 
increased in relative value and toward securities that have fallen in relative value 
whenever the portfolio is rebalanced.",,
Vikas Vohra,Equity Investments,8,Equity Valuation: Concepts and Basic Tools,63,"An analyst gathers the following data for three companies in the same industry (in 
millions): 
 
Based on enterprise value multiples, which of the three companies is likely the most 
undervalued?",Company 1,Company 2,Company 3,A,Company 1,"63. A is correct because EV is often viewed as the cost of a takeover and EBITDA is a 
proxy for operating cash flow. Companies with relatively low EV/EBITDA multiples 
are likely to be undervalued. Company 1 has the lowest EV/EBITDA multiple among 
the three. 
 
Company 1: EV/EBITDA = 100,000,000 / 8,000,000 = 12.5; 
Company 2: EV/EBITDA = 150,000,000 / 10,000,000 = 15.0; 
Company 3: EV/EBITDA = 200,000,000 / 15,000,000 = 13.3.",,
Vikas Vohra,Equity Investments,2,Security Market Indexes,64,Which of the following statements best describes hedge fund indexes?,Index constituents are regulated entities,Potential survivorship bias is reduced by voluntary performance reporting,"There may be little overlap in index constituents between different indexes 
offered by different index providers",C,"There may be little overlap in index constituents between different indexes 
offered by different index providers","64. C is correct because frequently, a hedge fund reports its performance to only one 
database. The result is little overlap of funds covered by the different indices. With 
little overlap between their constituents, different global hedge funds indices may 
reflect very different performance for the hedge fund industry over the same period 
of time.",,
Vikas Vohra,Equity Investments,3,Market Efficiency,65,"A market where security prices fully reflect all publicly known and available 
information, but not private information, is:",weak-form efficient.,semi-strong-form efficient.,strong-form efficient.,B,semi-strong-form efficient.,"65. B is correct because in a semi-strong-form efficient market, prices reflect all 
publicly known and available information.",,
Vikas Vohra,Equity Investments,3,Market Efficiency,66,"In a highly efficient market, a passive investment strategy most likely has:",higher transaction costs than an active strategy.,lower information-seeking costs than an active strategy.,higher risk-adjusted returns before all expenses than an active strategy.,B,lower information-seeking costs than an active strategy.,"66. B is correct because in a highly efficient market, a passive investment strategy (i.e., 
buying and holding a broad market portfolio) that does not seek superior risk -
adjusted returns is preferred to an active investment strategy because of lower 
costs (for example, transaction and information-seeking costs).",,
Vikas Vohra,Equity Investments,3,Market Efficiency,67,Fundamental analysis most likely:,uses stock price patterns to trade.,is an input for passive portfolio management.,helps participants understand the value implications of information.,C,helps participants understand the value implications of information.,"67. C is correct because fundamental analysis is necessary in a well-functioning market 
because this analysis helps the market participants understand the value implications 
of information.",,
Vikas Vohra,Equity Investments,6,Industry and Competitive Analysis,68,Which of the following is considered an external influence on industry growth?,Social trends,Barriers to entry,Industry concentration,A,Social trends,"68. A is correct because external factors affecting an industry’s growth include 
macroeconomic, technological, demographic, governmental, and social influences.",,
Vikas Vohra,Equity Investments,3,Market Efficiency,69,"In a weak-form efficient market, which of the following information is reflected in 
security prices?",Historical prices only,Historical prices and historical trading volumes only,"Historical prices, historical trading volumes, and current earnings",B,Historical prices and historical trading volumes only,"69. B is correct because in the weak-form efficient market hypothesis, security prices 
fully reflect all past market data, which refers to all historical price and trading 
volume information.",,
Vikas Vohra,Equity Investments,2,Security Market Indexes,70,Security market indices most likely serve as proxies for:,nonsystematic risk.,asset classes in asset allocation models.,the fair value of assets in asset-based valuation models.,B,asset classes in asset allocation models.,"70. B is correct because indices play a critical role as proxies for asset classes in asset 
allocation models.",,
Vikas Vohra,Equity Investments,2,Security Market Indexes,71,"When constructing an equity index, each company's weight in the index is dependent 
on its number of shares outstanding if the index is:",price weighted.,equal weighted.,market-capitilization weighted.,C,market-capitilization weighted.,"71. C is correct because in market-capitalization weighting, or value weighting, the weight 
on each constituent security is determined by dividing its market capitalization by 
the total market capitalization (the sum of the market capitalization) of all the 
securities in the index. Market capitalization or value is calculated by multiplying the 
number of shares outstanding by the market price per share.",,
Vikas Vohra,Equity Investments,4,Overview of Equity Securities,72,"All else being equal, which of the following preference shares pays the lowest 
dividend?",Putable,Callable,Non-callable,A,Putable,"72. A is correct because from an investor's point of view, putable common or preference 
shares are less risky than their callable or non-callable counterparts because they 
give the investor the option to sell the shares to the issuer at a pre-determined price. 
As a result, putable shares generally pay a lower dividend than non-putable shares.",,
Vikas Vohra,Equity Investments,1,Market Organization and Structure,73,"When an investment bank guarantees the sale of an entire issue at a negotiated 
offering price, this best describes a(n):",rights offering.,best effort offering.,underwritten offering.,C,underwritten offering.,"73. C is correct because in an underwritten offering —the most common type of 
offering—the investment bank guarantees the sale of the issue at an offering price 
that it negotiates with the issuer.",,
Vikas Vohra,Equity Investments,4,Overview of Equity Securities,74,"Management is more likely to focus on short-term results instead of long-term 
earnings growth if a company raises equity through:",venture capital.,a leveraged buyout.,an initial public offering.,C,an initial public offering.,"74. C is Correct because in operating a publicly traded company, management often feels 
pressured to focus on short-term results (e.g., meeting quarterly sales and earnings 
targets from analysts biased toward near-term price performance) instead of 
operating the company to obtain long-term sustainable revenue and earnings growth.",,
Vikas Vohra,Equity Investments,2,Security Market Indexes,75,"An analyst gathers the following information about a security index: 
 
If the index's value is 100 at the beginning of Period 1, the index's value at the end 
of Period 3 is closest to:",103.,105.,106.,B,105.,"75. B is correct because it is the value of the index at the end of period 3 = Beginning 
value × (1+Period 1 return) × (1 + Period 2 return) × (1 + Period 3 return) = 100 × (100 
+ 12%) × (100 – 8%) × (1 + 2%) ≈ 105.10, which is closest to 105.",,
Vikas Vohra,Equity Investments,3,Market Efficiency,76,"If the cost to fill trades increases, the market's informational efficiency most likely:",decreases.,remains the same.,increases.,A,decreases.,"76. A is correct because how accurately prices reflect fundamental information depends 
on the costs of obtaining fundamental information and on the liquidity available to 
well-informed traders. If filling orders is very costly, informed trading may not be 
profitable. In that case, information-motivated traders will not commit resources to 
collect and analyze data and they will not trade. Without their research and their 
associated trading, prices would be less informative.",,
Vikas Vohra,Equity Investments,8,Equity Valuation: Concepts and Basic Tools,77,"An analyst gathers the following information about a company and the economy: 
 
The best estimate of the company's dividend growth rate is:",5.8%.,"6.7%. 

Equity Investments: Practice Pack 
Faculty: Vikas Vohra                                                                        Page 12 of 43",7.4%.,B,"6.7%. 

Equity Investments: Practice Pack 
Faculty: Vikas Vohra                                                                        Page 12 of 43","77. B is correct because justified forward P/E = p / (r – g), where p = payout ratio = (1 – 
retention rate) and r = required rate of return = nominal risk -free rate + risk 
premium. 
22 = (1 – 0.60) / ((0.025 + 0.06) – g). 
22 = 0.40 / (0.085 – g) and g = 0.0668 ≈ 6.7%.",,
Vikas Vohra,Equity Investments,4,Overview of Equity Securities,78,"Financial intermediaries that help their clients arrange seasoned securities offerings 
are best known as:",investment banks.,commercial banks.,multi-lateral trading facilities.,A,investment banks.,"78. A is correct because investment banks provide advice to their mostly corporate 
clients and help them arrange transactions such as initial and seasoned securities 
offerings. Additionally, a seasoned security is a security that an issuer has already 
issued. If the issuer wants to sell additional units of a previously issued security, it 
makes a seasoned offering (sometimes called a secondary offering).",,
Vikas Vohra,Equity Investments,3,Market Efficiency,79,"Over the long run, if a market is semi-strong-form efficient, which of the following 
investment strategies should result in the highest return to investors? A(n):",passive investment strategy,active trading strategy seeking to exploit price patterns,active trading strategy seeking to exploit public information,A,passive investment strategy,"79. A is correct because if securities markets are weak-form and semi-strong-form 
efficient, the implication is that active trading, whether attempting to exploit price 
patterns or public information, is not likely to generate abnormal returns. In other 
words, portfolio managers cannot beat the market on a consistent basis, so therefore, 
passive portfolio management should outperform active portfolio management.",,
Vikas Vohra,Equity Investments,2,Security Market Indexes,80,A multi-market index is most appropriately used as a benchmark:,for a single country ETF.,for a small-capitalization growth stock manager.,to calculate beta for the portfolio of a global stock manager.,C,to calculate beta for the portfolio of a global stock manager.,"80. C is correct because indexes also serve as market proxies when measuring risk-
adjusted performance. The beta of an actively managed portfolio allows investors to 
form a passive alternative with the same level of systematic risk. In this case, multi-
market indexes usually comprise indexes from different countries would serve as 
benchmarks to calculate beta for the portfolios of global stock managers.",,
Vikas Vohra,Equity Investments,8,Equity Valuation: Concepts and Basic Tools,82,"An investor gathers the following information about a company and its common stock: 
 
If the required rate of return is 10%, using the Gordon growth model, the intrinsic 
value per share of the stock is closest to:",$14.56.,$19.23.,$20.15.,C,$20.15.,"82. C is correct because intrinsic value = V0 = D1/(r – g). Therefore, V0 = $1.048/(0.10 – 
0.048) = $1.048/0.052 ≈ $20.15, where: 
 
g = ROE × retention rate = 0.12 × (1 – 0.60) = 0.048; 
 
D1 = D0 × (1 + g) = $1.00 × 1.048 = $1.048.",,
Vikas Vohra,Equity Investments,3,Market Efficiency,83,"According to the efficient market hypothesis, if market prices reflect private 
information, the market is most likely:",strong-form efficient.,weak-form efficient only.,"semi-strong-form efficient, but not strong-form efficient.",A,strong-form efficient.,"83. A is correct because in the case of a strong-form efficient market, insiders would 
not be able to earn abnormal returns from trading on the basis of private information. 
Market prices reflect private information under strong form market efficiency.",,
Vikas Vohra,Equity Investments,6,Industry and Competitive Analysis,84,The Global Industry Classification Standard's broadest level of classification is a(n):,sector.,industry.,industry group.,A,sector.,"84. A is correct because in the GICS each company is assigned to a sub -industry 
according to its principal business activity. Each sub-industry belongs to a particular 
industry; each industry belongs to an industry group; and each group belongs to a 
sector. In June 2009, the GICS classification structure comprised four levels of 
detail consisting of 154 sub- industries, 68 industries, 24 industry groups, and 10 
sectors. Therefore, a sector is the broadest level of classification.",,
Vikas Vohra,Equity Investments,3,Market Efficiency,85,"In which of the following forms of market efficiency are investors able to 
consistently outperform the market using fundamental analysis?",Weak-form market efficiency,Semi-strong-form market efficiency,Strong-form market efficiency,A,Weak-form market efficiency,"85. A is correct because in the weak form of market efficiency, market prices reflect 
all past market data; however, it does not incorporate all public information. 
Therefore, investors may use fundamental analysis to outperform the market.",,
Vikas Vohra,Equity Investments,2,Security Market Indexes,86,Which of the following indexes are regularly rebalanced by the index provider?,Price-weighted indexes only,Equal-weighted indexes only,Both price-weighted indexes and equal-weighted indexes,B,Equal-weighted indexes only,"86. B is correct because rebalancing is necessary because the weights of the constituent 
securities change as their market prices change. The weights of the securities in the 
equal-weighted index at the end of the period are no longer equal. Therefore equal-
weighted indexes are regularly rebalanced.",,
Vikas Vohra,Equity Investments,6,Industry and Competitive Analysis,87,"Which of the following best describes an industry-level force in a thorough industry 
analysis?",Threat of new entrants,Demographic influences,Technological influences,A,Threat of new entrants,"87. A is correct because industry-level forces driving industry competition include: 
threat of new entrants, substitution threats, customer and supplier bargaining 
forces, the competitive forces in the industry (rivalry), life -cycle issues, and 
business-cycle considerations.",,
Vikas Vohra,Equity Investments,2,Security Market Indexes,88,"An analyst gathers the following information about a price-weighted index composed 
of three stocks: 
 
The index's price return is closest to:",5.6%.,11.1%.,25.2%.,A,5.6%.,"88. A is correct because it is the price return for the price-weighted index of the three 
stocks and is computed as follows: The price return of an index is expressed as",,
Vikas Vohra,Equity Investments,6,Industry and Competitive Analysis,89,Commercial industry classification systems are most likely updated:,less frequently than government classification systems.,as frequently as government classification systems.,more frequently than government classification systems.,C,more frequently than government classification systems.,"89. C is Correct because most government and commercial classification systems are 
reviewed and, if necessary, updated from time to time. Generally, commercial 
classification systems are adjusted more frequently than government classification 
systems, which may be updated only every five years or so.",,
Vikas Vohra,Equity Investments,8,Equity Valuation: Concepts and Basic Tools,90,"A company's net income available to ordinary shareholders divided by the average 
total book value of equity is best described the:",company's intrinsic value.,company's return on equity.,minimum required rate of return of investors in the company's equity.,B,company's return on equity.,"90. B is correct because return on equity (ROE) is computed as net income available to 
ordinary shareholders (i.e., after preferred dividends have been deducted) divided 
by the average total book value of equity (BVE).",,
Vikas Vohra,Equity Investments,2,Security Market Indexes,91,A world equity index is most likely considered a:,style index.,sector index.,multi-market index.,C,multi-market index.,"91. C is correct because multi-market indexes usually comprise indexes from different 
countries and regions and are designed to represent multiple security markets. Multi-
market indexes may represent multiple national markets, geographic regions, 
economic development groups, and, in some cases, the entire world. World indexes 
are of importance to investors who take a global approach to equity investing without 
any particular bias toward a particular country or region.",,
Vikas Vohra,Equity Investments,4,Overview of Equity Securities,92,"All else being equal, which of the following preference share characteristics may 
contain provisions that entitle shareholders to an additional distribution of the 
company's assets upon liquidation, above the par value?",Callable,Cumulative,Participating,C,Participating,"92. C is correct because of the three characteristics, only the participating 
characteristic is most directly affected by liquidation of the company. Participating 
preference shares can also contain provisions that entitle shareholders to an 
additional distribution of the company's assets upon liquidation, above the par (or 
face) value of the preference shares.",,
Vikas Vohra,Equity Investments,8,Equity Valuation: Concepts and Basic Tools,93,"A three-stage dividend discount model is most appropriate for valuing a company that 
is:",mature.,transitioning to maturity.,young and entering the growth phase.,C,young and entering the growth phase.,"93. C is correct because one can make the case that a three-stage DDM would be most 
appropriate for a fairly young company, one that is just entering the growth phase.",,
Vikas Vohra,Equity Investments,7,Company Analysis: Forecasting,94,A company's management is most likely able to directly influence the company's:,book value.,market value.,intrinsic value.,A,book value.,"94. A is correct because management's decisions directly influence a company's net 
income, they also directly influence its book value of equity.",,
Vikas Vohra,Equity Investments,8,Equity Valuation: Concepts and Basic Tools,95,"In contrast to the market value of an equity security, intrinsic value is most likely:",not known with certainty.,constant throughout the life of the security.,determined by the intersection of supply and demand.,A,not known with certainty.,"95. A is correct because market value is the price at which an asset can currently be 
bought or sold. Intrinsic value (sometimes called fundamental value) is, broadly 
speaking, the value that would be placed on it by investors if they had a complete 
understanding of the asset's investment characteristics. Intrinsic value can be 
estimated but is not known for certain.",,
Vikas Vohra,Equity Investments,4,Overview of Equity Securities,96,Short sellers are most likely exposed to:,unlimited gains and limited losses.,limited gains and unlimited losses.,unlimited gains and unlimited losses.,B,limited gains and unlimited losses.,"96. B is correct because short sellers create short positions in securities by borrowing 
securities from security lenders who are long holders. The short sellers then sell the 
borrowed securities to other traders. The potential gains on a short position are 
limited to no more than 100 percent whereas the potential losses are unbounded.",,
Vikas Vohra,Equity Investments,4,Overview of Equity Securities,97,In which markets are government bills most likely traded?,Money markets,Capital markets,Alternative investment markets,A,Money markets,"97. A is correct because money markets trade debt instruments maturing in one year or 
less. The most common such instruments are repurchase agreements, negotiable 
certificates of deposit, government bills.",,
Vikas Vohra,Equity Investments,8,Equity Valuation: Concepts and Basic Tools,98,Enterprise value is most likely associated with:,multiplier models.,present value models.,asset-based valuation models.,A,multiplier models.,"98. A is correct because multiplier models are based chiefly on share price multiples or 
enterprise value multiples. Enterprise value (EV) multiples have the form (Enterprise 
value)/(Value of a fundamental variable). Two possible choices for the denominator 
are earnings before interest, taxes, depreciation, and amortization (EBITDA) and 
total revenue.",,
Vikas Vohra,Equity Investments,4,Overview of Equity Securities,99,A characteristic of real assets is that they most likely:,trade in liquid markets.,are inexpensive to manage.,are unique assets with different attributes.,C,are unique assets with different attributes.,"99. C is correct because real assets are unique properties in the sense that no two 
properties are alike.",,
Vikas Vohra,Equity Investments,4,Overview of Equity Securities,100,"If a European investor believes the US equity market will decline in the next three 
months, the transaction most likely to allow the investor to profit from this view is 
the purchase of a:",put option.,call option.,currency swap.,A,put option.,"100. A is correct because option holders generally will exercise call options if the 
strike price is below the market price of the underlying instrument, in which case, 
they will be able to buy at a lower price than the market price. Similarly, they will 
exercise put options if the strike price is above the underlying instrument price so 
that they will sell at a higher price than the market price. Therefore, if the investor 
purchases a put option and the US market declines, they will profit by buying at the 
lower market price and selling at the higher strike price.",,
Vikas Vohra,Equity Investments,1,Market Organization and Structure,101,"If the ability of clients to identify competent agents increases, the need for 
regulation most likely:",decreases.,remains the same.,increases.,A,decreases.,"101. A is correct because regulation would not be necessary if customers could identify 
competent agents and effectively measure their performance. Therefore an increase 
in client ability to identify competent agents would reduce the need for regulation.",,
Vikas Vohra,Equity Investments,8,Equity Valuation: Concepts and Basic Tools,102,"An analyst gathers the following book value information about a company and its 
common shares: 
 
The analyst estimates the market value of net fixed assets to be 125% of book value 
and the market value of inventories to be 90% of book value. If the stock is currently 
trading at €19.50 per share, the asset-based value per share is most likely:",less than the market price.,equal to the market price.,greater than the market price.,B,equal to the market price.,"102. B is correct because the asset-based per share value is: market value of assets 
less market value of liabilities = (Total assets + increase in net fixed assets – decrease 
                                                                         
 
in inventories – total liabilities) / shares outstanding = [(150 + ((80 × 1.25) – 80) + ((20 
× 0.90) – 20) – 90)] / 4 = (150 + 20 – 2 – 90) / 4 = 19.50. This is the same as the market 
price.",,
Vikas Vohra,Equity Investments,8,Equity Valuation: Concepts and Basic Tools,103,The book value of a company's equity is:,the present value of its future cash flows.,the difference between its total assets and total liabilities.,its share price multiplied by the number of outstanding shares.,B,the difference between its total assets and total liabilities.,"103. B is correct because the book value of a company’s equity is the difference 
between its total assets and total liabilities.",,
Vikas Vohra,Equity Investments,8,Equity Valuation: Concepts and Basic Tools,104,A company's ROE most likely decreases if shareholders' equity increases at:,a lower rate than net income.,the same rate as net income.,a higher rate than net income.,C,a higher rate than net income.,"104. C is Correct because ROE can increase if net income increases at a faster rate 
than shareholders' equity or if net income decreases at a slower rate than 
shareholders' equity.",,
Vikas Vohra,Equity Investments,2,Security Market Indexes,105,"An equity index representing groups of securities classified on the basis of 
market capitalization is most likely a:",style index.,sector index.,multi-market index.,A,style index.,"105. A is correct because style indexes represent groups of securities classified 
according to market capitalization, value, growth, or a combination of these 
characteristics. They are intended to reflect the investing styles of certain 
investors, such as the growth investor, value investor, or small-cap investor.",,
Vikas Vohra,Equity Investments,8,Equity Valuation: Concepts and Basic Tools,106,"An analyst gathers the following information about common shares: 
 
If the investor's required rate of return is 9%, the company's justified forward P/E 
is:",less than the peer group's justified forward P/E.,the same as the peer group's justified forward P/E.,greater than the peer group's justified forward P/E.,B,the same as the peer group's justified forward P/E.,"106. B is correct because the company's justified forward P/E is the same as the peer 
group's justified forward P/E. The company's justified forward P/E = p / (r – g) = 
0.40 / (0.09 – 0.05) = 10.0. The peer group's justified forward P/E = 0.50 / (0.09 – 
0.04) = 10.0.",,
Vikas Vohra,Equity Investments,1,Market Organization and Structure,107,"An analyst gathers the following information about a company's shares: 
 
All else being equal, at the beginning of trading on 20 August, the company's shares 
will most likely trade at:",$28.50.,$29.00.,$29.50.,A,$28.50.,"107. A is correct because the ex-dividend date (or ex-date) is the first date that a 
share trades without (i.e., 'ex') the dividend. Because buyers of a company's shares 
on the ex-dividend date are no longer eligible to receive the upcoming dividend, all 
else being equal, on that day the company's share price immediately decreases by the 
amount of the foregone dividend. If the share trades at $29.00 on 19 August (the 
day before ex-date) and the upcoming dividend is $0.50, then all else being equal, the 
shares would trade at $28.50 ($29.00 - $0.50) on the ex-date.",,
Vikas Vohra,Equity Investments,1,Market Organization and Structure,108,"An analyst gathers the following information about a company's dividend payment 
chronology: 
 
The last date an investor can purchase the company's stock and be entitled to receive 
the dividend is most likely:",1 August.,2 August.,4 August.,A,1 August.,"108. A is correct because the ex-dividend date (or ex-date) is the first date that a 
share trades without (i.e., 'ex') the dividend. Thus, an investor will be able to receive 
the company's dividend if he purchases shares no later than on 1 August, one business 
day before ex-date of 2 August.",,
Vikas Vohra,Equity Investments,3,Market Efficiency,109,The January effect is an example of:,loss aversion.,an earnings surprise.,a market pricing anomaly.,C,a market pricing anomaly.,"109. C is correct because the January effect, has been observed in most equity 
markets around the world. This anomaly is also known as the ""turn -of-the-year"" 
effect. The January effect is a time series anomaly and is an observed pricing 
anomaly.",,
Vikas Vohra,Equity Investments,8,Equity Valuation: Concepts and Basic Tools,110,"An investor gathers the following data regarding three stocks: 
 
All else being equal, the investor should purchase:",Stock 1.,Stock 2.,Stock 3.,B,Stock 2.,"110. B is correct because the expected rate of return for Stock 2 exceeds the 
investor's required rate of return. In other words, the cost of equity can be thought 
of as the minimum expected rate of return that a company must offer its investors 
to purchase its shares in the primary market and to maintain its share price in the 
secondary market. If this expected rate of return is not maintained in the secondary 
market, then the share price will adjust so that it meets the minimum required rate 
                                                                         
 
of return demanded by investors. For example, if investors require a higher rate of 
return on equity than the company’s cost of equity, they would sell their shares and 
invest their funds elsewhere resulting in a decline in the company’s share price.",,
Vikas Vohra,Equity Investments,3,Market Efficiency,111,Behavioral finance:,suggests that behavioral biases only affect novice investors.,provides a possible explanation for a number of pricing anomalies.,"relies on the assumption that people consider all available information in decision-
making.",B,provides a possible explanation for a number of pricing anomalies.,"111. B is correct because the focus of much of the work in this area is on the behavioral 
biases that affect investment decisions. The behavior of individuals, in particular 
their behavioral biases, has been offered as a possible explanation for a number of 
pricing anomalies.",,
Vikas Vohra,Equity Investments,8,Equity Valuation: Concepts and Basic Tools,112,"An analyst gathers and estimates the following information about a company's 
stock: 
 
If the estimated stock value using the Gordon growth model is $92 per share, the 
required return on this stock is closest to:",8.35%.,8.52%.,9.44%.,B,8.52%.,"112. B is correct because the Gordon growth model is V0 = D1 / (r – g), where V0 is 
current value, D1 is next year's dividend (D0 × (1 + g)), r is required return and g is 
growth rate. Solving this equation for r is r = D1 / V0 + g = (D0 × (1 + g)) / V0 + g. r = 
($4 × (1 + 4%)) / $92 + 4% = ($4.16) / $92 + 4% = 8.522%, which is closest to 8.52%.",,
Vikas Vohra,Equity Investments,1,Market Organization and Structure,113,The first date that a share trades without the declared dividend is the:,ex-date.,payable date.,declaration date.,A,ex-date.,"113. A is correct because the ex-dividend date (or ex-date), the first date that a 
share trades without (i.e., “ex”) the dividend.",,
Vikas Vohra,Equity Investments,8,Equity Valuation: Concepts and Basic Tools,114,"A $25 par value non-callable, non-convertible preferred share pays an annual 
dividend rate of 5%. If the required rate of return is 4%, the preferred share's 
intrinsic value is closest to:",$25.25.,$26.00.,$31.25.,C,$31.25.,114. C is correct because the estimated intrinsic value = $1.25 / 0.04 = $31.25.,,
Vikas Vohra,Equity Investments,4,Overview of Equity Securities,115,"An investor buys a security on margin posting 50% of the initial price as equity. 
All else being equal, if the price declines 25%, the investor's new leverage ratio is 
closest to:",2.,"3. 

Equity Investments: Practice Pack 
Faculty: Vikas Vohra                                                                        Page 18 of 43",4.,B,"3. 

Equity Investments: Practice Pack 
Faculty: Vikas Vohra                                                                        Page 18 of 43","115. B is correct because the leverage ratio is defined as the ratio of the value of the 
position to the value of the equity investment in it. The leverage ratio indicates how 
many times larger a position is than the equity that supports it. 
 
The starting leverage = value ⁄equity = 1 ⁄ 0.5 = 2 
 
The change in market value is given as 25% decline, implying a new market value of 
75%. 
 
With leverage of 2, new equity reduces by 2 × 25% = 50%, 50% × 50% = remaining 
equity of 25%. 
 
New leverage = new value ⁄ new equity = 0.75 ⁄ 0.25 = 3. 
 
Expressed alternatively: New leverage = (1 ‒ 0.25) ⁄ (0.5 ‒ 0.25) = 3.",,
Vikas Vohra,Equity Investments,8,Equity Valuation: Concepts and Basic Tools,116,"When using a multiplier model, the fundamental variable is stated on:",a trailing basis only.,a forward basis only.,either a forward basis or a trailing basis.,C,either a forward basis or a trailing basis.,"116. C is correct because the fundamental variable may be stated on a forward basis 
(e.g., forecasted EPS for the next year) or a trailing basis (e.g., EPS for the past 
year), as long as the usage is consistent across companies being examined.",,
Vikas Vohra,Equity Investments,4,Overview of Equity Securities,117,"For a security position purchased on margin, the leverage ratio is the ratio of the 
value of the position to:",the value of equity in the position.,the amount of the margin loan in the position.,the amount of the margin loan plus equity in the position.,A,the value of equity in the position.,"117. A is correct because the leverage ratio is the ratio of the value of the position to 
the value of the equity investment in it.",,
Vikas Vohra,Equity Investments,8,Equity Valuation: Concepts and Basic Tools,118,"A non-callable, non-convertible perpetual preferred share pays a level dividend of 
$1.20 with a current market price of $20. If an investor has a required rate of return 
of 6%, the preferred shares are most likely:",undervalued.,fairly valued.,overvalued.,B,fairly valued.,"118. B is correct because the market price is equal to the calculated value based on 
the stated rate of return. Since the preferred share pays a perpetual level dividend, 
                                                                         
 
its value is V0 = D0/r = $1.20/0.06 = $20. If the estimated value equals the market 
price, the analyst infers the security is fairly valued.",,
Vikas Vohra,Equity Investments,1,Market Organization and Structure,119,"Broker 1 has a minimum margin requirement of 62.5% and Broker 2 has a maximum 
leverage ratio of 1.6. The maximum financial leverage possible with Broker 1 is:",less than the maximum financial leverage with Broker 2.,equal to the maximum financial leverage with Broker 2.,greater than the maximum financial leverage with Broker 2.,B,equal to the maximum financial leverage with Broker 2.,"119. B is correct because the maximum financial leverage is the same at both firms 
given Broker 1's margin requirement and Broker 2's maximum leverage ratio. Leverage 
Ratio = 100% / margin requirement: Broker 1 leverage ratio = 100% / 62.5% = 1.6 = 
Broker 2's leverage ratio.",,
Vikas Vohra,Equity Investments,1,Market Organization and Structure,120,"If securities are purchased on margin with a maximum leverage ratio of 1.75, the 
minimum margin requirement is closest to:",43%.,57%.,75%.,B,57%.,"120. B is correct because the maximum leverage ratio associated with a position 
financed by the minimum margin requirement is one divided by the minimum margin 
requirement. Or, MLR = 1 / MMR and MMR = 1 / MLR. In this case: the minimum margin 
requirement (MMR) = 1 / 1.75 = 57%.",,
Vikas Vohra,Equity Investments,3,Market Efficiency,121,"Which of the following market anomalies is best described as a time -series 
anomaly?",Size effect,Momentum,Initial Public Offerings,B,Momentum,"121. B is correct because the momentum anomaly is best described as a time-series 
anomaly. Momentum anomalies relate to short-term share price patterns where past 
price moves continued through time to move in the same direction.",,
Vikas Vohra,Equity Investments,8,Equity Valuation: Concepts and Basic Tools,122,"An analyst gathers the following information about a company: 
 
The justified forward P/E ratio for the company's stock is closest to:",5.7.,8.0.,13.3.,C,13.3.,"122. C is correct because the justified forward P/E ratio = P0 / E1 = p / (r – g), where 
p is the dividend payout ratio, r is the required rate of return, g is the sustainable 
dividend growth rate; g = b × ROE where b is the earning retention rate = (1 – dividend 
payout ratio) and ROE is return on equity. Given g = (1 – 0.40) × 20% = 12%, then the 
justified forward P/E ratio = 0.40 / (0.15 – 0.12) = 13.3.",,
Vikas Vohra,Equity Investments,1,Market Organization and Structure,123,"A trader uses margin to purchase a stock for $50 by posting 30% equity. If the 
first margin call occurs when the price falls below $43.75, the maintenance margin 
requirement is closest to:",13%.,18%.,20%.,C,20%.,"123. C is correct because the margin requirement is equity per share / price per share: 
= (Initial equity + actual price – initial price) / (actual price) = (15+43.75 – 50) / 43.75 
= 20%.",,
Vikas Vohra,Equity Investments,1,Market Organization and Structure,124,"A trader buys a stock on margin with the following conditions: 
 
If the share price declines, the highest price at which the trader will receive a margin 
call is closest to:",$12.50.,$33.33.,$37.50.,B,$33.33.,"124. B is correct because the original equity of $25 indicates a margin loan of $25 
($50 ‒ $25). At a stock price of $33.33, equity will equal $33.33 less the $25 margin 
loan, or $8.33, which is 25% of the equity per share. $8.33 ⁄ $33.33 ≈ 25%. To reach 
this answer through calculation, determine where the equity per share equals the 
25% margin requirement: 
 
Equity ⁄ Share = (P ‒ L) ⁄ P = maintenance margin; 
 
Where P = Share price and L = Loan amount; 
 
0.25 = (P ‒ $25) ⁄ P; P ≈ $33.33.",,
Vikas Vohra,Equity Investments,3,Market Efficiency,125,"The observation that a large-capitalization company's stock price is inflated after 
the company releases unexpected good news at year end is most likely related to the:",value effect.,overreaction effect.,turn-of-the-year effect.,B,overreaction effect.,"125. B is correct because the overreaction effect or anomaly is described as the 
propensity for investors to overreact to the release of unexpected public 
information. Therefore, stock prices will be inflated (depressed) for those companies 
releasing good (bad) information. In other words, inflated (depressed) here means 
the change of value that is overshooting (undershooting) the fair (intrinsic) value 
                                                                         
 
after incorporating the new information, rather than the price action that goes up 
(down) itself.",,
Vikas Vohra,Equity Investments,1,Market Organization and Structure,126,Order matching rules in order-driven trading systems are used to:,match buy orders to sell orders.,determine the prices at which the orders submitted by dealers are matched.,determine the prices at which the orders submitted by customers are matched.,A,match buy orders to sell orders.,126. A is correct because the order matching rules match buy orders to sell orders.,,
Vikas Vohra,Equity Investments,1,Market Organization and Structure,127,Which of the following is an objective of market regulation?,Controlling agency problems only,Ensuring that long-term liabilities are funded only,"Both controlling agency problems and ensuring that long -term liabilities are 
funded",C,"Both controlling agency problems and ensuring that long -term liabilities are 
funded","127. C is correct because the objectives of market regulation include both controlling 
agency problems and ensuring that long-term liabilities are funded.  In total, the 
objectives of market regulation are:",,
Vikas Vohra,Equity Investments,8,Equity Valuation: Concepts and Basic Tools,128,"An analyst gathers the following information about a company and its historical 
price multiples: 
 
Based only on this information, if the share price is $30, the company's shares are 
most likely overvalued based on:",P/B.,P/E.,P/CF.,A,P/B.,"128. A is correct because the P/B value for the company is $30 ⁄ $40 = 0.75, which is 
above the benchmark ratio of 0.6, indicating the shares are overvalued based on P/B 
(i.e. the ratio is higher than the benchmark). Both the P/E and P/CF ratios for the 
company are below their benchmarks, and therefore are not overvalued on that basis 
(see calculations options B and C).",,
Vikas Vohra,Equity Investments,6,Industry and Competitive Analysis,129,"Porter's five determinants of the intensity of competition in an industry do not 
include the:",power of buyers.,threat of substitutes.,position of a company in its life-cycle stage.,C,position of a company in its life-cycle stage.,"129. C is correct because the position of a company in its life-cycle stage is not part 
of Porter's five forces. The five forces are: threat of entry, power of suppliers, 
power of buyers, threat of substitutes, and rivalry among existing competitors.",,
Vikas Vohra,Equity Investments,1,Market Organization and Structure,130,"A trader reports the following information about an equity investment which was 
sold after 1 year: 
 
The trader's equity value as a result of the trade is closest to:",$460.,"$2,520.","$3,000.",B,"$2,520.","130. B is correct because the remaining equity can be calculated as: 
 
Proceeds on sale – payoff amount borrowed – payoff loan interest 
Amount paid to purchase shares = $12 × 2,000 = $24,000 
Equity investment = $24,000/3 = $8,000 
Amount borrowed = $24,000 - $8,000 = $16,000 
Interest on loan = $16,000 × 3% = $480 
Therefore, remaining equity = 2,000 × $9.5 – $16,000 – 3% × $16,000 = $19,000 – 
$16,000 – $480 = $2,520.",,
Vikas Vohra,Equity Investments,3,Market Efficiency,131,"If a security’s intrinsic value is $55 per share and is currently selling for $50 per 
share, the security is:",undervalued.,fairly valued.,overvalued.,A,undervalued.,"131. A is correct because the security’s market price is less than its intrinsic value, 
indicating that it is undervalued. The dividend discount model can be used to estimate 
an asset’s intrinsic value.",,
Vikas Vohra,Equity Investments,4,Overview of Equity Securities,132,Convertible preference shares:,are popular in financing venture capital and private equity transactions.,"are subject to more price volatility than the underlying common shares. 

Equity Investments: Practice Pack 
Faculty: Vikas Vohra                                                                        Page 21 of 43","do not increase in value due to an increase in price of the underlying common 
shares.",A,are popular in financing venture capital and private equity transactions.,"132. A is correct because the use of convertible preference shares is a popular 
financing option in venture capital and private equity transactions in which the issuing 
companies are considered to be of higher risk and when it may be years before the 
issuing company 'goes public' (i.e., issues common shares to the public).",,
Vikas Vohra,Equity Investments,1,Market Organization and Structure,133,"If the price of a stock bought on 30% margin increases by 40%, the return on 
equity to the buyer is closest to:",52%.,75%.,133%.,C,133%.,"133. C is correct because the return on equity to a margin position is calculated by 
multiplying the unleveraged return by the financial leverage ratio. The financial 
leverage ratio is equal to 1/margin. In this case, financial leverage is 1/0.30 = 3.3333, 
so the return on equity = 40% × 3.3333 = 133.33%, which is closest to 133%.",,
Vikas Vohra,Equity Investments,3,Market Efficiency,134,"The size effect anomaly results when it is observed that on a risk-adjusted basis 
small cap companies tend to:",underperform equities of large-cap companies.,perform in line with equities of large-cap companies.,outperform equities of large-cap companies.,C,outperform equities of large-cap companies.,"134. C is correct because the size effect results from the observation that equities 
of small-cap companies tend to outperform equities of large-cap companies on a risk-
adjusted basis.",,
Vikas Vohra,Equity Investments,6,Industry and Competitive Analysis,135,"Within Porter’s five forces framework, the power of buyers within an industry is 
most likely influenced by the:",industry concentration.,availability of lower priced alternative brands.,number of customers for the industry’s products.,C,number of customers for the industry’s products.,"135. C is correct because the smaller the number of buyers, the more likely buyer 
power will increase. Bargaining Power of Customers. Affected by: size and 
concentration of customers, costs of switching to other suppliers, customers’ ability 
to produce the product or service themselves. Are customers able to force price 
reductions or better payment terms? This can affect the intensity of competition by 
exerting influence on suppliers regarding prices (and possibly other factors such as 
product quality). For example, auto parts companies generally sell to a small number 
of auto manufacturers, which allows those customers, the auto manufacturers, to be 
tough negotiators when it comes to setting prices.",,
Vikas Vohra,Equity Investments,1,Market Organization and Structure,136,"An investor purchases 1,000 shares of a non-dividend paying stock on margin and 
sells them after one year as follows: 
 
Ignoring commissions, the investor's holding period return is closest to:",–45%.,–40%.,–23%.,A,–45%.,"136. A is correct because this is the return on investment to the investor. 
 
Total purchase price = $25/share × 1,000 shares = $25,000 
 
Leverage ratio of 2 indicates buyer's equity of 1/2 
 
Buyer's equity = 1/2 × $25,000 = $12,500 
 
Borrowed money = $25,000 – $12,500 = $12,500 
 
Interest on borrowed money = 5% × $12,500 = $625 
 
Sale proceeds = $20/share × 1,000 shares = $20,000 
 
Net return to buyer = Sale proceeds – purchase price – interest payment = $20,000 
– $25,000 – $625 = –$5,625 
 
Return on investment to the buyer = –$5,625 / $12,500 = –45%",,
Vikas Vohra,Equity Investments,2,Security Market Indexes,137,"An analyst gathers the following information about a market -capitalization-
weighted index and one of its four constituent stocks: 
 
If the stock price is $30 per share and the index value is 100, the stock's weight in 
the index is closest to:",25%.,30%.,35%.,C,35%.,"137. C is correct because the stock's weight in a market-capitalization-weighted index 
= market capitalization of stock / market capitalization of index = $20 billion / $57 
billion = 35.08%, which is closest to 35%.",,
Vikas Vohra,Equity Investments,2,Security Market Indexes,138,"The beginning value for an index is 1540 and the ending value is 1575. If the 
income for the period is 55, the total return of the index is closest to:",1.3%.,2.2%.,5.8%.,C,5.8%.,"138. C is correct because the total return of an index is the price appreciation, or 
change in the value of the price return index, plus income (dividends and/or interest) 
over the period, expressed as a percentage of the beginning value of the price return 
                                                                         
 
index. Total return = (ending index value – beginning index value + income) / beginning 
index value = (1575 – 1540 + 55) / 1540 = 90 / 1540 = 5.8%.",,
Vikas Vohra,Equity Investments,3,Market Efficiency,139,"If investors can successfully predict future asset prices based on past prices, 
markets are most likely:",inefficient.,weak-form efficient only.,semi-strong-form efficient.,A,inefficient.,"139. A is correct because under all forms of market efficiency past trading data are 
already reflected in current prices and investors cannot predict future price changes 
by extrapolating prices or patterns of prices from the past. Therefore, if investors 
can predict future asset prices based on past prices, markets are inefficient.",,
Vikas Vohra,Equity Investments,8,Equity Valuation: Concepts and Basic Tools,140,"A company's current dividend (D0) of $3 per share is expected to grow 20% per 
year for three years, then 5% per year thereafter. If the required rate of return is 
10%, using a multistage dividend discount model, the intrinsic value of the stock at 
the end of Year 3 is closest to:",$81.79.,$92.53.,$108.86.,C,$108.86.,"140. C is correct because the value at the end of Year 3 (same as at the beginning of 
Year 4) will be: V3 = D3(1 + gL)/(r – gL) = D4/(r – gL), where gL = long-term growth 
rate. The Year 4 dividend equals the initial dividend compounded at 20% for three 
years, the compounded at 5% for another year; D4 = $3 × (1.2)3 × (1.05) = $5.4432. 
V3 = $5.4432/(0.10 – 0.05) = $108.8640 ≈ $108.86.",,
Vikas Vohra,Equity Investments,2,Security Market Indexes,141,A disadvantage of an equal-weighted index is that:,maintaining equal weights requires frequent reconstitution of the index.,"securities that represent a relatively large fraction of the target market value 
are underrepresented.","securities that represent a relatively small fraction of the target market value 
are underrepresented.",B,"securities that represent a relatively large fraction of the target market value 
are underrepresented.","141. B is correct because this is considered a disadvantage of an equal weighted index. 
Equal weighting has a number of disadvantages. Securities that constitute the largest 
fraction of the target market value are underrepresented, and securities that 
constitute a small fraction of the target market value are overrepresented.",,
Vikas Vohra,Equity Investments,8,Equity Valuation: Concepts and Basic Tools,142,"An analyst gathers the following information about a company's non-callable, non-
convertible preferred stock: 
 
If the stock's intrinsic value is €125, the company's semi-annual dividend on the 
preferred stock is closest to:",€6.62.,€7.20.,€9.00.,A,€6.62.,142. A is correct because using the formula:,,
Vikas Vohra,Equity Investments,1,Market Organization and Structure,143,"In contrast to a public company, a company that has gone private most likely:",faces greater regulatory costs.,focuses more on short-term results.,lacks an active secondary market for its equity.,C,lacks an active secondary market for its equity.,"143. C is correct because there is no active secondary market for equity of private 
companies and the shares require negotiations between investors in order to be 
traded. This is in contrast to public companies, which have secondary markets for 
trading their equity.",,
Vikas Vohra,Equity Investments,2,Security Market Indexes,144,"An analyst gathers the following information about an equal -weighted index 
composed of three stocks: 
 
If there is a 2% return from dividends for each of the three stocks, the total return 
of the index is:",0%.,2%.,6%.,B,2%.,"144. B is correct because total return measures price appreciation plus interest, 
dividends, and other distributions. Thus, the total return of an index is the price 
appreciation, or change in the value of the price return index, plus income (dividends 
and/or interest) over the period, expressed as a percentage of the beginning value 
of the price return index. Price return for Stock 1 = ($8 – $10) / $10 = –0.20 = –20%. 

                                                                         
 
Total return = price return + dividends = –20% + 2% = –18%. Price return for Stock 2 
= ($24 – $20) / $20 = 0.20 = 20%. Total return = 20% + 2% = 22%. Price return for 
Stock 3 = ($30 – $30) / $30 = 0.00 = 0%. Total return = 0% + 2% = 2%. The total 
return of the index = (–18% + 22% + 2%) / 3 = 6% / 3 = 2%.",,
Vikas Vohra,Equity Investments,3,Market Efficiency,145,"Which of the following factors would most likely increase market efficiency? 
Limits on:",short selling,transaction costs,trading by foreign investors,B,transaction costs,"145. B is correct because transaction costs are incurred in trading to exploit any 
perceived market inefficiency. If there are limits on transaction costs, more 
investors would be encouraged to trade. This brings about increased number of 
market participants which in turn contributes to market efficiency. One of the most 
critical factors contributing to the degree of efficiency in a market is the number of 
market participants.",,
Vikas Vohra,Equity Investments,2,Security Market Indexes,146,"Which of the following index weighting schemes most likely causes a bias in the 
index when high-priced stocks split?",Price weighted,Equal weighted,Value weighted,A,Price weighted,"146. A is correct because when a company's shares split, their price declines and their 
weight in a price-weighted index is reduced, regardless of the importance of the 
stock.",,
Vikas Vohra,Equity Investments,1,Market Organization and Structure,147,"In the secondary market, funds flow from:",traders to traders.,issuers to investors.,investors to issuers.,A,traders to traders.,"147. A is correct because when investors sell securities to others, they trade in the 
secondary market. In the secondary market, funds flow between traders.",,
Vikas Vohra,Equity Investments,1,Market Organization and Structure,148,When issuers sell securities to investors:,they trade in the primary market.,they trade in the secondary market.,funds flow between the primary and the secondary market.,A,they trade in the primary market.,"148. A is correct because when issuers sell securities to investors, practitioners say 
that they trade in the primary market.",,
Vikas Vohra,Equity Investments,1,Market Organization and Structure,149,"In a well-functioning financial system, changes in asset prices primarily reflect 
changes in:",execution costs.,the demand for liquidity.,fundamental asset values.,C,fundamental asset values.,"149. C is correct because well functioning financial systems are characterized by 
prices that reflect fundamental values so that prices vary primarily in response to 
changes in fundamental values and not to demands for liquidity made by uninformed 
traders (informationally efficient markets).",,
Vikas Vohra,Equity Investments,4,Overview of Equity Securities,150,"When a company raises common equity capital in the public market, the company 
most likely:",moves money from the present to the future.,"agrees to make scheduled distributions in the future. 

Equity Investments: Practice Pack 
Faculty: Vikas Vohra                                                                        Page 24 of 43",is required to meet regulatory reporting requirements.,C,is required to meet regulatory reporting requirements.,"150. C is correct because when a company sells common stock to raise capital, 
regulatory reporting requirements and accounting standards attempt to ensure the 
production of meaningful financial disclosures.",,
Vikas Vohra,Equity Investments,4,Overview of Equity Securities,151,"Preference shares are less risky than common shares because preference shares 
have:",fixed dividends.,a guaranteed return if a company is liquidated.,a larger portion of total return based on future price return.,A,fixed dividends.,"151. A is correct because dividends on preference shares are known and fixed, and 
they account for a large portion of the preference shares’ total return. Therefore, 
there is less uncertainty about future cash flows.",,
Vikas Vohra,Equity Investments,8,Equity Valuation: Concepts and Basic Tools,152,The Gordon growth model assumes a dividend growth rate:,less than the required rate of return.,equal to the required rate of return.,greater than the required rate of return.,A,less than the required rate of return.,"152. A is correct because the Gordon growth model assumes that the growth rate 
cannot be greater than the required rate of return. Also, the dividend growth rate is 
strictly less than the required rate of return.",,
Vikas Vohra,Equity Investments,4,Overview of Equity Securities,153,Private equity securities most likely:,are listed on public exchanges.,are illiquid and difficult to trade.,have easily available financial information.,B,are illiquid and difficult to trade.,"153. B is correct because private equity securities do not have “market determined” 
quoted prices, are highly illiquid, and require negotiations between investors in order 
to be traded.",,
Vikas Vohra,Equity Investments,8,Equity Valuation: Concepts and Basic Tools,154,"The Gordon growth model is most appropriate for valuing the equity of a dividend-
paying:",electric utility firm.,technology company.,"automobile manufacturer. 
 
Solutions",A,electric utility firm.,"154. A is correct because of its assumption of a constant growth rate, the Gordon 
growth model is particularly appropriate for valuing the equity of dividend-paying 
                                                                         
 
companies that are relatively insensitive to the business cycle and in a mature growth 
phase. Examples might include an electric utility. 
Corporate Issuers: Practice Pack 

candidates for practice purpose.",,
Vikas Vohra,Equity Investments,4,Overview of Equity Securities,1,"If a corporation is financed with both debt and equity, which of the following must 
the corporation pay?",Interest only,Dividends only,Both interest and dividends,A,Interest only,"1. A is correct. Negative earnings in the last year result in a negative ratio of trailing 
price to earnings and are not meaningful. Practitioners may use the ratio of (1) current 
price to cash flow or (2) leading price to earnings by replacing last year’s loss with 
forecasted earnings.",,
Vikas Vohra,Equity Investments,6,Industry and Competitive Analysis,2,"A company that produces goods to be marketed by other firms is best described as 
having a:",value added reseller business model.,licensing arrangement business model.,contract manufacturer business model.,A,value added reseller business model.,"2. A is correct. The payment date can occur on a weekend or holiday unlike other 
pertinent dates, such as the ex-date and record date, which occur only on business 
days.",,
Vikas Vohra,Equity Investments,6,Industry and Competitive Analysis,3,"""Economic"" profit is best described as the return to a firm's owners:",in the form of retained earnings and distributions to the owners.,after corporate taxes and taxes on distributions have been paid.,in excess of what they could have earned elsewhere on different investments.,B,after corporate taxes and taxes on distributions have been paid.,"3. B is correct. The investor has written a put contract, which means she is short the 
option. She, therefore, must satisfy the obligation to purchase the asset if requested 
to do so by the put owner. The investor has a long exposure to the risk of the 
underlying index future because she benefits when its quoted price increases—that 
is, when the put declines in value (or suffers a loss when its quoted price decreases 
as the put increases in value).",,
Vikas Vohra,Equity Investments,4,Overview of Equity Securities,4,"The purchase of which of the following shares most likely requires investors to be 
accredited?",Public company shares only,Private company shares only,Both public company shares and private company shares,B,Private company shares only,"4. B is correct. The service that dealers provide is liquidity. Liquidity is the ability to 
buy or sell with low transaction costs when investors want to trade. By allowing their 
clients to trade when they want to trade, dealers provide liquidity to them.",,
Vikas Vohra,Equity Investments,6,Industry and Competitive Analysis,5,"Which best describes business growth that attracts more customers and merchants, 
contributing to further growth in the business?",Crowdsourcing,A one-sided network,A multi-sided network,B,A one-sided network,"5. B is correct. The value effect occurs when value stocks, which are generally referred 
to as stocks that have below-average price-to-earnings and market-to-book ratios, 
as well as above-average dividend yields, outperform growth stocks consistently and 
for long periods.",,
Vikas Vohra,Equity Investments,4,Overview of Equity Securities,6,Private companies most likely have:,less share price transparency compared to public companies.,similar share price transparency as public companies.,greater share price transparency compared to public companies.,B,similar share price transparency as public companies.,"6. B is correct because depreciation expense can serve as the basis for maintenance 
capital expenditures, as it is management's estimate of the cost of fixed assets 
expensed on the income statement in a manner that tracks its use.",,
Vikas Vohra,Equity Investments,6,Industry and Competitive Analysis,7,"The business model of a knowledge aggregation company that allows its users to 
contribute directly to online content is best referred to as a:",platform business model.,marketplace business model.,crowdsourcing business model.,B,marketplace business model.,"7. B is correct because forecast objects for revenues are typically either top-down or 
bottom-up drivers. Common top-down forecast objects include 'growth relative to 
GDP growth' and 'market growth and market share. The analyst first forecasts a 
growth rate for a company's product market, and then considers the company's 
current market share and how that share is likely to change over time.",,
Vikas Vohra,Derivatives,3,"Derivative Benefits, Risks, and Issuer and Investor Uses",6,"A bond that allows the issuer to pay interest in the form of additional amounts of the 
existing bond issue rather than a cash payment best describes a:",step-up coupon bond.,deferred coupon bond.,payment-in-kind coupon bond.,B,deferred coupon bond.,"6. B is correct because a discount factor may also be interpreted as the price of a zero-
coupon cash flow or bond. The price equivalent of a zero rate is the present value of 
a currency unit on a future date, known as a discount factor. The discount factor for 
period i (𝐷𝐹#) is: 𝐷𝐹# = 1 / (1+𝑧#). Accordingly, the equivalent zero rate is: 
𝐷𝐹$ = 0.96 = 1 / (1	+	𝑧$)$; and 𝑧$ = 2.0621%  
𝐷𝐹% = 0.93 = 1 / (1	+	𝑧%)%; and 𝑧% =  2.4485%  
 
The implied forward rate between period A and period B is denoted as 𝐼𝐹𝑅&,(–&. It is 
a forward rate on a bond that starts in period A and ends in period B a general formula 
for the relationship between the two spot rates (𝑧*, 𝑧+) and the implied forward rate 
𝐼𝐹𝑅&,(–&: (1	+𝑧*)* × (1	+	𝐼𝐹𝑅*,+–*)(+-*) = (1	+𝑧+)+. 
 
(1.020621)^2 × (1 + 𝐼𝐹𝑅$,%–$)^(3–2) = (1.024485)^3 
 
(1 + 𝐼𝐹𝑅$,/) = (1.024485)^3 / (1.020621)^2  
 
(1 + 𝐼𝐹𝑅$,/) = (1.075269 / 1.041667) 
 
1 + 𝐼𝐹𝑅$,/ = 1.032258 
 
𝐼𝐹𝑅$,/ = 1.032258 – 1 = 3.2258% ≈ 3.23%.",,
Vikas Vohra,Derivatives,1,Derivative Instrument and Derivative Market Features,7,"In the event of default, investors in covered bonds most likely have recourse against:",the issuer only.,a segregated pool of assets only.,both the issuer and a segregated pool of assets.,B,a segregated pool of assets only.,"7. B is correct because according to put-call parity, po = c0 – S0 + X/(1 + r)^T, long put 
= long call, short asset, long bond. Therefore, the payoff of a European put option is 
equal to a payoff of a portfolio consisting of a short asset, a long call and a long risk-
free bond.",,
Vikas Vohra,Derivatives,8,Pricing and Valuation of Options,8,"An investor takes a long position in a risk-free bond and in a forward contract on a 
non-dividend-paying stock. The forward contract is priced at £50. The annual risk-
free rate is 10%. A nine-month put option on the stock with an exercise price of £47 
trades at £4. The price of a nine-month call option on the stock with an exercise 
price of £47 is closest to:",£6.79.,£7.22.,£7.30.,A,£6.79.,"8. A is correct because a long put and a short call are equivalent to a long risk-free bond 
and short forward position: 𝑝"" – 𝑐"" =[X–𝐹""(T)](1+𝑟)-! as calculated below:",,
Vikas Vohra,Derivatives,1,Derivative Instrument and Derivative Market Features,9,Which of the following is most accurate?,A forward contract is traded on an organized exchange.,Forward contracts are more transparent than futures contracts.,"The buyer of a forward contract agrees to buy the underlying asset at a fixed 
price on a future date.",C,"The buyer of a forward contract agrees to buy the underlying asset at a fixed 
price on a future date.","9. C is correct because a forward contract is an over-the-counter derivative contract 
in which two parties agree that one party, the buyer, will purchase an underlying asset 
from the other party, the seller, at a later date at a fixed price they agree on when 
the contract is signed.",,
Vikas Vohra,Derivatives,2,Forward Commitments and Contingent Claims: Features and Instruments,10,"A commodities producer selling its inventory forward in anticipation of lower prices 
in the future is an example of a:",fair value hedge.,cash flow hedge.,net investment hedge.,A,fair value hedge.,"10. A is correct because a fair value hedge designation applies when a derivative is 
deemed to offset the fluctuation in fair value of an asset or liability. A commodities 
producer might sell its inventory forward in anticipation of lower future prices.",,
Vikas Vohra,Derivatives,8,Pricing and Valuation of Options,11,"Which of the following is equal to the greater of zero or the present value of the 
exercise price minus the spot price?",The lower bound of a put option,The lower bound of a call option,The upper bound of a put option,A,The lower bound of a put option,"11. A is correct because a put option buyer will exercise only if the spot price, ST, is 
below X at maturity. The exercise price, X, therefore represents the upper bound on 
the put value. The lower bound is the present value of the exercise price minus the 
spot price or zero, whichever is greater.",,
Vikas Vohra,Derivatives,1,Derivative Instrument and Derivative Market Features,12,Which of the following most likely has an embedded derivative in its structure?,A put option,A callable bond,A futures contract,B,A callable bond,"12. B is correct because an embedded derivative is a derivative within an underlying, such 
as a callable, puttable, or convertible bond.",,
Vikas Vohra,Derivatives,1,Derivative Instrument and Derivative Market Features,13,"Which of the following derivatives most likely requires a payment to be made at the 
initiation of the contract? A(n):",swap,option,forward,B,option,"13. B is correct because an option is a derivative contract in which one party, the buyer, 
pays a sum of money to the other party, the seller or writer, and receives the right 
to either buy or sell an underlying asset at a fixed price either on a specific expiration 
date or at any time prior to the expiration date.",,
Vikas Vohra,Derivatives,6,Pricing and Valuation of Futures Contracts,14,Basis risk is best described as a(n):,investor's inability to meet a margin call due to a lack of funds.,"potential divergence between the expected value of a derivative and its 
underlying.","divergence in the cash flow timing of a derivative versus that of an underlying 
transaction.",B,"potential divergence between the expected value of a derivative and its 
underlying.","14. B is correct because basis risk is the potential divergence between the expected 
value of a derivative instrument versus an underlying or hedged transaction.",,
Vikas Vohra,Derivatives,1,Derivative Instrument and Derivative Market Features,15,Which of the following derivative contracts is best described as a contingent claim?,A swap contract,A forward contract,An option contract,C,An option contract,"15. C is correct because another type of derivative is a contingent claim, in which one of 
the counterparties determines whether and when the trade will settle. An option is 
the primary contingent claim.",,
Vikas Vohra,Derivatives,8,Pricing and Valuation of Options,16,"An investor buys a call option for $4 that has an exercise price of $27. At expiration, 
if the stock price is $22, the call option payoff is:",negative.,zero.,positive.,B,zero.,"16. B is correct because cT = Max(0,ST – X), where cT is the value of the call option, or 
the payoff to the call buyer, X is the strike (or exercise) price, and ST is the stock 
price at expiration. In this case, cT = Max(0,$22 – $27) = 0.",,
Vikas Vohra,Derivatives,8,Pricing and Valuation of Options,17,Which of the following derivatives have a non-linear payoff?,Contingent claims only,Forward commitments only,Both contingent claims and forward commitments,A,Contingent claims only,"17. A is correct because asymmetric payoff profile is a common feature of contingent 
claims, which are sometimes referred to as non-linear derivatives.",,
Vikas Vohra,Derivatives,1,Derivative Instrument and Derivative Market Features,18,"The potential divergence between the expected value of a derivative instrument 
versus an underlying or hedged transaction best describes:",basis risk.,liquidity risk.,systemic risk.,A,basis risk.,"18. A is correct because basis risk is the potential divergence between the expected 
value of a derivative instrument versus an underlying or hedged transaction.",,
Vikas Vohra,Derivatives,1,Derivative Instrument and Derivative Market Features,19,"With respect to hedge accounting designation types, a:","foreign exchange forward to hedge forecasted sales is an example of a fair value 
hedge.","commodity futures contract used to hedge inventory is an example of a cash flow 
hedge.","currency forward to offset the foreign exchange risk of equity of a foreign 
operation is an example of a net investment hedge.",C,"currency forward to offset the foreign exchange risk of equity of a foreign 
operation is an example of a net investment hedge.","19. C is correct because currency forward designated as offsetting the FX risk of the 
equity of a foreign operation is an example of a net investment hedge.",,
Vikas Vohra,Derivatives,1,Derivative Instrument and Derivative Market Features,20,Which of the following statements about derivatives is most accurate?,Derivatives reduce the efficiency of price discovery for the underlying,"Transaction cost of derivatives are greater than the transaction cost of the 
underlying","Excessive risk taking and use of leverage in derivative markets may contribute to 
market stress",C,"Excessive risk taking and use of leverage in derivative markets may contribute to 
market stress","20. C is correct because excessive risk taking and use of leverage in derivative markets 
may contribute to market stress, as in the 2008 financial crisis.",,
Vikas Vohra,Derivatives,6,Pricing and Valuation of Futures Contracts,21,Which of the following asset classes is most likely to have a convenience yield?,Commodities,Interest rates,Foreign exchange,A,Commodities,"21. A is correct because convenience yield is a non-cash benefit associated with physical 
assets. In contrast to securities or cash stored electronically, commodities usually 
involve known costs associated with the storage, insurance, transportation, and 
potential spoilage (in the case of soft commodities) of these physical assets. A non-
cash benefit of holding a physical commodity versus a deriva tive is known as a 
convenience yield.",,
Vikas Vohra,Derivatives,1,Derivative Instrument and Derivative Market Features,22,"Counterparty default risk is most likely lowest for which of the following types of 
derivatives?",Swaps,Futures,Forwards,B,Futures,"22. B is correct because exchange-traded derivatives (ETD) are standardized contracts 
traded on an organized exchange which requires collateral on deposit to protect 
against counterparty default and a futures contract is an exchange-traded derivative 
(ETD) with standardized terms set by the exchange. Therefore, futures has lowest 
counterparty default risk.",,
Vikas Vohra,Derivatives,8,Pricing and Valuation of Options,23,"When the strike price of a call option is lower, the likelihood of the option expiring 
in-the-money is:",lower.,unchanged.,higher.,C,higher.,"23. C is correct because for a call option, a lower exercise price has two benefits. One is 
that there are more values of the underlying at expiration that are above the 
exercise price, meaning that there are more outcomes in which the call expires in-
the-money.",,
Vikas Vohra,Derivatives,1,Derivative Instrument and Derivative Market Features,24,"Derivatives are typically priced by forming a hedge involving the underlying asset and 
a derivative such that the combination must pay the:",risk-free rate.,dividend yield.,convenience yield.,A,risk-free rate.,"24. A is correct because Derivatives are typically priced by forming a hedge involving the 
underlying asset and a derivative such that the combination must pay the risk-free 
rate and do so for only one derivative price.",,
Vikas Vohra,Derivatives,1,Derivative Instrument and Derivative Market Features,25,"The potential divergence between the cash flow timing of a derivative instrument 
versus its underlying best describes:",basis risk.,"liquidity risk. 
Derivatives: Practice Pack 
Faculty: Vikas Vohra                                                                                   Page 5 of 21",systemic risk.,B,"liquidity risk. 
Derivatives: Practice Pack 
Faculty: Vikas Vohra                                                                                   Page 5 of 21","25. B is correct because liquidity risk is described as potential divergence between the 
cash flow timing of a derivative instrument versus an underlying o r hedged 
transaction.",,
Vikas Vohra,Derivatives,8,Pricing and Valuation of Options,26,"Before expiration, if the price of the underlying is above the exercise price, the 
European put option has a positive:",time value.,intrinsic value.,exercise value.,A,time value.,"26. A is correct because if the underlying is equal to or worth more than the exercise 
price at expiration (ST ≥ X), the put will simply expire with no value. So, the put is 
worth the greater of either zero or the exercise price minus th e price of the 
underlying at expiration. Also, the time value of an option is the difference between 
the market price of the option and its intrinsic value. As the price of the underlying 
is above the exercise price the put has a zero exercise value and only a positive time 
value.",,
Vikas Vohra,Derivatives,9,Option Replication Using Put-Call Parity,27,"According to put-call-forward parity, the payoff on a fiduciary call is equivalent to 
the payoff on a portfolio consisting of:",a long call and a short risk-free bond.,"a long put, a long forward contract and a long risk-free bond.","a short call, a long forward contract and a long risk-free bond.",B,"a long put, a long forward contract and a long risk-free bond.","27. B is correct because recall our put–call parity discussion and assume that Investor A 
creates his protective put in a slightly different manner. Instead of buying the asset, 
he buys a forward contract and a risk-free bond in which the face value is the forward 
price. This strategy is a synthetic protective put. Because we showed that the 
fiduciary call is equivalent to the protective put, a fiduciary call has to be equivalent 
                                                                                    
 
to a protective put with a forward contract. Therefore, the payoff on a fiduciary call 
= the payoff on a synthetic protective put, fiduciary call = long call + long risk-free 
bond = long risk-free bond + long forward contract + long put.",,
Vikas Vohra,Derivatives,1,Derivative Instrument and Derivative Market Features,28,"Compared to over-the-counter derivatives, exchange-traded derivatives:",are less standardized.,provide less transparency.,have lower transaction costs.,C,have lower transaction costs.,"28. C is correct because OTC and ETD markets differ in several ways, including that ETD 
contracts have lower trading and transaction costs.",,
Vikas Vohra,Derivatives,7,Pricing and Valuation of Interest Rates and Other Swaps,29,"A series of forward rate agreements and an interest rate swap contract covering the 
same periods and using the same market reference rate will most likely have the 
same:",fixed rates.,cash flows upfront.,settlement cash flows.,B,cash flows upfront.,"29. B is correct because similarities between interest rate forwards and swaps include 
the symmetric payoff profile and the fact that no cash flow is exchanged upfront.",,
Vikas Vohra,Derivatives,5,Pricing and Valuation of Forward Contracts and for an Underlying with Varying Maturities,30,The value of a forward contract at initiation is most likely equal to:,zero.,the spot price minus the forward price.,the forward price minus the spot price.,A,zero.,"30. A is correct because neither the long nor the short pays anything to the other at the 
initiation date of a forward contract, the value of a forward contract when initiated 
is zero.",,
Vikas Vohra,Derivatives,7,Pricing and Valuation of Interest Rates and Other Swaps,31,"Which of the following derivatives realize a gain as the market reference rate rises 
above the initial fixed rate?",Long forward rate agreements only,Short interest rate futures contracts only,Both long forward rate agreements and short interest rate futures contracts,C,Both long forward rate agreements and short interest rate futures contracts,"31. C is correct because realizing a gain on the FRA contract as rates rise. Note that this 
would be equivalent to taking a short position on a CNY MRR futures contract if one 
were available. A long FRA (i.e., FRA floating -rate receiver (fixed-rate payer)) 
position realizes a gain as MRR rises. A short futures contract price is based on (100 
− yield), which gains as yield-to-maturity (MRR) rises.",,
Vikas Vohra,Derivatives,1,Derivative Instrument and Derivative Market Features,32,"In the over-the-counter derivatives market, most transactions occur between end 
users and:",dealers.,"other end users. 
Derivatives: Practice Pack 
Faculty: Vikas Vohra                                                                                   Page 6 of 21",a central counterparty.,A,dealers.,"32. A is correct because OTC (over-the-counter) derivative markets involve contracts 
entered between derivatives end users and dealers, or financial intermediaries, such 
as commercial banks or investment banks.",,
Vikas Vohra,Derivatives,7,Pricing and Valuation of Interest Rates and Other Swaps,33,"Which of the following statements is most accurate? A standard interest rate swap 
has:",a symmetric payoff profile.,the principal cash flow exchanged upfront.,periodic settlements that occur at the beginning of each period.,A,a symmetric payoff profile.,"33. A is correct because other similarities between interest rate forwards and swaps 
include the symmetric payoff profile and the fact that no cash flow is exchanged 
upfront. The symmetric payoff profile of a swap means that the swap has zero value 
to both parties at contract inception.",,
Vikas Vohra,Derivatives,8,Pricing and Valuation of Options,34,The upper bound of a call price is the:,exercise price.,price of the underlying.,underlying’s price minus the present value of the exercise price.,B,price of the underlying.,"34. B is correct because the call buyer will not pay more for the right to purchase an 
underlying than the price of that underlying, which is the upper bound.",,
Vikas Vohra,Derivatives,1,Derivative Instrument and Derivative Market Features,35,"The following portfolios contain a company's stock and a derivative on the stock: 
 
The portfolio containing a derivative acting as a firm commitment to hedge the stock 
is most likely:",Portfolio 1.,Portfolio 2.,Portfolio 3.,A,Portfolio 1.,"35. A is correct because the buyer of a derivative enters a contract whose value changes 
in a way similar to a long position in the underlying. Thus a short futures position 
hedges the exposure to the underlying: Use of a derivative to offset or neutralize 
existing or anticipated exposure to an underlying is referred to as hedging, with the 
derivative itself commonly described as a hedge of the underlying transaction. In 
addition, a futures position is a firm commitment: Firm commitments include forward 
contracts, futures contracts, and swaps involving a periodic exchange of cash flows.",,
Vikas Vohra,Derivatives,1,Derivative Instrument and Derivative Market Features,36,A futures contract’s:,mark-to-market is not settled until maturity.,price remains fixed until the contract matures.,variation margin reduces counterparty credit risk.,C,variation margin reduces counterparty credit risk.,"36. C is correct because the daily settlement mechanism resets the futures MTM to 
zero, and variation margin is exchanged to settle the difference, reducing 
counterparty credit risk.",,
Vikas Vohra,Derivatives,5,Pricing and Valuation of Forward Contracts and for an Underlying with Varying Maturities,38,"If the net cost of carry is zero, the forward price of a commodity is most likely:","less than the commodity's spot price compounded at the risk-free rate over the 
life of the contract.","equal to the commodity's spot price compounded at the risk-free rate over the 
life of the contract. 

Derivatives: Practice Pack 
Faculty: Vikas Vohra                                                                                   Page 7 of 21","greater than the commodity's spot price compounded at the risk-free rate over 
the life of the contract.",B,"equal to the commodity's spot price compounded at the risk-free rate over the 
life of the contract. 

Derivatives: Practice Pack 
Faculty: Vikas Vohra                                                                                   Page 7 of 21","38. B is correct because The forward price of an asset with benefits and/or costs is the 
spot price compounded at the risk-free rate over the life of the contract minus the 
future value of those benefits and costs. That is, F0(T) = S0(1+r)^T – (γ – θ)(1+r)^T, 
where the net cost of carry consists of the benefits, denoted as γ (dividends or 
interest plus convenience yield), minus the costs, denoted as θ. When net cost of 
carry is zero, the term (γ – θ) is zero, resulting in (γ – θ)(1+r)^T being zero. Then, 
F0(T) = S0(1+r)^T. Hence, the forward price of a c ommodity is equal to the 
commodity's spot price compounded at the risk-free rate over the life of the 
contract when the net cost of carry is zero.",,
Vikas Vohra,Derivatives,5,Pricing and Valuation of Forward Contracts and for an Underlying with Varying Maturities,39,"Long futures contracts are more attractive than long forward positions for the same 
underlying and maturity when futures prices and interest rates are:",negatively correlated.,uncorrelated.,positively correlated.,C,positively correlated.,"39. C is correct because the different patterns of cash flows for forwards and futures 
can lead to a difference in the pricing of forwards versus futures and if futures 
prices are positively correlated with interest rates, long futures contracts are more 
attractive than long forward positions for the same underlying and maturity. The 
reason is because rising prices lead to futures profits that are reinvested in periods 
of rising interest rates, and falling prices lead to losses that occur in periods of 
falling interest rates the more desirable contract will tend to have the higher price.",,
Vikas Vohra,Derivatives,5,Pricing and Valuation of Forward Contracts and for an Underlying with Varying Maturities,40,"The differential between forward and futures prices is determined by which of the 
following?",Interest rate volatility only,The correlation between futures prices and interest rates only,"Both interest rate volatility and the correlation between futures prices and 
interest rates",C,"Both interest rate volatility and the correlation between futures prices and 
interest rates","40. C is correct because the different patterns of cash flows for forwards and futures 
can lead to a difference in the pricing of forwards versus futures. Forward and 
futures prices are identical under certain conditions, namely: ■ if interest rates are 
constant, or ■ if futures prices and interest rates are uncorrelated. On the other 
hand, violations of these assumptions can give rise to differences in pricing between 
these two contracts. For example, if futures prices are positively correlated with 
interest rates, long futures contracts are more attractive than long forward positions 
for the same underlying and maturity. The reason is because rising prices lead to 
futures profits that are reinvested in periods of rising interest rates, and falling 
prices lead to losses that occur in periods of falling interest rates. The price 
differential will also vary with the volatility of interest rates. Therefore, the 

                                                                                    
 
differential between forward and futures prices is determined by both interest rate 
volatility and the correlation between futures prices and interest rates.",,
Vikas Vohra,Derivatives,7,Pricing and Valuation of Interest Rates and Other Swaps,41,"From the fixed-rate receiver's perspective, if the market reference rate increases, 
the value of a swap contract:",decreases.,stays the same.,increases.,A,decreases.,"41. A is correct because the fixed-rate receiver pays the market reference rate and 
receives the par swap par rate. If the market reference rate increases, they are 
paying more and the value of the contract decreases to them. Another interpretation 
of an interest rate swap is that the fixed-rate payer (floating-rate receiver) is long 
a floating-rate note (FRN) priced at the MRR and short a fixed-rate bond with a 
coupon equal to the fixed swap rate. Similarly, the fixed-rate receiver (floating-rate 
payer) is long a fixed-rate bond with a coupon equal to the swap rate and short a 
floating-rate note priced at the MRR. A rise in the expected forward rates after 
inception will increase the present value of floating payments, while the fixed-swap 
rate will remain the same.",,
Vikas Vohra,Derivatives,5,Pricing and Valuation of Forward Contracts and for an Underlying with Varying Maturities,42,"An analyst gathers the following information: 
The current spot price of crude oil is $120 per barrel. 
The risk-free rate is 3% with annual compounding. 
A futures contract has 182 days until settlement. 
The storage cost is $5 per barrel, payable at the end of the futures contract. 
Based on 365 days per year, the futures price per barrel of crude oil is closest to:",$126.78.,$126.86.,$126.93.,A,$126.78.,"42. A is correct because the futures price for a commodity with known storage cost 
amounts may be determined [as",,
Vikas Vohra,Derivatives,1,Derivative Instrument and Derivative Market Features,43,Most derivatives pricing models are established on the foundation that:,arbitrage opportunities exist.,only one price for a derivative exists.,the underlying asset price is inferred to determine the derivative price.,B,only one price for a derivative exists.,"43. B is correct because the law of one price can be used to value a derivative security 
since there is a one-to-one relationship between the derivative and its underlying 
asset at maturity. Therefore, there exists only one price for each derivative.",,
Vikas Vohra,Derivatives,2,Forward Commitments and Contingent Claims: Features and Instruments,44,Which of the following is most accurate regarding a call option replication strategy?,"The strategy requires adjustment over the life of the option contract based on 
the likelihood of exercise","If the call option is exercised, the strategy requires purchasing the underlying 
from the proceeds of the loan 
Derivatives: Practice Pack 
Faculty: Vikas Vohra                                                                                   Page 8 of 21","At inception, the strategy requires buying long a forward contract on the 
underlying and borrowing at the risk free rate",A,"The strategy requires adjustment over the life of the option contract based on 
the likelihood of exercise","44. A is correct because the non-linear payoff profile of an option requires that the 
replicating transaction be adjusted as this likelihood changes, while the replicating 
trades for a forward commitment remain constant. Also, as in the case of the call 
option, the asymmetric payoff profile requires adjustment over time based on the 
likelihood of exercise.",,
Vikas Vohra,Derivatives,2,Forward Commitments and Contingent Claims: Features and Instruments,45,"An analyst collects the following information: 
 
Based on a one-period binomial pricing model, which of the following has the largest 
payoff?",Put option following an up move,Put option following a down move,Call option following a down move,B,Put option following a down move,"45. B is correct because the payoff of a put option following a down move is p1d = Max 
(0, X – S1d) where X is the exercise price and S1d is the price after a down move. In 
this case, S1d = €26(0.75) = €19.50. So, p1d = Max (0, €22 - €19.50) = €2.50, which 
is greater than the payoffs of other two responses.",,
Vikas Vohra,Derivatives,7,Pricing and Valuation of Interest Rates and Other Swaps,46,"A $10 million interest rate swap with annual payments has a fixed swap rate of 1.95%. 
The implied forward rates are: 
 
The periodic settlement value in Year 3 for the fixed-rate payer is expected to be 
closest to:","–$95,000.","–$60,000.","$60,000.",B,"–$60,000.","46. B is correct because the periodic settlement value = (MRR – sN) × Notional amount × 
Period. The market reference rate (MMR) for Year 3 is 1.35%, thus: 
 
= (0.0135 – 0.0195) × $10,000,000 × 1 = –$60,000.",,
Vikas Vohra,Derivatives,2,Forward Commitments and Contingent Claims: Features and Instruments,47,Which of the following best describes put–call–forward parity?,"The present value of the exercise price plus the call price equals the put price 
plus the underlying price.","The underlying price plus the call price equals the present value of the exercise 
price plus the put price.","The call price minus the put price equals the present value of the exercise price 
minus the underlying price.",A,"The present value of the exercise price plus the call price equals the put price 
plus the underlying price.","47. A is correct because the put price plus the underlying price equals the call price plus 
the present value of the exercise price. Rearranged, this is as follows: The present 
value of the exercise price plus the call price equals the put price plus the underlying 
price.",,
Vikas Vohra,Derivatives,2,Forward Commitments and Contingent Claims: Features and Instruments,48,"Consider a put option selling for $2 in which the exercise price is $45. What is the 
profit for a put buyer if the price of the underlying at expiration is $41?",–$2,"$2 

Derivatives: Practice Pack 
Faculty: Vikas Vohra                                                                                   Page 9 of 21",$4,B,"$2 

Derivatives: Practice Pack 
Faculty: Vikas Vohra                                                                                   Page 9 of 21","48. B is correct because the put’s value at expiration = pT = Max(0,X – ST), where pT is 
the value of the put at expiration, X is the exercise price, and ST is the price of the 
underlying at expiration. In this case, Max(0,45 – 41) = $4. The put buyer’s profit = 
Π = pT – p0  (where p0 is the price of the put at time 0), or 4 – 2 = $2.",,
Vikas Vohra,Derivatives,2,Forward Commitments and Contingent Claims: Features and Instruments,49,"Based on put-call parity, which of the following is equivalent to a long position in the 
underlying asset?","Long call, long put, and short bond","Long put, short call, and long bond","Long call, short put, and long bond",C,"Long call, short put, and long bond","49. C is correct because the put-call parity relationship implies S0 = c0 – p0 + X/(1 + r)^T 
which implies that a long asset = long call, short put, long bond.",,
Vikas Vohra,Derivatives,2,Forward Commitments and Contingent Claims: Features and Instruments,52,"Which of the following factors affects the option price when using a binomial model? 
The:",risk-free rate.,level of investors' risk aversion.,expected return of the underlying.,A,risk-free rate.,"52. A is correct because the value of the call option today, c0, is computed as the 
expected value of the option at expiration, c1 u and c1 d, discounted at the risk-free 
rate, r. Also, this no-arbitrage derivative value established separately from investor 
views on risk is referred to as risk-neutral pricing.",,
Vikas Vohra,Derivatives,1,Derivative Instrument and Derivative Market Features,53,"An end user seeking to hedge a specific underlying exposure having non-standard size 
and settlement dates would most likely trade on a(n):",futures market.,over-the-counter derivative market.,exchange-traded derivative market.,B,over-the-counter derivative market.,"53. B is correct because the terms of OTC (over -the-counter) contracts can be 
customized to match a desired risk exposure profile. This flexibility is important to 

                                                                                    
 
end users seeking to hedge a specific existing or anticipated underlying exposure 
based upon non-standard terms.",,
Vikas Vohra,Derivatives,5,Pricing and Valuation of Forward Contracts and for an Underlying with Varying Maturities,55,"A forward agreement has the following terms: 
 
At expiration, if the spot price is $282, the value to the seller is:","–$6,000.","$6,000.","$14,000.",B,"$6,000.","55. B is correct because the value at expiration for the seller: 
= F0(T) – ST = $285 – $282 = $3. 
Hence the total value is $3 × 2,000 shares = $6,000.",,
Vikas Vohra,Derivatives,1,Derivative Instrument and Derivative Market Features,56,"A trader sells a call option on a stock index with a strike price of 2,400 for $25. The 
value of a one-point move in the index is $1. At expiration, the stock index is trading 
at 2,450. The trader's profit is:",−$50.,−$25.,$25.,B,−$25.,"56. B is correct because the writer of a call is the seller of the call: An option is a 
derivative contract in which one party, the buyer, pays a sum of money to the other 
party, the seller or writer, and receives the right to either buy or sell an underlying 
asset at a fixed price either on a specific expiration date or at any time prior to the 
expiration date. The profit to the seller of the call is –Max(0,ST – X) + c0, where X 
is the exercise price, ST is the value of the underlying at expiration and c0 is the call 
premium received by the seller. Since one point is equal to one dollar the profit to 
the call seller is: –Max(0,$2,450 – $2,400) + $25 = –$50 + $25 = –$25.",,
Vikas Vohra,Derivatives,1,Derivative Instrument and Derivative Market Features,57,"An investor buys a call for $5.75 that has a strike price of $130. If the value at 
expiration for this call is $17.80, the price of the underlying at expiration is closest 
to:",$112.20.,$142.05,$147.80.,C,$147.80.,"57. C is correct because the value or ""payoff to the call buyer"" at expiration is cT = 
Max(0,ST – X) where X is the strike price, ST is the price of the underlying at 
expiration. Given the information in the stem we get $17.80 = Max(0,ST – $130). 
Hence, ST =$ 130 + $17.80 = $147.80.",,
Vikas Vohra,Derivatives,1,Derivative Instrument and Derivative Market Features,58,"An investor sells a European put option with the following characteristics: 
 
If the price of the underlying at expiration is 1,340, the profit for the seller is:",10.,20.,30.,C,30.,"58. C is correct because to the put seller, the profit is Π = –Max(0,X – ST) + p0, where 
X is the exercise price, ST is the price of the underlying at expiration, and p0 is the 
put price. Therefore, Π = –Max(0,(1,320 – 1,340)) + 30 = 30.",,
Vikas Vohra,Derivatives,1,Derivative Instrument and Derivative Market Features,59,"An analyst gathers the following information about three portfolios each consisting 
of two derivatives on the same underlying: 
 
All else being equal, which portfolio will benefit from an increase in price of the 
underlying?",Portfolio 1,Portfolio 2,Portfolio 3,A,Portfolio 1,"59. A is correct because both a long forward position and a long call option position will 
gain from an increase in the underlying price.",,
Vikas Vohra,Derivatives,5,Pricing and Valuation of Forward Contracts and for an Underlying with Varying Maturities,60,"All else being equal, the cost of carry on a dividend-paying stock is:",lower than the cost of carry on a stock with no dividends.,the same as the cost of carry on a stock with no dividends.,higher than the cost of carry on a stock with no dividends.,A,lower than the cost of carry on a stock with no dividends.,"60. A is correct because the benefit of the dividend reduces the costs associated with 
carrying the stock. The cost of carry is the net of the costs and benefits related to 
owning an underlying asset for a specific period. The cost of carry is the opportunity 
cost plus other costs of ownership less benefits of ownership, and stock dividends or 
bond coupons are examples of cash flow benefits.",,
Vikas Vohra,Derivatives,3,"Derivative Benefits, Risks, and Issuer and Investor Uses",61,"An investor collects the following information about a put option: 
Stock price at initiation $220 
Strike price $210 
Option premium $9 
At expiration, if the price of the stock is $200, the investor's profit from buying 
the put is:",–$19.,–$9.,$1.,C,$1.,"61. C is correct because Π = Max(0,X – ST) – p0 (profit to the put buyer), where ST  is 
the price of the underlying at expiration, X is the strike price and p0 is the option 
premium. Therefore, the Correct calculation yields: $1 = Max(0,$210 – $200) – $9.",,
Vikas Vohra,Derivatives,2,Forward Commitments and Contingent Claims: Features and Instruments,62,"Which of the following interest rate derivatives most likely has the largest convexity 
bias?",Forward rate agreement on a 1-month market reference rate,Forward rate agreement on a 3-month market reference rate,Interest rate futures contract on a 3-month market reference rate,B,Forward rate agreement on a 3-month market reference rate,"62. B is correct because the discounting feature of the FRA, which is not present in the 
futures contract, leads to a convexity bias that is greater for longer discounting 
periods. Since the length of the discounting period depends on the maturity of the 
underlying market reference rate, 3-month market reference rate results in a longer 
discounting period than the 1-month rate.",,
Vikas Vohra,Derivatives,2,Forward Commitments and Contingent Claims: Features and Instruments,63,The upper bound of a call value is the:,underlying's price.,"underlying’s price plus the present value of its exercise price or zero, whichever 
is greater.","underlying’s price minus the present value of its exercise price or zero, whichever 
is greater.",A,underlying's price.,"63. A is correct because the upper no-arbitrage bound of a call price is the underlying's 
spot price.",,
Vikas Vohra,Derivatives,1,Derivative Instrument and Derivative Market Features,64,"Which party in an option contract has the right to sell the underlying stock at the 
exercise price?",The buyer of a call option,The buyer of a put option,The seller of a put option,B,The buyer of a put option,"64. B is correct, because an option is a derivative contract in which one party, the buyer, 
pays a sum of money to the other party, the seller or writer, and receives the right 
to either buy or sell an underlying asset at a fixed price either on a specific expiration 
date or at any time prior to the expiration date. The right to sell is a (another) type 
of option, referred to as a put or put option.",,
Vikas Vohra,Derivatives,5,Pricing and Valuation of Forward Contracts and for an Underlying with Varying Maturities,65,"All else being equal, if the risk-free rate increases immediately after the inception 
of a forward contract, the value of the contract to the forward buyer will:",decrease.,stay the same.,"increase. 
 
Solutions",C,"increase. 
 
Solutions","65. C is correct because, from the example on the Bioman Contract, the higher risk-free 
rate increases the opportunity cost of a cash position and lowers the present value 
of the forward price. The present value of the forward price has decreased, 
increasing the value to the buyer. If 𝑆0 is the spot price of the underlying asset at 
time t, [the equation] shows the forward contract MTM value at time t, 𝑉0 (T), from 
the long forward position's perspective:	𝑉0(T) = 𝑆0 − 𝐹""(T)(1	+	𝑟)–(1	–	3). 
Fixed Income: Practice Pack",,
Vikas Vohra,Derivatives,3,"Derivative Benefits, Risks, and Issuer and Investor Uses",1,"If an issuer is required to retire a specified portion of the bondÕs principal each year, 
the bond most likely:",is callable.,is a step-up note.,has a sinking fund provision.,C,has a sinking fund provision.,"1. C is correct. The value of a European call option is directly related to the time to 
expiration. That is, all else held equal, the value of a European call option is higher 
the longer the time to expiration.",,
Vikas Vohra,Derivatives,1,Derivative Instrument and Derivative Market Features,2,"A five-year semiannual bond has a yield to maturity of 8%. Converted to a quarterly 
periodicity, the yield to maturity is closest to:",1.98%.,3.92%.,7.92%.,C,7.92%.,"2. C is correct because the value of a European put option is directly related to the 
exercise price. Also, The value of a European put option can be either directly or 
inversely related to the time to expiration. The direct effect is more common. Option 
1 and Option 2 have the same exercise price, but Option 2 has a longer time to 
expiration. So, Option 2 is more likely to have a higher value than Option 1. Option 2 
and Option 3 have the same time to expiration, but Option 3 has a higher exercise 
price. So, Option 3 is most likely to have a higher value than Option 2.",,
Vikas Vohra,Derivatives,1,Derivative Instrument and Derivative Market Features,3,The key rate duration best measures a bond's sensitivity to a change in the:,level of the yield-to-maturity.,slope of the yield-to-worst curve.,shape of the benchmark yield curve.,B,slope of the yield-to-worst curve.,"3. B is correct because ""[t]he value of a European put option is directly related to the 
exercise price.""",,
Vikas Vohra,Derivatives,1,Derivative Instrument and Derivative Market Features,4,"A bond priced at 99.4 has a modified duration of 6.9 and an annual convexity statistic 
of –212. If the market yield increases by 75 basis points, the price of this bond is 
closest to:",93.7.,94.3.,94.9.,A,93.7.,"4. A is correct because –𝑐! = –Max(0,𝑆! – X) (payoff to the call seller), where –𝑐! is the 
call value at expiration for the call seller, 𝑆! is the price of the underlying at 
expiration, and X is the strike price. Therefore, the Correct calculation yields: –$5 = 
–Max(0,$30 – $25).",,
Vikas Vohra,Derivatives,7,Pricing and Valuation of Interest Rates and Other Swaps,5,"If interest rates rise over the holding period, the total return of a coupon bond held 
until maturity is most likely to be:",less than the yield to maturity at purchase.,equal to the yield to maturity at purchase.,greater than the yield to maturity at purchase.,A,less than the yield to maturity at purchase.,"5. A is correct because 𝑆"" + 𝑃"" = 𝐶"" + X / (1+r)^T. This relationship is known as put-call 
parity. Here 𝑆"" is the spot price, 𝑃"" is the put premium, X is the strike price and r is 
the interest rate. 
𝑆"" + 𝑃"" = 𝐶"" + X / (1+r)^T 
40 + p0 = 10 + 60 / 1.03^1 
p0 = 10 + 60 / 1.03 - 40 
= 28.25242718 = 28.25",,
